order_id,customer_id,product_id,order_date,quantity,discount_pct,sales,profit,payment_mode,order_status,region,city
ORD000001,CUST0111,PROD0021,2024-04-07,1,10,3350.89,511.66,Cash on Delivery,Cancelled,Rajasthan,Jaipur
ORD000002,CUST0245,PROD0025,2025-04-18,1,0,25679.41,5191.5,Cash on Delivery,Delivered,Kerala,Kochi
ORD000003,CUST0308,PROD0013,2023-03-17,1,0,18263.18,3539.52,Net Banking,Delivered,Uttar Pradesh,Lucknow
ORD000004,CUST0022,PROD0028,2025-01-24,1,5,7393.11,597.03,Credit Card,Delivered,Tamil Nadu,Coimbatore
ORD000005,CUST0271,PROD0028,2023-02-27,2,0,15564.44,1972.28,UPI,Delivered,Maharashtra,Mumbai
ORD000006,CUST0461,PROD0014,2024-06-09,1,10,8487.69,145.99,Cash on Delivery,Delivered,Delhi,Delhi
ORD000007,CUST0328,PROD0006,2025-06-02,2,0,23570.74,2596.06,Cash on Delivery,Delivered,Tamil Nadu,Coimbatore
ORD000008,CUST0487,PROD0012,2024-01-27,1,0,25181.42,4858.95,Credit Card,Delivered,Karnataka,Bangalore
ORD000009,CUST0468,PROD0019,2023-12-14,2,0,33468.38,4445.82,UPI,Delivered,Rajasthan,Jaipur
ORD000010,CUST0352,PROD0014,2024-10-29,1,5,8959.23,617.53,Net Banking,Delivered,Tamil Nadu,Chennai
ORD000011,CUST0451,PROD0030,2025-02-14,1,0,9467.22,872.58,Debit Card,Cancelled,Bihar,Patna
ORD000012,CUST0265,PROD0027,2023-09-08,1,20,24304.17,1066.43,Net Banking,Delivered,Maharashtra,Mumbai
ORD000013,CUST0569,PROD0001,2023-02-08,1,20,18478.5,889.28,Cash on Delivery,Delivered,West Bengal,Kolkata
ORD000014,CUST0201,PROD0030,2023-03-08,1,5,8993.86,399.22,Net Banking,Returned,Chandigarh,Chandigarh
ORD000015,CUST0076,PROD0028,2023-10-14,1,5,7393.11,597.03,Credit Card,Delivered,Gujarat,Surat
ORD000016,CUST0555,PROD0026,2025-06-08,3,10,48165.27,-197.94,Debit Card,Returned,Uttar Pradesh,Kanpur
ORD000017,CUST0386,PROD0032,2025-06-23,1,15,9757.16,-352.33,Net Banking,Delivered,Maharashtra,Pune
ORD000018,CUST0310,PROD0004,2023-04-02,2,5,24999.84,2257.56,Debit Card,Delivered,Telangana,Hyderabad
ORD000019,CUST0549,PROD0021,2024-11-14,2,0,7446.42,1767.96,UPI,Delivered,Uttar Pradesh,Kanpur
ORD000020,CUST0168,PROD0016,2024-05-15,1,0,24752.87,5958.31,Credit Card,Cancelled,Madhya Pradesh,Indore
ORD000021,CUST0041,PROD0006,2023-06-28,4,0,47141.48,5192.12,Credit Card,Returned,West Bengal,Kolkata
ORD000022,CUST0355,PROD0021,2024-05-10,1,0,3723.21,883.98,Credit Card,Delivered,Kerala,Kochi
ORD000023,CUST0086,PROD0004,2023-08-23,2,15,22368.28,-374.0,UPI,Returned,West Bengal,Kolkata
ORD000024,CUST0467,PROD0007,2024-08-12,1,15,11576.08,820.99,Net Banking,Delivered,Gujarat,Ahmedabad
ORD000025,CUST0388,PROD0027,2023-06-18,2,15,51646.36,5170.88,Cash on Delivery,Delivered,West Bengal,Kolkata
ORD000026,CUST0168,PROD0006,2024-12-06,2,30,16499.52,-4475.16,Debit Card,Delivered,Madhya Pradesh,Indore
ORD000027,CUST0555,PROD0030,2024-01-27,1,0,9467.22,872.58,Debit Card,Delivered,Uttar Pradesh,Kanpur
ORD000028,CUST0592,PROD0021,2023-04-10,2,5,7074.1,1395.64,Cash on Delivery,Delivered,Bihar,Patna
ORD000029,CUST0439,PROD0027,2024-08-24,1,5,28861.2,5623.46,UPI,Delivered,Madhya Pradesh,Bhopal
ORD000030,CUST0485,PROD0015,2023-12-04,1,0,11317.12,2380.21,UPI,Returned,Assam,Guwahati
ORD000031,CUST0102,PROD0034,2024-03-08,2,5,40973.92,3592.16,Cash on Delivery,Delivered,Telangana,Hyderabad
ORD000032,CUST0212,PROD0023,2024-09-18,2,15,31904.46,3071.68,Net Banking,Delivered,Gujarat,Surat
ORD000033,CUST0527,PROD0029,2025-04-11,4,5,78788.17,8339.93,Debit Card,Delivered,Bihar,Patna
ORD000034,CUST0308,PROD0024,2023-06-07,2,5,53999.42,11695.2,Net Banking,Delivered,Uttar Pradesh,Lucknow
ORD000035,CUST0117,PROD0010,2023-06-19,1,20,18709.38,-2110.15,UPI,Delivered,Madhya Pradesh,Bhopal
ORD000036,CUST0325,PROD0017,2024-01-14,1,0,24249.54,6181.18,Net Banking,Delivered,Tamil Nadu,Chennai
ORD000037,CUST0392,PROD0017,2023-11-14,5,5,115185.32,24843.52,Credit Card,Cancelled,Tamil Nadu,Chennai
ORD000038,CUST0267,PROD0031,2023-05-30,1,20,21619.48,-146.61,Net Banking,Delivered,Madhya Pradesh,Indore
ORD000039,CUST0476,PROD0001,2025-07-29,2,10,41576.63,6398.19,Debit Card,Delivered,Gujarat,Surat
ORD000040,CUST0424,PROD0013,2024-02-22,1,0,18263.18,3539.52,Net Banking,Returned,Uttar Pradesh,Kanpur
ORD000041,CUST0360,PROD0006,2023-11-28,1,10,10606.83,119.49,Cash on Delivery,Returned,Uttar Pradesh,Lucknow
ORD000042,CUST0121,PROD0016,2023-10-24,3,0,74258.61,17874.93,Credit Card,Cancelled,Bihar,Patna
ORD000043,CUST0090,PROD0017,2025-07-22,4,0,96998.16,24724.72,Net Banking,Returned,Maharashtra,Pune
ORD000044,CUST0532,PROD0005,2023-11-02,1,10,9361.43,788.98,Debit Card,Delivered,Maharashtra,Nagpur
ORD000045,CUST0388,PROD0015,2023-12-17,2,10,20370.82,2497.0,Credit Card,Delivered,West Bengal,Kolkata
ORD000046,CUST0465,PROD0017,2024-12-20,2,15,41224.22,5087.5,Cash on Delivery,Returned,Bihar,Patna
ORD000047,CUST0150,PROD0012,2024-02-10,1,10,22663.28,2340.81,Debit Card,Cancelled,Bihar,Patna
ORD000048,CUST0071,PROD0028,2024-11-14,1,0,7782.22,986.14,Debit Card,Delivered,Tamil Nadu,Chennai
ORD000049,CUST0249,PROD0018,2024-07-27,4,5,68027.79,7747.03,Credit Card,Delivered,Rajasthan,Jaipur
ORD000050,CUST0169,PROD0031,2024-06-14,1,0,27024.35,5258.26,Cash on Delivery,Delivered,Telangana,Hyderabad
ORD000051,CUST0242,PROD0033,2023-07-21,2,15,29910.63,-1858.01,UPI,Cancelled,Kerala,Kochi
ORD000052,CUST0249,PROD0008,2024-12-22,2,20,17211.49,-1691.27,Credit Card,Cancelled,Rajasthan,Jaipur
ORD000053,CUST0208,PROD0030,2025-05-22,2,0,18934.44,1745.16,Cash on Delivery,Delivered,Uttar Pradesh,Lucknow
ORD000054,CUST0099,PROD0021,2023-08-28,3,0,11169.63,2651.94,UPI,Delivered,Assam,Guwahati
ORD000055,CUST0130,PROD0019,2025-06-24,1,10,15060.77,549.49,Net Banking,Delivered,Chandigarh,Chandigarh
ORD000056,CUST0398,PROD0014,2024-02-26,2,15,16032.31,-651.09,Credit Card,Delivered,Madhya Pradesh,Bhopal
ORD000057,CUST0014,PROD0032,2024-01-10,1,0,11479.01,1369.52,Credit Card,Delivered,West Bengal,Kolkata
ORD000058,CUST0531,PROD0011,2024-11-15,1,20,2620.41,70.78,Net Banking,Delivered,Kerala,Kochi
ORD000059,CUST0549,PROD0005,2025-07-14,2,15,17682.7,537.8,Cash on Delivery,Cancelled,Uttar Pradesh,Kanpur
ORD000060,CUST0202,PROD0016,2024-07-15,1,0,24752.87,5958.31,Cash on Delivery,Delivered,Assam,Guwahati
ORD000061,CUST0091,PROD0026,2024-05-02,1,0,17838.99,1717.92,Net Banking,Returned,Uttar Pradesh,Lucknow
ORD000062,CUST0569,PROD0003,2025-07-24,3,5,59394.4,5205.79,Cash on Delivery,Delivered,West Bengal,Kolkata
ORD000063,CUST0584,PROD0001,2023-10-12,3,0,69294.39,16526.73,Debit Card,Delivered,Telangana,Hyderabad
ORD000064,CUST0244,PROD0015,2023-10-10,1,5,10751.26,1814.35,UPI,Delivered,Chandigarh,Chandigarh
ORD000065,CUST0514,PROD0034,2023-07-29,4,0,86260.88,11497.36,Debit Card,Delivered,Delhi,Delhi
ORD000066,CUST0303,PROD0034,2025-03-17,4,5,81947.84,7184.32,Cash on Delivery,Delivered,Gujarat,Surat
ORD000067,CUST0110,PROD0005,2023-01-21,1,0,10401.59,1829.14,Debit Card,Delivered,Gujarat,Ahmedabad
ORD000068,CUST0190,PROD0033,2025-02-13,1,0,17594.49,1710.17,Unknown,Delivered,Maharashtra,Pune
ORD000069,CUST0307,PROD0027,2024-10-11,2,0,60760.42,14284.94,Net Banking,Delivered,Uttar Pradesh,Kanpur
ORD000070,CUST0571,PROD0027,2023-09-17,2,0,60760.42,14284.94,Net Banking,Returned,Gujarat,Ahmedabad
ORD000071,CUST0033,PROD0024,2024-06-05,1,0,28420.75,7268.64,UPI,Delivered,Tamil Nadu,Chennai
ORD000072,CUST0083,PROD0034,2024-06-08,1,15,18330.44,-360.44,Cash on Delivery,Cancelled,Chandigarh,Chandigarh
ORD000073,CUST0175,PROD0021,2025-05-22,1,0,3723.21,883.98,Credit Card,Delivered,West Bengal,Kolkata
ORD000074,CUST0473,PROD0018,2023-05-26,1,0,17902.05,2831.86,Cash on Delivery,Delivered,Madhya Pradesh,Bhopal
ORD000075,CUST0368,PROD0005,2023-02-05,1,0,10401.59,1829.14,Cash on Delivery,Delivered,Telangana,Hyderabad
ORD000076,CUST0022,PROD0030,2023-12-02,1,10,8520.5,-74.14,Credit Card,Cancelled,Tamil Nadu,Coimbatore
ORD000077,CUST0581,PROD0016,2023-05-11,2,0,49505.74,11916.62,Cash on Delivery,Delivered,Madhya Pradesh,Indore
ORD000078,CUST0301,PROD0025,2023-12-12,1,5,24395.44,3907.53,UPI,Delivered,West Bengal,Kolkata
ORD000079,CUST0138,PROD0013,2024-07-02,1,0,18263.18,3539.52,Cash on Delivery,Cancelled,Uttar Pradesh,Lucknow
ORD000080,CUST0342,PROD0029,2023-08-08,1,30,14513.61,-3098.45,UPI,Cancelled,Bihar,Patna
ORD000081,CUST0372,PROD0019,2025-02-03,1,5,15897.48,1386.2,Net Banking,Returned,Bihar,Patna
ORD000082,CUST0264,PROD0028,2023-03-28,5,0,38911.1,4930.7,Debit Card,Delivered,Assam,Guwahati
ORD000083,CUST0390,PROD0033,2024-01-12,2,0,35188.98,3420.34,Unknown,Returned,Gujarat,Ahmedabad
ORD000084,CUST0342,PROD0022,2025-05-14,2,10,21568.09,3000.31,Credit Card,Delivered,Bihar,Patna
ORD000085,CUST0302,PROD0035,2024-11-22,1,5,11915.89,1333.05,Credit Card,Returned,Maharashtra,Pune
ORD000086,CUST0487,PROD0018,2024-11-12,3,10,48335.54,3124.97,Net Banking,Returned,Karnataka,Bangalore
ORD000087,CUST0098,PROD0014,2025-01-16,2,15,16032.31,-651.09,Net Banking,Delivered,West Bengal,Kolkata
ORD000088,CUST0295,PROD0020,2023-06-12,1,0,19040.21,2570.31,UPI,Delivered,Tamil Nadu,Chennai
ORD000089,CUST0029,PROD0027,2025-02-16,1,0,30380.21,7142.47,Cash on Delivery,Delivered,Uttar Pradesh,Kanpur
ORD000090,CUST0220,PROD0024,2024-10-11,1,0,28420.75,7268.64,Credit Card,Returned,Uttar Pradesh,Lucknow
ORD000091,CUST0012,PROD0016,2024-06-26,1,20,19802.3,1007.74,Debit Card,Delivered,Tamil Nadu,Chennai
ORD000092,CUST0205,PROD0026,2025-05-05,1,15,15163.14,-957.93,Net Banking,Delivered,Kerala,Kochi
ORD000093,CUST0015,PROD0022,2024-07-14,2,20,19171.63,603.85,Debit Card,Delivered,Uttar Pradesh,Lucknow
ORD000094,CUST0244,PROD0019,2023-10-10,5,5,79487.4,6931.0,Debit Card,Delivered,Chandigarh,Chandigarh
ORD000095,CUST0446,PROD0017,2024-11-19,4,5,92148.25,19874.81,Net Banking,Delivered,Chandigarh,Chandigarh
ORD000096,CUST0476,PROD0019,2024-06-26,1,10,15060.77,549.49,Cash on Delivery,Delivered,Gujarat,Surat
ORD000097,CUST0088,PROD0030,2023-03-15,1,0,9467.22,872.58,Debit Card,Delivered,Uttar Pradesh,Kanpur
ORD000098,CUST0388,PROD0023,2023-02-22,1,10,16890.6,2474.21,Credit Card,Delivered,West Bengal,Kolkata
ORD000099,CUST0260,PROD0002,2024-12-27,2,0,42192.38,9541.82,Debit Card,Delivered,Madhya Pradesh,Indore
ORD000100,CUST0308,PROD0014,2023-11-24,2,5,17918.46,1235.06,UPI,Returned,Uttar Pradesh,Lucknow
ORD000101,CUST0417,PROD0008,2025-02-08,1,10,9681.46,230.08,Cash on Delivery,Delivered,Kerala,Kochi
ORD000102,CUST0190,PROD0025,2024-01-28,3,10,69334.41,7870.68,Credit Card,Delivered,Maharashtra,Pune
ORD000103,CUST0093,PROD0001,2025-03-28,3,10,62364.95,9597.29,UPI,Delivered,Maharashtra,Pune
ORD000104,CUST0162,PROD0011,2025-03-30,1,0,3275.51,725.88,Debit Card,Returned,Delhi,Delhi
ORD000105,CUST0047,PROD0023,2023-08-02,1,20,15013.86,597.47,Cash on Delivery,Delivered,Kerala,Kochi
ORD000106,CUST0213,PROD0033,2024-09-06,1,5,16714.77,830.45,Debit Card,Delivered,West Bengal,Kolkata
ORD000107,CUST0316,PROD0014,2024-07-21,1,0,9430.77,1089.07,Cash on Delivery,Delivered,Kerala,Kochi
ORD000108,CUST0366,PROD0022,2023-01-11,1,0,11982.27,2698.38,Credit Card,Delivered,Assam,Guwahati
ORD000109,CUST0448,PROD0019,2025-01-02,5,0,83670.95,11114.55,Net Banking,Delivered,Gujarat,Surat
ORD000110,CUST0182,PROD0014,2023-12-27,1,20,7544.62,-797.08,Debit Card,Delivered,Maharashtra,Mumbai
ORD000111,CUST0124,PROD0005,2023-10-15,2,10,18722.86,1577.96,Cash on Delivery,Delivered,Gujarat,Surat
ORD000112,CUST0459,PROD0015,2023-02-08,1,20,9053.7,116.79,Credit Card,Delivered,Maharashtra,Nagpur
ORD000113,CUST0531,PROD0028,2024-05-23,1,20,6225.78,-570.3,Credit Card,Delivered,Kerala,Kochi
ORD000114,CUST0031,PROD0033,2023-05-21,3,5,50144.3,2491.34,Debit Card,Delivered,Rajasthan,Jaipur
ORD000115,CUST0201,PROD0030,2024-04-18,2,10,17041.0,-148.28,Cash on Delivery,Cancelled,Chandigarh,Chandigarh
ORD000116,CUST0314,PROD0033,2023-07-27,1,0,17594.49,1710.17,Credit Card,Delivered,Chandigarh,Chandigarh
ORD000117,CUST0590,PROD0019,2023-02-17,2,5,31794.96,2772.4,Credit Card,Delivered,Madhya Pradesh,Indore
ORD000118,CUST0437,PROD0031,2024-11-20,2,0,54048.7,10516.52,UPI,Delivered,Gujarat,Surat
ORD000119,CUST0385,PROD0017,2024-01-06,1,5,23037.06,4968.7,Cash on Delivery,Delivered,Bihar,Patna
ORD000120,CUST0035,PROD0033,2024-02-24,1,20,14075.59,-1808.73,Debit Card,Delivered,Maharashtra,Nagpur
ORD000121,CUST0427,PROD0017,2024-07-14,1,10,21824.59,3756.23,Cash on Delivery,Delivered,Kerala,Kochi
ORD000122,CUST0185,PROD0016,2024-04-20,1,5,23515.23,4720.67,UPI,Cancelled,Maharashtra,Pune
ORD000123,CUST0035,PROD0001,2023-07-29,1,0,23098.13,5508.91,Net Banking,Delivered,Maharashtra,Nagpur
ORD000124,CUST0449,PROD0010,2023-09-30,1,5,22217.39,1397.86,Cash on Delivery,Delivered,Assam,Guwahati
ORD000125,CUST0088,PROD0030,2024-01-07,2,0,18934.44,1745.16,Net Banking,Delivered,Uttar Pradesh,Kanpur
ORD000126,CUST0369,PROD0003,2023-05-05,1,20,16672.11,-1390.76,Cash on Delivery,Delivered,Madhya Pradesh,Indore
ORD000127,CUST0161,PROD0024,2023-03-19,1,0,28420.75,7268.64,Credit Card,Delivered,Rajasthan,Jaipur
ORD000128,CUST0172,PROD0001,2024-06-22,1,20,18478.5,889.28,UPI,Delivered,Gujarat,Ahmedabad
ORD000129,CUST0473,PROD0021,2023-02-16,1,10,3350.89,511.66,Debit Card,Cancelled,Madhya Pradesh,Bhopal
ORD000130,CUST0423,PROD0008,2024-01-12,1,0,10757.18,1305.8,UPI,Cancelled,Delhi,Delhi
ORD000131,CUST0447,PROD0033,2023-03-22,1,0,17594.49,1710.17,Credit Card,Cancelled,Maharashtra,Mumbai
ORD000132,CUST0087,PROD0028,2024-04-17,1,10,7004.0,207.92,Debit Card,Cancelled,Maharashtra,Nagpur
ORD000133,CUST0229,PROD0018,2024-12-29,3,5,51020.84,5810.27,UPI,Delivered,Maharashtra,Pune
ORD000134,CUST0083,PROD0016,2023-05-03,1,10,22277.58,3483.02,Debit Card,Cancelled,Chandigarh,Chandigarh
ORD000135,CUST0543,PROD0016,2023-05-08,2,15,42079.88,4490.76,Cash on Delivery,Delivered,Gujarat,Surat
ORD000136,CUST0087,PROD0012,2024-06-10,2,5,47844.7,7199.76,Cash on Delivery,Returned,Maharashtra,Nagpur
ORD000137,CUST0489,PROD0008,2024-04-04,1,30,7530.03,-1921.35,Credit Card,Delivered,Maharashtra,Pune
ORD000138,CUST0266,PROD0010,2024-09-06,3,10,63144.17,685.58,Net Banking,Delivered,Gujarat,Surat
ORD000139,CUST0538,PROD0014,2023-07-04,1,0,9430.77,1089.07,Net Banking,Delivered,Tamil Nadu,Coimbatore
ORD000140,CUST0426,PROD0008,2024-08-03,1,0,10757.18,1305.8,Credit Card,Cancelled,Delhi,Delhi
ORD000141,CUST0078,PROD0014,2024-11-23,1,10,8487.69,145.99,Debit Card,Returned,Karnataka,Bangalore
ORD000142,CUST0047,PROD0015,2023-08-20,5,0,56585.6,11901.05,Cash on Delivery,Delivered,Kerala,Kochi
ORD000143,CUST0285,PROD0032,2023-03-09,2,0,22958.02,2739.04,UPI,Delivered,Kerala,Kochi
ORD000144,CUST0012,PROD0035,2025-01-01,1,0,12543.04,1960.2,UPI,Delivered,Tamil Nadu,Chennai
ORD000145,CUST0550,PROD0001,2023-11-01,1,0,23098.13,5508.91,Net Banking,Cancelled,Kerala,Kochi
ORD000146,CUST0326,PROD0002,2025-05-20,1,20,16876.95,551.67,Debit Card,Delivered,Uttar Pradesh,Kanpur
ORD000147,CUST0102,PROD0019,2023-03-26,4,10,60243.08,2197.96,Credit Card,Delivered,Telangana,Hyderabad
ORD000148,CUST0310,PROD0025,2024-09-24,1,5,24395.44,3907.53,Debit Card,Delivered,Telangana,Hyderabad
ORD000149,CUST0045,PROD0030,2024-02-03,1,0,9467.22,872.58,Cash on Delivery,Delivered,Bihar,Patna
ORD000150,CUST0109,PROD0032,2023-11-25,1,0,11479.01,1369.52,Debit Card,Cancelled,West Bengal,Kolkata
ORD000151,CUST0384,PROD0008,2023-10-30,1,0,10757.18,1305.8,Net Banking,Cancelled,Gujarat,Surat
ORD000152,CUST0136,PROD0003,2024-07-13,1,0,20840.14,2777.27,Net Banking,Delivered,Karnataka,Bangalore
ORD000153,CUST0237,PROD0011,2023-01-23,1,0,3275.51,725.88,Net Banking,Delivered,Maharashtra,Pune
ORD000154,CUST0402,PROD0027,2023-10-15,1,5,28861.2,5623.46,Cash on Delivery,Cancelled,Karnataka,Bangalore
ORD000155,CUST0295,PROD0018,2025-07-19,1,5,17006.95,1936.76,Net Banking,Delivered,Tamil Nadu,Chennai
ORD000156,CUST0589,PROD0021,2024-08-03,1,15,3164.73,325.5,Cash on Delivery,Delivered,Madhya Pradesh,Bhopal
ORD000157,CUST0046,PROD0014,2025-07-21,2,0,18861.54,2178.14,Net Banking,Delivered,Gujarat,Ahmedabad
ORD000158,CUST0487,PROD0013,2024-02-21,1,30,12784.23,-1939.43,Debit Card,Cancelled,Karnataka,Bangalore
ORD000159,CUST0507,PROD0029,2023-05-18,2,0,41467.46,6243.34,Net Banking,Cancelled,Delhi,Delhi
ORD000160,CUST0533,PROD0021,2023-02-12,1,0,3723.21,883.98,Debit Card,Delivered,Kerala,Kochi
ORD000161,CUST0116,PROD0005,2025-02-09,3,5,29644.53,3927.18,Cash on Delivery,Delivered,Maharashtra,Pune
ORD000162,CUST0198,PROD0005,2023-07-08,3,0,31204.77,5487.42,Debit Card,Cancelled,Rajasthan,Jaipur
ORD000163,CUST0438,PROD0025,2023-12-19,1,30,17975.59,-2512.32,Debit Card,Returned,Rajasthan,Jaipur
ORD000164,CUST0261,PROD0025,2024-12-14,2,5,48790.88,7815.06,Cash on Delivery,Cancelled,Madhya Pradesh,Indore
ORD000165,CUST0545,PROD0006,2025-03-14,1,5,11196.1,708.76,UPI,Delivered,Delhi,Delhi
ORD000166,CUST0522,PROD0019,2023-04-16,1,10,15060.77,549.49,Cash on Delivery,Delivered,Rajasthan,Jaipur
ORD000167,CUST0132,PROD0032,2023-02-21,1,20,9183.21,-926.28,UPI,Returned,Karnataka,Bangalore
ORD000168,CUST0380,PROD0022,2025-06-12,2,0,23964.54,5396.76,Cash on Delivery,Returned,Kerala,Kochi
ORD000169,CUST0247,PROD0031,2025-05-22,2,10,48643.83,5111.65,Net Banking,Cancelled,Madhya Pradesh,Bhopal
ORD000170,CUST0458,PROD0001,2025-03-29,1,10,20788.32,3199.1,Net Banking,Cancelled,Madhya Pradesh,Bhopal
ORD000171,CUST0276,PROD0006,2025-02-11,1,10,10606.83,119.49,Cash on Delivery,Delivered,Maharashtra,Mumbai
ORD000172,CUST0057,PROD0023,2023-01-13,4,0,75069.32,17403.76,Net Banking,Delivered,Bihar,Patna
ORD000173,CUST0215,PROD0002,2024-10-15,1,0,21096.19,4770.91,Credit Card,Returned,Tamil Nadu,Chennai
ORD000174,CUST0588,PROD0032,2023-04-15,1,15,9757.16,-352.33,UPI,Delivered,Maharashtra,Mumbai
ORD000175,CUST0237,PROD0020,2024-02-28,2,5,36176.4,3236.6,Debit Card,Cancelled,Maharashtra,Pune
ORD000176,CUST0059,PROD0008,2023-01-22,5,5,51096.6,3839.7,Debit Card,Delivered,Maharashtra,Mumbai
ORD000177,CUST0221,PROD0009,2023-07-16,4,5,97972.59,5627.87,Debit Card,Cancelled,Bihar,Patna
ORD000178,CUST0119,PROD0003,2024-05-21,1,10,18756.13,693.26,Debit Card,Returned,Tamil Nadu,Chennai
ORD000179,CUST0440,PROD0027,2023-07-11,2,0,60760.42,14284.94,Debit Card,Delivered,Maharashtra,Pune
ORD000180,CUST0148,PROD0027,2024-05-07,2,0,60760.42,14284.94,Debit Card,Delivered,Karnataka,Bangalore
ORD000181,CUST0321,PROD0012,2023-09-01,2,10,45326.56,4681.62,Debit Card,Delivered,Bihar,Patna
ORD000182,CUST0075,PROD0001,2024-03-31,1,5,21943.22,4354.0,Debit Card,Returned,Uttar Pradesh,Kanpur
ORD000183,CUST0165,PROD0005,2024-11-18,1,5,9881.51,1309.06,Net Banking,Cancelled,Gujarat,Ahmedabad
ORD000184,CUST0166,PROD0031,2023-05-14,3,0,81073.05,15774.78,Credit Card,Delivered,Rajasthan,Jaipur
ORD000185,CUST0004,PROD0010,2024-10-20,1,0,23386.73,2567.2,UPI,Returned,Kerala,Kochi
ORD000186,CUST0463,PROD0005,2023-01-18,1,5,9881.51,1309.06,Net Banking,Delivered,Telangana,Hyderabad
ORD000187,CUST0462,PROD0005,2024-07-03,1,15,8841.35,268.9,Cash on Delivery,Delivered,Assam,Guwahati
ORD000188,CUST0214,PROD0033,2024-09-17,2,0,35188.98,3420.34,Cash on Delivery,Cancelled,Maharashtra,Nagpur
ORD000189,CUST0517,PROD0034,2023-02-10,1,0,21565.22,2874.34,Credit Card,Cancelled,Karnataka,Bangalore
ORD000190,CUST0059,PROD0007,2023-06-10,2,0,27237.84,5727.66,Debit Card,Delivered,Maharashtra,Mumbai
ORD000191,CUST0113,PROD0032,2023-09-25,2,0,22958.02,2739.04,UPI,Delivered,Kerala,Kochi
ORD000192,CUST0222,PROD0025,2025-01-13,5,30,89877.94,-12561.61,Net Banking,Delivered,Chandigarh,Chandigarh
ORD000193,CUST0065,PROD0033,2024-08-05,2,20,28151.18,-3617.46,Net Banking,Delivered,Rajasthan,Jaipur
ORD000194,CUST0427,PROD0004,2023-02-20,2,15,22368.28,-374.0,Debit Card,Delivered,Kerala,Kochi
ORD000195,CUST0002,PROD0010,2024-09-08,1,0,23386.73,2567.2,Cash on Delivery,Delivered,Rajasthan,Jaipur
ORD000196,CUST0018,PROD0015,2023-01-08,1,10,10185.41,1248.5,Credit Card,Delivered,Delhi,Delhi
ORD000197,CUST0593,PROD0016,2024-01-02,1,15,21039.94,2245.38,Net Banking,Delivered,Karnataka,Bangalore
ORD000198,CUST0543,PROD0005,2023-09-13,2,0,20803.18,3658.28,Debit Card,Returned,Gujarat,Surat
ORD000199,CUST0146,PROD0005,2025-03-13,3,0,31204.77,5487.42,Cash on Delivery,Cancelled,West Bengal,Kolkata
ORD000200,CUST0251,PROD0014,2024-09-13,1,30,6601.54,-1740.16,Net Banking,Delivered,Maharashtra,Pune
ORD000201,CUST0074,PROD0001,2025-03-25,5,5,109716.12,21770.02,Credit Card,Delivered,Maharashtra,Mumbai
ORD000202,CUST0562,PROD0031,2023-01-18,3,5,77019.4,11721.13,UPI,Delivered,Bihar,Patna
ORD000203,CUST0546,PROD0032,2025-03-28,1,10,10331.11,221.62,Debit Card,Returned,Madhya Pradesh,Bhopal
ORD000204,CUST0584,PROD0028,2024-09-03,2,0,15564.44,1972.28,Debit Card,Delivered,Telangana,Hyderabad
ORD000205,CUST0488,PROD0005,2023-08-06,2,15,17682.7,537.8,Cash on Delivery,Delivered,Maharashtra,Nagpur
ORD000206,CUST0228,PROD0017,2023-12-25,3,20,58198.9,3993.82,Cash on Delivery,Delivered,Gujarat,Ahmedabad
ORD000207,CUST0508,PROD0007,2025-07-08,1,5,12937.97,2182.88,Credit Card,Delivered,Madhya Pradesh,Bhopal
ORD000208,CUST0406,PROD0012,2023-04-04,5,5,119611.74,17999.39,UPI,Delivered,Tamil Nadu,Chennai
ORD000209,CUST0582,PROD0002,2023-10-25,1,0,21096.19,4770.91,Debit Card,Delivered,Karnataka,Bangalore
ORD000210,CUST0498,PROD0010,2025-03-27,1,10,21048.06,228.53,Debit Card,Delivered,Madhya Pradesh,Indore
ORD000211,CUST0163,PROD0021,2024-05-15,2,10,6701.78,1023.32,UPI,Delivered,Madhya Pradesh,Indore
ORD000212,CUST0016,PROD0021,2023-06-25,1,0,3723.21,883.98,Cash on Delivery,Returned,Maharashtra,Nagpur
ORD000213,CUST0209,PROD0011,2024-04-16,4,20,10481.63,283.11,UPI,Delivered,Telangana,Hyderabad
ORD000214,CUST0183,PROD0024,2024-03-07,2,20,45473.2,3168.98,Cash on Delivery,Delivered,Uttar Pradesh,Lucknow
ORD000215,CUST0321,PROD0026,2025-05-22,1,30,12487.29,-3633.78,Credit Card,Delivered,Bihar,Patna
ORD000216,CUST0138,PROD0018,2023-01-21,1,30,12531.44,-2538.75,Net Banking,Delivered,Uttar Pradesh,Lucknow
ORD000217,CUST0271,PROD0033,2023-08-22,2,20,28151.18,-3617.46,Credit Card,Cancelled,Maharashtra,Mumbai
ORD000218,CUST0439,PROD0032,2024-05-13,2,10,20662.22,443.24,UPI,Cancelled,Madhya Pradesh,Bhopal
ORD000219,CUST0257,PROD0011,2023-11-11,1,5,3111.73,562.1,UPI,Delivered,Gujarat,Ahmedabad
ORD000220,CUST0582,PROD0027,2024-01-06,4,0,121520.84,28569.88,Cash on Delivery,Cancelled,Karnataka,Bangalore
ORD000221,CUST0470,PROD0033,2023-05-28,1,5,16714.77,830.45,Unknown,Delivered,Uttar Pradesh,Lucknow
ORD000222,CUST0074,PROD0017,2023-11-23,3,5,69111.19,14906.11,Credit Card,Returned,Maharashtra,Mumbai
ORD000223,CUST0345,PROD0005,2023-11-28,2,5,19763.02,2618.12,Net Banking,Cancelled,Kerala,Kochi
ORD000224,CUST0040,PROD0006,2024-08-11,3,5,33588.3,2126.28,Net Banking,Cancelled,Maharashtra,Nagpur
ORD000225,CUST0131,PROD0002,2023-08-11,1,0,21096.19,4770.91,Debit Card,Delivered,Tamil Nadu,Chennai
ORD000226,CUST0125,PROD0019,2025-07-10,2,0,33468.38,4445.82,Credit Card,Delivered,Delhi,Delhi
ORD000227,CUST0092,PROD0031,2024-04-17,2,0,54048.7,10516.52,UPI,Delivered,Kerala,Kochi
ORD000228,CUST0381,PROD0033,2025-02-03,1,0,17594.49,1710.17,Net Banking,Delivered,Maharashtra,Mumbai
ORD000229,CUST0551,PROD0014,2024-08-12,1,5,8959.23,617.53,Net Banking,Delivered,Gujarat,Ahmedabad
ORD000230,CUST0206,PROD0013,2025-04-07,1,20,14610.54,-113.12,Unknown,Delivered,West Bengal,Kolkata
ORD000231,CUST0110,PROD0006,2025-04-18,1,10,10606.83,119.49,Cash on Delivery,Returned,Gujarat,Ahmedabad
ORD000232,CUST0180,PROD0006,2025-02-06,1,20,9428.3,-1059.04,Credit Card,Delivered,Maharashtra,Pune
ORD000233,CUST0240,PROD0020,2023-01-28,5,0,95201.05,12851.55,Credit Card,Delivered,Telangana,Hyderabad
ORD000234,CUST0423,PROD0019,2024-06-06,3,15,42672.18,-861.66,Net Banking,Delivered,Delhi,Delhi
ORD000235,CUST0541,PROD0012,2023-09-21,2,5,47844.7,7199.76,Net Banking,Cancelled,Karnataka,Bangalore
ORD000236,CUST0034,PROD0010,2023-05-23,3,0,70160.19,7701.6,Credit Card,Delivered,Maharashtra,Pune
ORD000237,CUST0135,PROD0021,2025-04-25,1,20,2978.57,139.34,UPI,Returned,Tamil Nadu,Coimbatore
ORD000238,CUST0029,PROD0001,2024-09-10,1,10,20788.32,3199.1,UPI,Cancelled,Uttar Pradesh,Kanpur
ORD000239,CUST0517,PROD0023,2023-03-24,1,0,18767.33,4350.94,UPI,Cancelled,Karnataka,Bangalore
ORD000240,CUST0591,PROD0027,2023-12-27,1,10,27342.19,4104.45,Credit Card,Delivered,Madhya Pradesh,Bhopal
ORD000241,CUST0403,PROD0004,2025-06-23,2,5,24999.84,2257.56,Cash on Delivery,Delivered,Assam,Guwahati
ORD000242,CUST0457,PROD0029,2024-07-30,1,20,16586.98,-1025.08,Credit Card,Delivered,Madhya Pradesh,Indore
ORD000243,CUST0234,PROD0029,2024-08-12,1,0,20733.73,3121.67,Cash on Delivery,Returned,Maharashtra,Pune
ORD000244,CUST0458,PROD0010,2023-08-03,1,5,22217.39,1397.86,Debit Card,Returned,Madhya Pradesh,Bhopal
ORD000245,CUST0213,PROD0005,2023-08-15,1,20,8321.27,-251.18,Cash on Delivery,Returned,West Bengal,Kolkata
ORD000246,CUST0220,PROD0007,2023-05-24,1,0,13618.92,2863.83,Cash on Delivery,Delivered,Uttar Pradesh,Lucknow
ORD000247,CUST0250,PROD0012,2025-07-03,4,20,80580.54,-709.34,Net Banking,Delivered,Chandigarh,Chandigarh
ORD000248,CUST0421,PROD0033,2025-05-06,2,0,35188.98,3420.34,Net Banking,Delivered,Maharashtra,Mumbai
ORD000249,CUST0064,PROD0007,2023-11-07,2,0,27237.84,5727.66,Net Banking,Delivered,Maharashtra,Mumbai
ORD000250,CUST0010,PROD0014,2024-05-25,1,0,9430.77,1089.07,Net Banking,Cancelled,Bihar,Patna
ORD000251,CUST0379,PROD0017,2023-07-14,1,0,24249.54,6181.18,Credit Card,Returned,Tamil Nadu,Chennai
ORD000252,CUST0167,PROD0025,2023-05-11,3,20,61630.58,166.85,Net Banking,Cancelled,Bihar,Patna
ORD000253,CUST0006,PROD0006,2024-05-24,5,5,55980.51,3543.81,Net Banking,Delivered,Karnataka,Bangalore
ORD000254,CUST0002,PROD0009,2025-01-23,1,0,25782.26,2696.08,UPI,Returned,Rajasthan,Jaipur
ORD000255,CUST0096,PROD0011,2025-03-23,4,15,11136.73,938.21,Unknown,Delivered,Karnataka,Bangalore
ORD000256,CUST0582,PROD0010,2023-10-19,2,0,46773.46,5134.4,Net Banking,Delivered,Karnataka,Bangalore
ORD000257,CUST0005,PROD0030,2024-10-26,2,10,17041.0,-148.28,Credit Card,Delivered,Madhya Pradesh,Indore
ORD000258,CUST0262,PROD0028,2024-05-08,3,5,22179.33,1791.09,Cash on Delivery,Returned,Assam,Guwahati
ORD000259,CUST0571,PROD0015,2023-05-08,1,0,11317.12,2380.21,Debit Card,Delivered,Gujarat,Ahmedabad
ORD000260,CUST0533,PROD0024,2025-07-26,4,0,113683.0,29074.56,UPI,Delivered,Kerala,Kochi
ORD000261,CUST0318,PROD0026,2025-07-08,2,15,30326.28,-1915.86,Cash on Delivery,Delivered,Assam,Guwahati
ORD000262,CUST0476,PROD0008,2023-05-17,2,0,21514.36,2611.6,Cash on Delivery,Delivered,Gujarat,Surat
ORD000263,CUST0159,PROD0006,2025-05-28,1,0,11785.37,1298.03,Cash on Delivery,Delivered,Uttar Pradesh,Lucknow
ORD000264,CUST0462,PROD0026,2025-05-13,2,0,35677.98,3435.84,Cash on Delivery,Delivered,Assam,Guwahati
ORD000265,CUST0441,PROD0030,2023-10-27,3,5,26981.58,1197.66,Net Banking,Returned,Gujarat,Ahmedabad
ORD000266,CUST0584,PROD0006,2024-06-09,2,0,23570.74,2596.06,Debit Card,Delivered,Telangana,Hyderabad
ORD000267,CUST0211,PROD0032,2025-06-12,1,0,11479.01,1369.52,Credit Card,Delivered,Madhya Pradesh,Indore
ORD000268,CUST0134,PROD0033,2023-04-22,1,5,16714.77,830.45,Cash on Delivery,Cancelled,Assam,Guwahati
ORD000269,CUST0195,PROD0010,2023-10-27,2,0,46773.46,5134.4,Debit Card,Delivered,Kerala,Kochi
ORD000270,CUST0078,PROD0034,2025-04-08,1,5,20486.96,1796.08,Net Banking,Delivered,Karnataka,Bangalore
ORD000271,CUST0184,PROD0014,2024-11-15,2,20,15089.23,-1594.17,Debit Card,Delivered,Madhya Pradesh,Indore
ORD000272,CUST0446,PROD0026,2024-12-22,2,5,33894.08,1651.94,Net Banking,Returned,Chandigarh,Chandigarh
ORD000273,CUST0225,PROD0021,2025-04-09,1,10,3350.89,511.66,Credit Card,Delivered,Tamil Nadu,Coimbatore
ORD000274,CUST0276,PROD0007,2024-01-26,1,5,12937.97,2182.88,Cash on Delivery,Delivered,Maharashtra,Mumbai
ORD000275,CUST0421,PROD0023,2024-01-23,5,30,65685.66,-6396.29,UPI,Cancelled,Maharashtra,Mumbai
ORD000276,CUST0366,PROD0004,2024-02-22,3,0,39473.43,5360.01,UPI,Returned,Assam,Guwahati
ORD000277,CUST0199,PROD0024,2025-05-29,2,5,53999.42,11695.2,Credit Card,Returned,Tamil Nadu,Coimbatore
ORD000278,CUST0318,PROD0005,2025-04-22,1,0,10401.59,1829.14,Cash on Delivery,Delivered,Assam,Guwahati
ORD000279,CUST0291,PROD0005,2025-05-29,1,0,10401.59,1829.14,Cash on Delivery,Returned,Maharashtra,Pune
ORD000280,CUST0012,PROD0009,2023-09-15,4,10,92816.14,471.42,UPI,Delivered,Tamil Nadu,Chennai
ORD000281,CUST0186,PROD0033,2025-01-03,1,5,16714.77,830.45,Cash on Delivery,Delivered,Telangana,Hyderabad
ORD000282,CUST0280,PROD0023,2023-04-11,2,5,35657.93,6825.15,UPI,Delivered,West Bengal,Kolkata
ORD000283,CUST0508,PROD0033,2023-06-24,1,10,15835.04,-49.28,Credit Card,Delivered,Madhya Pradesh,Bhopal
ORD000284,CUST0468,PROD0014,2024-12-19,1,0,9430.77,1089.07,Credit Card,Delivered,Rajasthan,Jaipur
ORD000285,CUST0055,PROD0011,2024-07-30,1,5,3111.73,562.1,Debit Card,Delivered,Madhya Pradesh,Indore
ORD000286,CUST0105,PROD0017,2023-09-09,2,0,48499.08,12362.36,Net Banking,Delivered,Delhi,Delhi
ORD000287,CUST0166,PROD0012,2024-06-18,2,30,35253.99,-5390.95,Debit Card,Delivered,Rajasthan,Jaipur
ORD000288,CUST0335,PROD0010,2023-08-06,2,15,39757.44,-1881.62,UPI,Returned,Maharashtra,Mumbai
ORD000289,CUST0436,PROD0004,2023-08-07,1,0,13157.81,1786.67,Net Banking,Cancelled,Gujarat,Ahmedabad
ORD000290,CUST0230,PROD0026,2024-10-09,1,0,17838.99,1717.92,UPI,Delivered,Tamil Nadu,Coimbatore
ORD000291,CUST0176,PROD0022,2023-12-05,1,5,11383.16,2099.27,Cash on Delivery,Delivered,Telangana,Hyderabad
ORD000292,CUST0489,PROD0005,2024-10-10,5,30,36405.56,-6456.69,UPI,Cancelled,Maharashtra,Pune
ORD000293,CUST0029,PROD0010,2024-03-24,1,20,18709.38,-2110.15,Cash on Delivery,Returned,Uttar Pradesh,Kanpur
ORD000294,CUST0402,PROD0017,2024-04-18,1,0,24249.54,6181.18,Debit Card,Delivered,Karnataka,Bangalore
ORD000295,CUST0530,PROD0027,2024-07-23,3,5,86583.6,16870.38,Credit Card,Delivered,Maharashtra,Nagpur
ORD000296,CUST0012,PROD0024,2024-11-01,4,0,113683.0,29074.56,Cash on Delivery,Delivered,Tamil Nadu,Chennai
ORD000297,CUST0488,PROD0009,2023-12-19,1,15,21914.92,-1171.26,UPI,Delivered,Maharashtra,Nagpur
ORD000298,CUST0003,PROD0010,2025-03-13,1,5,22217.39,1397.86,Net Banking,Cancelled,Gujarat,Ahmedabad
ORD000299,CUST0525,PROD0003,2024-04-07,2,5,39596.27,3470.53,Credit Card,Delivered,Gujarat,Surat
ORD000300,CUST0097,PROD0001,2023-05-10,2,10,41576.63,6398.19,Cash on Delivery,Delivered,Rajasthan,Jaipur
ORD000301,CUST0492,PROD0032,2023-07-02,2,0,22958.02,2739.04,Net Banking,Delivered,Bihar,Patna
ORD000302,CUST0322,PROD0025,2023-01-31,1,0,25679.41,5191.5,Cash on Delivery,Cancelled,Bihar,Patna
ORD000303,CUST0092,PROD0008,2024-12-21,4,0,43028.72,5223.2,UPI,Delivered,Kerala,Kochi
ORD000304,CUST0376,PROD0028,2023-01-15,2,15,13229.77,-362.39,Net Banking,Delivered,Telangana,Hyderabad
ORD000305,CUST0195,PROD0016,2023-09-12,1,5,23515.23,4720.67,Net Banking,Delivered,Kerala,Kochi
ORD000306,CUST0191,PROD0013,2024-01-25,1,5,17350.02,2626.36,UPI,Delivered,West Bengal,Kolkata
ORD000307,CUST0050,PROD0005,2024-11-30,2,0,20803.18,3658.28,UPI,Delivered,Maharashtra,Pune
ORD000308,CUST0366,PROD0008,2025-07-19,1,0,10757.18,1305.8,Credit Card,Returned,Assam,Guwahati
ORD000309,CUST0506,PROD0024,2024-12-14,2,0,56841.5,14537.28,UPI,Delivered,Assam,Guwahati
ORD000310,CUST0471,PROD0019,2023-03-04,1,0,16734.19,2222.91,Debit Card,Delivered,Kerala,Kochi
ORD000311,CUST0274,PROD0008,2025-05-23,1,0,10757.18,1305.8,Net Banking,Delivered,Tamil Nadu,Coimbatore
ORD000312,CUST0535,PROD0003,2025-07-17,2,5,39596.27,3470.53,Unknown,Delivered,Rajasthan,Jaipur
ORD000313,CUST0588,PROD0013,2025-03-27,1,5,17350.02,2626.36,Cash on Delivery,Cancelled,Maharashtra,Mumbai
ORD000314,CUST0600,PROD0012,2024-04-06,2,20,40290.27,-354.67,Debit Card,Delivered,Madhya Pradesh,Indore
ORD000315,CUST0328,PROD0017,2023-11-03,1,15,20612.11,2543.75,Cash on Delivery,Returned,Tamil Nadu,Coimbatore
ORD000316,CUST0118,PROD0021,2024-03-07,4,30,10424.99,-931.93,Cash on Delivery,Cancelled,Maharashtra,Nagpur
ORD000317,CUST0055,PROD0011,2023-08-21,1,0,3275.51,725.88,Debit Card,Delivered,Madhya Pradesh,Indore
ORD000318,CUST0558,PROD0034,2024-01-17,1,5,20486.96,1796.08,Credit Card,Delivered,Uttar Pradesh,Kanpur
ORD000319,CUST0212,PROD0035,2023-02-09,1,5,11915.89,1333.05,UPI,Delivered,Gujarat,Surat
ORD000320,CUST0568,PROD0011,2024-11-23,1,20,2620.41,70.78,Net Banking,Returned,Kerala,Kochi
ORD000321,CUST0250,PROD0014,2023-12-25,2,0,18861.54,2178.14,Credit Card,Delivered,Chandigarh,Chandigarh
ORD000322,CUST0362,PROD0019,2023-10-22,1,20,13387.35,-1123.93,Cash on Delivery,Delivered,Madhya Pradesh,Bhopal
ORD000323,CUST0535,PROD0026,2024-07-30,1,20,14271.19,-1849.88,Debit Card,Delivered,Rajasthan,Jaipur
ORD000324,CUST0572,PROD0035,2024-11-30,1,15,10661.58,78.74,Cash on Delivery,Returned,Tamil Nadu,Coimbatore
ORD000325,CUST0459,PROD0001,2024-07-13,1,0,23098.13,5508.91,Credit Card,Returned,Maharashtra,Nagpur
ORD000326,CUST0088,PROD0023,2024-05-09,1,0,18767.33,4350.94,Debit Card,Delivered,Uttar Pradesh,Kanpur
ORD000327,CUST0353,PROD0009,2025-04-04,1,10,23204.03,117.85,Cash on Delivery,Delivered,Kerala,Kochi
ORD000328,CUST0162,PROD0012,2025-01-11,2,0,50362.84,9717.9,Net Banking,Delivered,Delhi,Delhi
ORD000329,CUST0583,PROD0003,2024-05-05,1,20,16672.11,-1390.76,Cash on Delivery,Delivered,Uttar Pradesh,Kanpur
ORD000330,CUST0173,PROD0020,2024-03-01,5,0,95201.05,12851.55,UPI,Cancelled,Delhi,Delhi
ORD000331,CUST0301,PROD0019,2025-02-18,4,5,63589.92,5544.8,Credit Card,Returned,West Bengal,Kolkata
ORD000332,CUST0274,PROD0012,2023-02-09,1,0,25181.42,4858.95,UPI,Returned,Tamil Nadu,Coimbatore
ORD000333,CUST0391,PROD0028,2025-07-27,3,15,19844.66,-543.58,Net Banking,Delivered,Gujarat,Ahmedabad
ORD000334,CUST0525,PROD0005,2024-05-03,1,0,10401.59,1829.14,Credit Card,Delivered,Gujarat,Surat
ORD000335,CUST0321,PROD0007,2024-01-08,2,15,23152.16,1641.98,Net Banking,Delivered,Bihar,Patna
ORD000336,CUST0332,PROD0031,2024-11-23,5,5,128365.66,19535.21,Cash on Delivery,Delivered,Madhya Pradesh,Indore
ORD000337,CUST0396,PROD0023,2024-06-09,1,20,15013.86,597.47,Net Banking,Returned,Gujarat,Surat
ORD000338,CUST0429,PROD0020,2024-05-01,1,15,16184.18,-285.72,Cash on Delivery,Delivered,Madhya Pradesh,Bhopal
ORD000339,CUST0163,PROD0026,2024-08-17,2,20,28542.38,-3699.76,Credit Card,Delivered,Madhya Pradesh,Indore
ORD000340,CUST0281,PROD0031,2023-02-16,2,0,54048.7,10516.52,Cash on Delivery,Returned,Uttar Pradesh,Lucknow
ORD000341,CUST0125,PROD0024,2023-10-02,1,30,19894.52,-1257.59,Net Banking,Returned,Delhi,Delhi
ORD000342,CUST0240,PROD0014,2024-01-10,5,0,47153.85,5445.35,UPI,Delivered,Telangana,Hyderabad
ORD000343,CUST0069,PROD0023,2023-10-14,1,0,18767.33,4350.94,Cash on Delivery,Cancelled,Chandigarh,Chandigarh
ORD000344,CUST0162,PROD0024,2025-02-18,2,10,51157.35,8853.13,Unknown,Delivered,Delhi,Delhi
ORD000345,CUST0489,PROD0028,2024-03-10,1,5,7393.11,597.03,Cash on Delivery,Returned,Maharashtra,Pune
ORD000346,CUST0546,PROD0029,2024-02-02,2,0,41467.46,6243.34,Net Banking,Delivered,Madhya Pradesh,Bhopal
ORD000347,CUST0178,PROD0009,2024-07-31,1,5,24493.15,1406.97,UPI,Delivered,Madhya Pradesh,Indore
ORD000348,CUST0458,PROD0009,2023-02-21,3,10,69612.1,353.56,Debit Card,Delivered,Madhya Pradesh,Bhopal
ORD000349,CUST0539,PROD0021,2024-05-01,1,15,3164.73,325.5,Net Banking,Cancelled,Kerala,Kochi
ORD000350,CUST0308,PROD0010,2023-05-14,1,0,23386.73,2567.2,Net Banking,Returned,Uttar Pradesh,Lucknow
ORD000351,CUST0013,PROD0026,2025-02-20,1,0,17838.99,1717.92,UPI,Returned,Uttar Pradesh,Lucknow
ORD000352,CUST0029,PROD0029,2024-03-01,1,0,20733.73,3121.67,Credit Card,Delivered,Uttar Pradesh,Kanpur
ORD000353,CUST0185,PROD0033,2024-11-11,4,10,63340.16,-197.12,Credit Card,Cancelled,Maharashtra,Pune
ORD000354,CUST0222,PROD0017,2023-04-17,2,0,48499.08,12362.36,Net Banking,Delivered,Chandigarh,Chandigarh
ORD000355,CUST0447,PROD0005,2025-01-03,1,5,9881.51,1309.06,Credit Card,Delivered,Maharashtra,Mumbai
ORD000356,CUST0546,PROD0033,2025-06-02,2,5,33429.53,1660.89,Cash on Delivery,Delivered,Madhya Pradesh,Bhopal
ORD000357,CUST0375,PROD0008,2024-10-17,3,5,30657.96,2303.82,Net Banking,Delivered,Delhi,Delhi
ORD000358,CUST0004,PROD0016,2023-05-08,1,0,24752.87,5958.31,UPI,Delivered,Kerala,Kochi
ORD000359,CUST0073,PROD0027,2024-01-25,2,15,51646.36,5170.88,Credit Card,Cancelled,Tamil Nadu,Coimbatore
ORD000360,CUST0190,PROD0014,2024-02-29,1,0,9430.77,1089.07,Debit Card,Delivered,Maharashtra,Pune
ORD000361,CUST0510,PROD0029,2023-06-18,2,5,39394.09,4169.97,Debit Card,Returned,Maharashtra,Pune
ORD000362,CUST0160,PROD0014,2024-07-10,2,10,16975.39,291.99,UPI,Cancelled,Rajasthan,Jaipur
ORD000363,CUST0257,PROD0023,2024-11-02,1,15,15952.23,1535.84,Credit Card,Cancelled,Gujarat,Ahmedabad
ORD000364,CUST0514,PROD0034,2023-07-10,3,10,58226.09,2153.45,Cash on Delivery,Delivered,Delhi,Delhi
ORD000365,CUST0576,PROD0030,2024-03-04,2,10,17041.0,-148.28,UPI,Delivered,Maharashtra,Mumbai
ORD000366,CUST0121,PROD0020,2023-08-24,1,0,19040.21,2570.31,Credit Card,Delivered,Bihar,Patna
ORD000367,CUST0517,PROD0030,2024-10-13,1,5,8993.86,399.22,Cash on Delivery,Delivered,Karnataka,Bangalore
ORD000368,CUST0116,PROD0007,2025-05-04,1,0,13618.92,2863.83,Cash on Delivery,Returned,Maharashtra,Pune
ORD000369,CUST0172,PROD0002,2025-01-20,2,10,37973.14,5322.58,Cash on Delivery,Delivered,Gujarat,Ahmedabad
ORD000370,CUST0534,PROD0031,2024-11-07,1,0,27024.35,5258.26,Debit Card,Delivered,Uttar Pradesh,Kanpur
ORD000371,CUST0424,PROD0006,2023-04-27,3,10,31820.5,358.48,UPI,Delivered,Uttar Pradesh,Kanpur
ORD000372,CUST0224,PROD0007,2023-04-18,1,0,13618.92,2863.83,Cash on Delivery,Delivered,Gujarat,Surat
ORD000373,CUST0135,PROD0024,2024-02-28,1,5,26999.71,5847.6,Unknown,Returned,Tamil Nadu,Coimbatore
ORD000374,CUST0402,PROD0005,2023-12-08,1,15,8841.35,268.9,Credit Card,Delivered,Karnataka,Bangalore
ORD000375,CUST0508,PROD0020,2024-05-08,1,0,19040.21,2570.31,Debit Card,Delivered,Madhya Pradesh,Bhopal
ORD000376,CUST0265,PROD0032,2023-12-28,1,0,11479.01,1369.52,Credit Card,Delivered,Maharashtra,Mumbai
ORD000377,CUST0156,PROD0035,2025-01-15,2,5,23831.78,2666.1,Cash on Delivery,Delivered,Telangana,Hyderabad
ORD000378,CUST0293,PROD0032,2024-04-26,1,5,10905.06,795.57,Cash on Delivery,Delivered,West Bengal,Kolkata
ORD000379,CUST0290,PROD0024,2025-06-13,3,0,85262.25,21805.92,Net Banking,Delivered,Maharashtra,Mumbai
ORD000380,CUST0041,PROD0033,2023-12-23,1,30,12316.14,-3568.18,Credit Card,Delivered,West Bengal,Kolkata
ORD000381,CUST0071,PROD0034,2023-12-25,1,30,15095.65,-3595.23,Debit Card,Delivered,Tamil Nadu,Chennai
ORD000382,CUST0205,PROD0032,2024-12-24,1,15,9757.16,-352.33,UPI,Delivered,Kerala,Kochi
ORD000383,CUST0265,PROD0023,2025-05-09,2,0,37534.66,8701.88,Cash on Delivery,Returned,Maharashtra,Mumbai
ORD000384,CUST0268,PROD0001,2024-06-16,2,20,36957.01,1778.57,Net Banking,Cancelled,Kerala,Kochi
ORD000385,CUST0015,PROD0019,2024-09-13,1,0,16734.19,2222.91,Credit Card,Delivered,Uttar Pradesh,Lucknow
ORD000386,CUST0354,PROD0023,2023-05-22,3,5,53486.89,10237.72,Debit Card,Cancelled,Delhi,Delhi
ORD000387,CUST0063,PROD0012,2025-03-29,2,0,50362.84,9717.9,Debit Card,Returned,Madhya Pradesh,Indore
ORD000388,CUST0354,PROD0033,2023-06-18,1,0,17594.49,1710.17,UPI,Cancelled,Delhi,Delhi
ORD000389,CUST0395,PROD0001,2024-11-01,1,15,19633.41,2044.19,UPI,Delivered,Bihar,Patna
ORD000390,CUST0526,PROD0007,2024-01-31,5,20,54475.68,700.23,Credit Card,Delivered,Uttar Pradesh,Lucknow
ORD000391,CUST0027,PROD0015,2023-10-19,1,10,10185.41,1248.5,Net Banking,Delivered,Telangana,Hyderabad
ORD000392,CUST0192,PROD0013,2024-12-25,1,5,17350.02,2626.36,Net Banking,Delivered,Rajasthan,Jaipur
ORD000393,CUST0578,PROD0033,2024-02-25,1,0,17594.49,1710.17,Net Banking,Delivered,Maharashtra,Pune
ORD000394,CUST0127,PROD0032,2024-08-13,1,0,11479.01,1369.52,Net Banking,Delivered,Uttar Pradesh,Lucknow
ORD000395,CUST0348,PROD0020,2023-04-21,4,0,76160.84,10281.24,UPI,Delivered,Assam,Guwahati
ORD000396,CUST0308,PROD0034,2023-05-04,2,5,40973.92,3592.16,Debit Card,Returned,Uttar Pradesh,Lucknow
ORD000397,CUST0316,PROD0003,2023-07-11,3,15,53142.36,-1046.25,Credit Card,Delivered,Kerala,Kochi
ORD000398,CUST0115,PROD0026,2024-08-09,5,15,75815.71,-4789.64,Debit Card,Delivered,Karnataka,Bangalore
ORD000399,CUST0418,PROD0016,2023-08-27,1,0,24752.87,5958.31,Cash on Delivery,Cancelled,Karnataka,Bangalore
ORD000400,CUST0193,PROD0025,2024-03-08,1,20,20543.53,55.62,UPI,Delivered,Rajasthan,Jaipur
ORD000401,CUST0002,PROD0011,2025-03-16,1,10,2947.96,398.33,UPI,Delivered,Rajasthan,Jaipur
ORD000402,CUST0078,PROD0029,2024-05-26,1,20,16586.98,-1025.08,Net Banking,Delivered,Karnataka,Bangalore
ORD000403,CUST0203,PROD0019,2023-01-06,1,30,11713.93,-2797.35,Credit Card,Delivered,Delhi,Delhi
ORD000404,CUST0302,PROD0033,2025-04-11,3,0,52783.47,5130.51,UPI,Delivered,Maharashtra,Pune
ORD000405,CUST0415,PROD0034,2023-08-13,2,0,43130.44,5748.68,Credit Card,Delivered,Madhya Pradesh,Bhopal
ORD000406,CUST0592,PROD0018,2024-07-08,1,10,16111.84,1041.65,Credit Card,Returned,Bihar,Patna
ORD000407,CUST0388,PROD0025,2024-03-24,1,0,25679.41,5191.5,UPI,Delivered,West Bengal,Kolkata
ORD000408,CUST0468,PROD0030,2024-01-22,1,0,9467.22,872.58,Credit Card,Cancelled,Rajasthan,Jaipur
ORD000409,CUST0579,PROD0022,2023-03-16,1,5,11383.16,2099.27,Debit Card,Delivered,Maharashtra,Mumbai
ORD000410,CUST0174,PROD0031,2024-07-19,3,30,56751.13,-8547.14,Credit Card,Delivered,Delhi,Delhi
ORD000411,CUST0372,PROD0002,2023-08-19,1,0,21096.19,4770.91,UPI,Delivered,Bihar,Patna
ORD000412,CUST0267,PROD0020,2024-05-30,1,0,19040.21,2570.31,Credit Card,Delivered,Madhya Pradesh,Indore
ORD000413,CUST0131,PROD0015,2024-08-06,1,15,9619.55,682.64,Credit Card,Delivered,Tamil Nadu,Chennai
ORD000414,CUST0020,PROD0033,2024-06-09,1,5,16714.77,830.45,Credit Card,Cancelled,Maharashtra,Nagpur
ORD000415,CUST0106,PROD0019,2025-02-16,1,10,15060.77,549.49,Credit Card,Returned,Telangana,Hyderabad
ORD000416,CUST0357,PROD0027,2023-02-16,4,10,109368.76,16417.8,Credit Card,Delivered,Madhya Pradesh,Bhopal
ORD000417,CUST0472,PROD0029,2023-05-20,1,0,20733.73,3121.67,Cash on Delivery,Delivered,Uttar Pradesh,Lucknow
ORD000418,CUST0309,PROD0009,2024-09-07,2,0,51564.52,5392.16,Debit Card,Delivered,Madhya Pradesh,Indore
ORD000419,CUST0080,PROD0003,2023-02-04,2,0,41680.28,5554.54,UPI,Returned,Kerala,Kochi
ORD000420,CUST0299,PROD0032,2025-03-15,1,10,10331.11,221.62,Cash on Delivery,Returned,Gujarat,Surat
ORD000421,CUST0280,PROD0009,2024-09-20,1,20,20625.81,-2460.37,Debit Card,Delivered,West Bengal,Kolkata
ORD000422,CUST0499,PROD0003,2025-02-28,1,10,18756.13,693.26,Net Banking,Delivered,Bihar,Patna
ORD000423,CUST0550,PROD0021,2023-10-09,1,0,3723.21,883.98,Net Banking,Delivered,Kerala,Kochi
ORD000424,CUST0426,PROD0005,2025-05-17,1,0,10401.59,1829.14,Cash on Delivery,Returned,Delhi,Delhi
ORD000425,CUST0425,PROD0013,2023-02-16,1,20,14610.54,-113.12,Debit Card,Delivered,Madhya Pradesh,Bhopal
ORD000426,CUST0351,PROD0021,2024-01-28,4,0,14892.84,3535.92,Net Banking,Cancelled,Gujarat,Surat
ORD000427,CUST0189,PROD0035,2023-06-17,1,10,11288.74,705.9,UPI,Delivered,Bihar,Patna
ORD000428,CUST0332,PROD0013,2024-09-25,1,0,18263.18,3539.52,Credit Card,Delivered,Madhya Pradesh,Indore
ORD000429,CUST0210,PROD0023,2024-07-29,1,0,18767.33,4350.94,Cash on Delivery,Delivered,Gujarat,Surat
ORD000430,CUST0253,PROD0009,2024-10-13,1,10,23204.03,117.85,Net Banking,Delivered,Maharashtra,Pune
ORD000431,CUST0509,PROD0009,2024-07-14,2,0,51564.52,5392.16,Cash on Delivery,Cancelled,Gujarat,Surat
ORD000432,CUST0317,PROD0018,2025-01-11,2,0,35804.1,5663.72,UPI,Delivered,Bihar,Patna
ORD000433,CUST0322,PROD0010,2023-06-17,1,0,23386.73,2567.2,Cash on Delivery,Delivered,Bihar,Patna
ORD000434,CUST0350,PROD0019,2024-03-04,1,5,15897.48,1386.2,UPI,Returned,Telangana,Hyderabad
ORD000435,CUST0370,PROD0029,2024-06-29,1,5,19697.04,2084.98,UPI,Delivered,Tamil Nadu,Coimbatore
ORD000436,CUST0194,PROD0008,2025-05-27,1,20,8605.74,-845.64,Net Banking,Delivered,Chandigarh,Chandigarh
ORD000437,CUST0194,PROD0033,2023-03-29,2,0,35188.98,3420.34,Credit Card,Returned,Chandigarh,Chandigarh
ORD000438,CUST0062,PROD0017,2023-10-09,1,10,21824.59,3756.23,UPI,Returned,Uttar Pradesh,Lucknow
ORD000439,CUST0053,PROD0029,2023-12-14,1,30,14513.61,-3098.45,Cash on Delivery,Cancelled,Telangana,Hyderabad
ORD000440,CUST0274,PROD0014,2023-12-23,2,10,16975.39,291.99,Debit Card,Delivered,Tamil Nadu,Coimbatore
ORD000441,CUST0160,PROD0014,2023-03-05,1,15,8016.15,-325.55,UPI,Delivered,Rajasthan,Jaipur
ORD000442,CUST0352,PROD0020,2024-02-07,2,0,38080.42,5140.62,Debit Card,Delivered,Tamil Nadu,Chennai
ORD000443,CUST0185,PROD0011,2024-06-02,1,0,3275.51,725.88,UPI,Cancelled,Maharashtra,Pune
ORD000444,CUST0287,PROD0015,2023-10-03,1,5,10751.26,1814.35,Net Banking,Delivered,Karnataka,Bangalore
ORD000445,CUST0549,PROD0029,2023-05-07,3,0,62201.19,9365.01,Debit Card,Delivered,Uttar Pradesh,Kanpur
ORD000446,CUST0449,PROD0024,2024-10-16,2,20,45473.2,3168.98,UPI,Returned,Assam,Guwahati
ORD000447,CUST0372,PROD0026,2023-09-16,1,5,16947.04,825.97,UPI,Delivered,Bihar,Patna
ORD000448,CUST0190,PROD0020,2024-05-11,1,5,18088.2,1618.3,Credit Card,Delivered,Maharashtra,Pune
ORD000449,CUST0526,PROD0027,2024-05-09,1,30,21266.15,-1971.59,Cash on Delivery,Delivered,Uttar Pradesh,Lucknow
ORD000450,CUST0597,PROD0002,2024-10-17,3,10,56959.71,7983.87,Net Banking,Returned,Uttar Pradesh,Lucknow
ORD000451,CUST0503,PROD0012,2024-07-30,1,0,25181.42,4858.95,Debit Card,Returned,Assam,Guwahati
ORD000452,CUST0474,PROD0019,2023-04-13,1,0,16734.19,2222.91,UPI,Delivered,Delhi,Delhi
ORD000453,CUST0317,PROD0010,2024-11-18,1,20,18709.38,-2110.15,Credit Card,Delivered,Bihar,Patna
ORD000454,CUST0382,PROD0027,2024-08-15,3,30,63798.44,-5914.78,UPI,Delivered,Tamil Nadu,Coimbatore
ORD000455,CUST0202,PROD0022,2025-07-18,3,20,28757.45,905.78,Debit Card,Delivered,Assam,Guwahati
ORD000456,CUST0190,PROD0026,2024-03-31,1,5,16947.04,825.97,Credit Card,Delivered,Maharashtra,Pune
ORD000457,CUST0470,PROD0007,2024-10-10,1,15,11576.08,820.99,Cash on Delivery,Returned,Uttar Pradesh,Lucknow
ORD000458,CUST0560,PROD0016,2025-05-29,1,0,24752.87,5958.31,Credit Card,Delivered,Rajasthan,Jaipur
ORD000459,CUST0526,PROD0035,2025-07-18,2,5,23831.78,2666.1,Credit Card,Delivered,Uttar Pradesh,Lucknow
ORD000460,CUST0052,PROD0018,2023-09-28,1,5,17006.95,1936.76,Cash on Delivery,Delivered,Karnataka,Bangalore
ORD000461,CUST0340,PROD0015,2024-07-27,1,15,9619.55,682.64,Debit Card,Delivered,Madhya Pradesh,Indore
ORD000462,CUST0417,PROD0002,2023-10-26,1,10,18986.57,2661.29,Debit Card,Returned,Kerala,Kochi
ORD000463,CUST0451,PROD0011,2024-05-09,1,5,3111.73,562.1,Net Banking,Delivered,Bihar,Patna
ORD000464,CUST0437,PROD0022,2025-07-26,1,0,11982.27,2698.38,Debit Card,Delivered,Gujarat,Surat
ORD000465,CUST0280,PROD0030,2023-11-30,1,20,7573.78,-1020.86,Net Banking,Cancelled,West Bengal,Kolkata
ORD000466,CUST0166,PROD0002,2023-05-03,2,0,42192.38,9541.82,UPI,Returned,Rajasthan,Jaipur
ORD000467,CUST0322,PROD0028,2024-06-14,2,5,14786.22,1194.06,Net Banking,Returned,Bihar,Patna
ORD000468,CUST0562,PROD0014,2024-05-04,1,5,8959.23,617.53,Credit Card,Delivered,Bihar,Patna
ORD000469,CUST0011,PROD0020,2024-08-18,1,0,19040.21,2570.31,Net Banking,Delivered,Maharashtra,Mumbai
ORD000470,CUST0514,PROD0034,2024-04-08,2,10,38817.4,1435.64,Net Banking,Delivered,Delhi,Delhi
ORD000471,CUST0270,PROD0023,2023-06-19,1,0,18767.33,4350.94,Credit Card,Delivered,Rajasthan,Jaipur
ORD000472,CUST0087,PROD0014,2024-07-28,2,5,17918.46,1235.06,UPI,Delivered,Maharashtra,Nagpur
ORD000473,CUST0494,PROD0020,2024-10-29,1,5,18088.2,1618.3,UPI,Delivered,Bihar,Patna
ORD000474,CUST0155,PROD0017,2025-07-11,1,30,16974.68,-1093.68,Net Banking,Delivered,Gujarat,Ahmedabad
ORD000475,CUST0415,PROD0027,2023-01-02,1,0,30380.21,7142.47,UPI,Delivered,Madhya Pradesh,Bhopal
ORD000476,CUST0594,PROD0003,2023-01-23,1,10,18756.13,693.26,Cash on Delivery,Returned,Gujarat,Ahmedabad
ORD000477,CUST0155,PROD0008,2024-08-12,1,15,9143.6,-307.78,Credit Card,Delivered,Gujarat,Ahmedabad
ORD000478,CUST0179,PROD0008,2023-04-22,1,0,10757.18,1305.8,Net Banking,Delivered,Gujarat,Ahmedabad
ORD000479,CUST0440,PROD0006,2025-03-09,1,10,10606.83,119.49,Credit Card,Delivered,Maharashtra,Pune
ORD000480,CUST0593,PROD0022,2025-01-23,1,5,11383.16,2099.27,Cash on Delivery,Delivered,Karnataka,Bangalore
ORD000481,CUST0349,PROD0011,2025-07-30,2,0,6551.02,1451.76,UPI,Delivered,Chandigarh,Chandigarh
ORD000482,CUST0117,PROD0014,2024-01-26,3,0,28292.31,3267.21,UPI,Delivered,Madhya Pradesh,Bhopal
ORD000483,CUST0246,PROD0025,2023-11-11,3,30,53926.76,-7536.97,Credit Card,Delivered,Tamil Nadu,Chennai
ORD000484,CUST0545,PROD0006,2024-06-11,3,0,35356.11,3894.09,UPI,Returned,Delhi,Delhi
ORD000485,CUST0104,PROD0034,2024-08-23,2,0,43130.44,5748.68,UPI,Delivered,Bihar,Patna
ORD000486,CUST0510,PROD0033,2023-01-11,5,0,87972.45,8550.85,Net Banking,Returned,Maharashtra,Pune
ORD000487,CUST0032,PROD0015,2023-07-09,3,0,33951.36,7140.63,UPI,Delivered,Karnataka,Bangalore
ORD000488,CUST0251,PROD0011,2023-09-23,1,5,3111.73,562.1,Cash on Delivery,Delivered,Maharashtra,Pune
ORD000489,CUST0500,PROD0004,2025-01-14,1,10,11842.03,470.89,UPI,Delivered,West Bengal,Kolkata
ORD000490,CUST0162,PROD0006,2023-10-17,1,5,11196.1,708.76,Credit Card,Delivered,Delhi,Delhi
ORD000491,CUST0399,PROD0004,2024-04-22,4,0,52631.24,7146.68,Credit Card,Delivered,Tamil Nadu,Coimbatore
ORD000492,CUST0527,PROD0032,2023-11-02,1,10,10331.11,221.62,Debit Card,Delivered,Bihar,Patna
ORD000493,CUST0372,PROD0030,2023-01-06,1,20,7573.78,-1020.86,UPI,Delivered,Bihar,Patna
ORD000494,CUST0326,PROD0016,2024-10-08,1,0,24752.87,5958.31,Credit Card,Delivered,Uttar Pradesh,Kanpur
ORD000495,CUST0434,PROD0002,2023-11-18,2,15,35863.52,3212.96,Cash on Delivery,Delivered,Telangana,Hyderabad
ORD000496,CUST0225,PROD0018,2024-11-13,2,30,25062.87,-5077.51,Debit Card,Returned,Tamil Nadu,Coimbatore
ORD000497,CUST0391,PROD0020,2024-08-03,1,15,16184.18,-285.72,Cash on Delivery,Delivered,Gujarat,Ahmedabad
ORD000498,CUST0589,PROD0010,2023-01-28,1,0,23386.73,2567.2,UPI,Delivered,Madhya Pradesh,Bhopal
ORD000499,CUST0022,PROD0014,2023-06-15,1,0,9430.77,1089.07,UPI,Delivered,Tamil Nadu,Coimbatore
ORD000500,CUST0131,PROD0032,2023-11-08,3,5,32715.18,2386.71,Cash on Delivery,Delivered,Tamil Nadu,Chennai
ORD000501,CUST0210,PROD0034,2023-11-15,5,30,75478.27,-17976.13,Credit Card,Delivered,Gujarat,Surat
ORD000502,CUST0568,PROD0010,2024-09-25,2,0,46773.46,5134.4,UPI,Returned,Kerala,Kochi
ORD000503,CUST0204,PROD0008,2025-05-13,2,20,17211.49,-1691.27,Net Banking,Cancelled,Maharashtra,Mumbai
ORD000504,CUST0024,PROD0006,2025-01-21,1,15,10017.56,-469.78,Credit Card,Delivered,Karnataka,Bangalore
ORD000505,CUST0455,PROD0010,2024-08-31,1,0,23386.73,2567.2,Debit Card,Returned,Maharashtra,Pune
ORD000506,CUST0237,PROD0006,2024-03-29,4,0,47141.48,5192.12,Debit Card,Returned,Maharashtra,Pune
ORD000507,CUST0176,PROD0035,2024-08-13,4,5,47663.55,5332.19,Credit Card,Cancelled,Telangana,Hyderabad
ORD000508,CUST0058,PROD0018,2025-04-20,3,15,45650.23,439.66,Cash on Delivery,Delivered,Kerala,Kochi
ORD000509,CUST0091,PROD0024,2024-05-20,1,5,26999.71,5847.6,UPI,Delivered,Uttar Pradesh,Lucknow
ORD000510,CUST0050,PROD0018,2023-11-12,1,0,17902.05,2831.86,Net Banking,Cancelled,Maharashtra,Pune
ORD000511,CUST0344,PROD0024,2025-01-08,1,20,22736.6,1584.49,Credit Card,Delivered,West Bengal,Kolkata
ORD000512,CUST0020,PROD0021,2024-01-25,1,0,3723.21,883.98,UPI,Delivered,Maharashtra,Nagpur
ORD000513,CUST0259,PROD0001,2024-11-30,1,5,21943.22,4354.0,UPI,Delivered,Uttar Pradesh,Lucknow
ORD000514,CUST0400,PROD0026,2025-02-25,3,20,42813.58,-5549.63,Debit Card,Delivered,Madhya Pradesh,Indore
ORD000515,CUST0585,PROD0034,2023-10-09,2,10,38817.4,1435.64,UPI,Cancelled,Maharashtra,Pune
ORD000516,CUST0324,PROD0021,2024-11-13,1,0,3723.21,883.98,Net Banking,Delivered,Madhya Pradesh,Bhopal
ORD000517,CUST0200,PROD0025,2023-10-25,2,30,35951.17,-5024.65,Unknown,Returned,Uttar Pradesh,Lucknow
ORD000518,CUST0522,PROD0025,2024-05-19,1,30,17975.59,-2512.32,Cash on Delivery,Returned,Rajasthan,Jaipur
ORD000519,CUST0032,PROD0020,2023-07-16,2,0,38080.42,5140.62,Credit Card,Cancelled,Karnataka,Bangalore
ORD000520,CUST0093,PROD0033,2024-10-07,1,10,15835.04,-49.28,Credit Card,Delivered,Maharashtra,Pune
ORD000521,CUST0404,PROD0024,2025-01-23,1,0,28420.75,7268.64,Cash on Delivery,Returned,Maharashtra,Mumbai
ORD000522,CUST0589,PROD0035,2025-04-16,1,30,8780.13,-1802.71,UPI,Cancelled,Madhya Pradesh,Bhopal
ORD000523,CUST0410,PROD0022,2023-11-30,1,0,11982.27,2698.38,Credit Card,Cancelled,Madhya Pradesh,Bhopal
ORD000524,CUST0594,PROD0027,2025-07-02,2,0,60760.42,14284.94,Credit Card,Delivered,Gujarat,Ahmedabad
ORD000525,CUST0234,PROD0028,2023-09-22,1,0,7782.22,986.14,Debit Card,Delivered,Maharashtra,Pune
ORD000526,CUST0095,PROD0015,2023-01-30,1,20,9053.7,116.79,Debit Card,Delivered,Delhi,Delhi
ORD000527,CUST0045,PROD0003,2025-07-15,1,0,20840.14,2777.27,UPI,Delivered,Bihar,Patna
ORD000528,CUST0268,PROD0022,2024-08-13,1,15,10184.93,901.04,UPI,Returned,Kerala,Kochi
ORD000529,CUST0385,PROD0017,2025-03-04,1,5,23037.06,4968.7,Credit Card,Delivered,Bihar,Patna
ORD000530,CUST0138,PROD0034,2024-06-21,3,5,61460.88,5388.24,Debit Card,Delivered,Uttar Pradesh,Lucknow
ORD000531,CUST0235,PROD0031,2024-01-02,1,0,27024.35,5258.26,Cash on Delivery,Delivered,Maharashtra,Mumbai
ORD000532,CUST0476,PROD0018,2024-07-14,2,10,32223.69,2083.31,Net Banking,Delivered,Gujarat,Surat
ORD000533,CUST0199,PROD0007,2025-03-25,1,15,11576.08,820.99,UPI,Delivered,Tamil Nadu,Coimbatore
ORD000534,CUST0378,PROD0035,2024-12-08,1,30,8780.13,-1802.71,Debit Card,Delivered,Rajasthan,Jaipur
ORD000535,CUST0138,PROD0023,2024-10-26,1,0,18767.33,4350.94,UPI,Returned,Uttar Pradesh,Lucknow
ORD000536,CUST0263,PROD0035,2023-10-24,1,20,10034.43,-548.41,Debit Card,Delivered,Maharashtra,Mumbai
ORD000537,CUST0338,PROD0026,2023-01-30,2,10,32110.18,-131.96,UPI,Delivered,Assam,Guwahati
ORD000538,CUST0263,PROD0017,2024-01-25,1,10,21824.59,3756.23,Net Banking,Cancelled,Maharashtra,Mumbai
ORD000539,CUST0119,PROD0030,2024-04-13,1,0,9467.22,872.58,Credit Card,Delivered,Tamil Nadu,Chennai
ORD000540,CUST0371,PROD0007,2023-08-12,1,5,12937.97,2182.88,Cash on Delivery,Returned,Chandigarh,Chandigarh
ORD000541,CUST0349,PROD0023,2024-03-01,1,0,18767.33,4350.94,UPI,Delivered,Chandigarh,Chandigarh
ORD000542,CUST0167,PROD0010,2025-06-14,1,5,22217.39,1397.86,Credit Card,Delivered,Bihar,Patna
ORD000543,CUST0289,PROD0022,2023-07-23,1,0,11982.27,2698.38,Debit Card,Delivered,Maharashtra,Pune
ORD000544,CUST0424,PROD0023,2023-10-12,3,10,50671.79,7422.62,Credit Card,Delivered,Uttar Pradesh,Kanpur
ORD000545,CUST0068,PROD0019,2023-04-16,1,0,16734.19,2222.91,Debit Card,Returned,Gujarat,Surat
ORD000546,CUST0021,PROD0014,2025-01-09,5,5,44796.16,3087.66,Debit Card,Delivered,Gujarat,Surat
ORD000547,CUST0086,PROD0025,2025-01-02,2,5,48790.88,7815.06,Debit Card,Returned,West Bengal,Kolkata
ORD000548,CUST0481,PROD0028,2025-05-10,1,5,7393.11,597.03,Debit Card,Delivered,Delhi,Delhi
ORD000549,CUST0478,PROD0026,2024-02-23,3,0,53516.97,5153.76,UPI,Delivered,Telangana,Hyderabad
ORD000550,CUST0496,PROD0013,2023-01-24,1,5,17350.02,2626.36,Debit Card,Delivered,Bihar,Patna
ORD000551,CUST0113,PROD0023,2024-03-30,2,0,37534.66,8701.88,Unknown,Returned,Kerala,Kochi
ORD000552,CUST0102,PROD0006,2024-04-16,1,0,11785.37,1298.03,Net Banking,Cancelled,Telangana,Hyderabad
ORD000553,CUST0586,PROD0006,2023-06-29,5,5,55980.51,3543.81,UPI,Cancelled,Delhi,Delhi
ORD000554,CUST0297,PROD0032,2025-05-20,3,15,29271.48,-1056.99,Cash on Delivery,Delivered,Tamil Nadu,Chennai
ORD000555,CUST0365,PROD0011,2024-11-20,2,20,5240.82,141.56,Credit Card,Cancelled,Delhi,Delhi
ORD000556,CUST0586,PROD0035,2024-05-08,1,0,12543.04,1960.2,UPI,Returned,Delhi,Delhi
ORD000557,CUST0370,PROD0016,2024-12-31,1,20,19802.3,1007.74,Cash on Delivery,Cancelled,Tamil Nadu,Coimbatore
ORD000558,CUST0518,PROD0034,2023-05-15,1,20,17252.18,-1438.7,Credit Card,Delivered,Uttar Pradesh,Lucknow
ORD000559,CUST0527,PROD0034,2025-04-01,4,0,86260.88,11497.36,Credit Card,Delivered,Bihar,Patna
ORD000560,CUST0018,PROD0034,2025-02-13,1,5,20486.96,1796.08,Net Banking,Returned,Delhi,Delhi
ORD000561,CUST0273,PROD0001,2025-06-02,1,15,19633.41,2044.19,Cash on Delivery,Delivered,Bihar,Patna
ORD000562,CUST0542,PROD0034,2024-09-29,1,20,17252.18,-1438.7,UPI,Delivered,Bihar,Patna
ORD000563,CUST0220,PROD0029,2023-05-06,1,0,20733.73,3121.67,Debit Card,Delivered,Uttar Pradesh,Lucknow
ORD000564,CUST0487,PROD0021,2024-11-13,1,20,2978.57,139.34,Cash on Delivery,Delivered,Karnataka,Bangalore
ORD000565,CUST0305,PROD0035,2024-03-08,2,15,21323.17,157.49,Net Banking,Delivered,Assam,Guwahati
ORD000566,CUST0082,PROD0008,2024-11-03,1,5,10219.32,767.94,UPI,Cancelled,Kerala,Kochi
ORD000567,CUST0595,PROD0016,2024-05-07,4,5,94060.91,18882.67,Debit Card,Delivered,Rajasthan,Jaipur
ORD000568,CUST0436,PROD0022,2023-01-04,3,20,28757.45,905.78,Debit Card,Delivered,Gujarat,Ahmedabad
ORD000569,CUST0191,PROD0006,2025-05-28,1,5,11196.1,708.76,Net Banking,Cancelled,West Bengal,Kolkata
ORD000570,CUST0148,PROD0017,2024-10-09,1,0,24249.54,6181.18,Cash on Delivery,Delivered,Karnataka,Bangalore
ORD000571,CUST0593,PROD0006,2024-07-13,2,10,21213.67,238.99,Net Banking,Delivered,Karnataka,Bangalore
ORD000572,CUST0282,PROD0005,2023-03-24,3,0,31204.77,5487.42,UPI,Delivered,Maharashtra,Nagpur
ORD000573,CUST0406,PROD0031,2024-03-15,2,20,43238.96,-293.22,UPI,Delivered,Tamil Nadu,Chennai
ORD000574,CUST0322,PROD0004,2023-02-13,1,15,11184.14,-187.0,Debit Card,Delivered,Bihar,Patna
ORD000575,CUST0379,PROD0029,2024-05-05,3,20,49760.95,-3075.23,UPI,Returned,Tamil Nadu,Chennai
ORD000576,CUST0170,PROD0020,2024-09-12,5,0,95201.05,12851.55,Net Banking,Delivered,Gujarat,Ahmedabad
ORD000577,CUST0091,PROD0008,2023-10-22,2,0,21514.36,2611.6,Net Banking,Returned,Uttar Pradesh,Lucknow
ORD000578,CUST0438,PROD0007,2024-06-28,2,0,27237.84,5727.66,Credit Card,Delivered,Rajasthan,Jaipur
ORD000579,CUST0251,PROD0026,2023-10-22,4,5,67788.16,3303.88,Cash on Delivery,Delivered,Maharashtra,Pune
ORD000580,CUST0022,PROD0003,2025-04-20,3,15,53142.36,-1046.25,Credit Card,Cancelled,Tamil Nadu,Coimbatore
ORD000581,CUST0586,PROD0005,2023-10-30,1,10,9361.43,788.98,Credit Card,Delivered,Delhi,Delhi
ORD000582,CUST0031,PROD0014,2023-07-01,2,5,17918.46,1235.06,UPI,Cancelled,Rajasthan,Jaipur
ORD000583,CUST0598,PROD0016,2023-09-18,1,20,19802.3,1007.74,UPI,Delivered,Tamil Nadu,Coimbatore
ORD000584,CUST0419,PROD0017,2023-10-28,1,5,23037.06,4968.7,Credit Card,Delivered,Uttar Pradesh,Lucknow
ORD000585,CUST0281,PROD0009,2024-02-20,1,15,21914.92,-1171.26,Net Banking,Cancelled,Uttar Pradesh,Lucknow
ORD000586,CUST0269,PROD0001,2023-04-21,2,0,46196.26,11017.82,Credit Card,Delivered,Maharashtra,Pune
ORD000587,CUST0329,PROD0005,2023-05-21,1,5,9881.51,1309.06,Net Banking,Delivered,Rajasthan,Jaipur
ORD000588,CUST0043,PROD0031,2023-09-15,2,0,54048.7,10516.52,Debit Card,Delivered,Uttar Pradesh,Lucknow
ORD000589,CUST0253,PROD0026,2023-01-15,2,10,32110.18,-131.96,UPI,Delivered,Maharashtra,Pune
ORD000590,CUST0418,PROD0001,2024-08-09,1,0,23098.13,5508.91,Credit Card,Cancelled,Karnataka,Bangalore
ORD000591,CUST0466,PROD0030,2024-04-29,3,10,25561.49,-222.43,Credit Card,Returned,Gujarat,Ahmedabad
ORD000592,CUST0514,PROD0019,2023-07-14,1,5,15897.48,1386.2,UPI,Delivered,Delhi,Delhi
ORD000593,CUST0117,PROD0014,2023-11-26,1,0,9430.77,1089.07,Cash on Delivery,Delivered,Madhya Pradesh,Bhopal
ORD000594,CUST0401,PROD0023,2023-10-28,3,0,56301.99,13052.82,Debit Card,Cancelled,Tamil Nadu,Coimbatore
ORD000595,CUST0196,PROD0009,2023-05-14,2,10,46408.07,235.71,Net Banking,Delivered,Maharashtra,Mumbai
ORD000596,CUST0371,PROD0028,2024-10-25,3,20,18677.33,-1710.91,Debit Card,Delivered,Chandigarh,Chandigarh
ORD000597,CUST0086,PROD0033,2023-09-24,1,0,17594.49,1710.17,Cash on Delivery,Cancelled,West Bengal,Kolkata
ORD000598,CUST0490,PROD0023,2023-08-19,1,0,18767.33,4350.94,Unknown,Cancelled,Assam,Guwahati
ORD000599,CUST0489,PROD0017,2023-03-09,2,5,46074.13,9937.41,Debit Card,Delivered,Maharashtra,Pune
ORD000600,CUST0111,PROD0026,2024-07-31,2,5,33894.08,1651.94,Debit Card,Delivered,Rajasthan,Jaipur
ORD000601,CUST0280,PROD0012,2023-11-16,2,20,40290.27,-354.67,Debit Card,Delivered,West Bengal,Kolkata
ORD000602,CUST0550,PROD0032,2024-02-22,1,5,10905.06,795.57,UPI,Delivered,Kerala,Kochi
ORD000603,CUST0010,PROD0007,2023-05-03,3,15,34728.25,2462.98,Net Banking,Cancelled,Bihar,Patna
ORD000604,CUST0339,PROD0008,2024-03-19,2,10,19362.92,460.16,UPI,Returned,Kerala,Kochi
ORD000605,CUST0469,PROD0005,2024-09-28,2,30,14562.23,-2582.67,Net Banking,Delivered,Maharashtra,Nagpur
ORD000606,CUST0351,PROD0035,2023-04-10,1,10,11288.74,705.9,Cash on Delivery,Cancelled,Gujarat,Surat
ORD000607,CUST0090,PROD0020,2023-02-20,3,0,57120.63,7710.93,Credit Card,Returned,Maharashtra,Pune
ORD000608,CUST0047,PROD0023,2024-02-06,2,10,33781.19,4948.41,Debit Card,Delivered,Kerala,Kochi
ORD000609,CUST0221,PROD0025,2023-06-18,1,15,21827.5,1339.59,Cash on Delivery,Returned,Bihar,Patna
ORD000610,CUST0597,PROD0030,2024-07-15,1,0,9467.22,872.58,Debit Card,Delivered,Uttar Pradesh,Lucknow
ORD000611,CUST0172,PROD0027,2024-07-12,2,5,57722.4,11246.92,Debit Card,Delivered,Gujarat,Ahmedabad
ORD000612,CUST0539,PROD0004,2025-02-26,2,0,26315.62,3573.34,Debit Card,Delivered,Kerala,Kochi
ORD000613,CUST0478,PROD0001,2024-10-20,1,20,18478.5,889.28,Debit Card,Delivered,Telangana,Hyderabad
ORD000614,CUST0316,PROD0026,2024-08-03,2,5,33894.08,1651.94,Unknown,Delivered,Kerala,Kochi
ORD000615,CUST0391,PROD0015,2023-10-22,1,10,10185.41,1248.5,Cash on Delivery,Cancelled,Gujarat,Ahmedabad
ORD000616,CUST0536,PROD0027,2025-02-09,1,20,24304.17,1066.43,UPI,Cancelled,Uttar Pradesh,Kanpur
ORD000617,CUST0481,PROD0015,2024-11-02,3,0,33951.36,7140.63,Net Banking,Delivered,Delhi,Delhi
ORD000618,CUST0590,PROD0015,2024-09-23,1,20,9053.7,116.79,Credit Card,Delivered,Madhya Pradesh,Indore
ORD000619,CUST0487,PROD0011,2024-05-17,1,30,2292.86,-256.77,Credit Card,Delivered,Karnataka,Bangalore
ORD000620,CUST0093,PROD0018,2025-07-06,1,10,16111.84,1041.65,Net Banking,Delivered,Maharashtra,Pune
ORD000621,CUST0476,PROD0016,2024-12-12,1,30,17327.01,-1467.55,UPI,Delivered,Gujarat,Surat
ORD000622,CUST0404,PROD0029,2024-03-14,1,0,20733.73,3121.67,Cash on Delivery,Delivered,Maharashtra,Mumbai
ORD000623,CUST0249,PROD0007,2023-05-05,2,5,25875.95,4365.77,Credit Card,Delivered,Rajasthan,Jaipur
ORD000624,CUST0443,PROD0022,2025-02-04,2,10,21568.09,3000.31,Net Banking,Delivered,Gujarat,Ahmedabad
ORD000625,CUST0014,PROD0027,2025-05-16,5,0,151901.05,35712.35,Cash on Delivery,Delivered,West Bengal,Kolkata
ORD000626,CUST0174,PROD0014,2024-03-17,1,0,9430.77,1089.07,Debit Card,Delivered,Delhi,Delhi
ORD000627,CUST0252,PROD0034,2024-03-05,2,5,40973.92,3592.16,UPI,Delivered,Karnataka,Bangalore
ORD000628,CUST0569,PROD0025,2024-10-06,2,0,51358.82,10383.0,Debit Card,Returned,West Bengal,Kolkata
ORD000629,CUST0592,PROD0024,2024-10-31,1,0,28420.75,7268.64,Cash on Delivery,Cancelled,Bihar,Patna
ORD000630,CUST0337,PROD0009,2024-03-14,1,0,25782.26,2696.08,Debit Card,Delivered,Maharashtra,Pune
ORD000631,CUST0207,PROD0016,2023-08-07,4,5,94060.91,18882.67,Cash on Delivery,Cancelled,Karnataka,Bangalore
ORD000632,CUST0585,PROD0010,2023-07-30,1,5,22217.39,1397.86,Credit Card,Returned,Maharashtra,Pune
ORD000633,CUST0479,PROD0035,2025-03-22,1,20,10034.43,-548.41,Credit Card,Delivered,Telangana,Hyderabad
ORD000634,CUST0142,PROD0014,2024-08-04,1,20,7544.62,-797.08,UPI,Delivered,Gujarat,Surat
ORD000635,CUST0122,PROD0025,2025-05-09,1,10,23111.47,2623.56,Credit Card,Delivered,Kerala,Kochi
ORD000636,CUST0180,PROD0008,2024-01-05,2,5,20438.64,1535.88,UPI,Delivered,Maharashtra,Pune
ORD000637,CUST0502,PROD0033,2024-10-21,1,10,15835.04,-49.28,Net Banking,Delivered,Maharashtra,Nagpur
ORD000638,CUST0420,PROD0029,2024-09-18,3,0,62201.19,9365.01,Cash on Delivery,Cancelled,Maharashtra,Nagpur
ORD000639,CUST0175,PROD0015,2025-01-13,1,30,7921.98,-1014.93,UPI,Returned,West Bengal,Kolkata
ORD000640,CUST0011,PROD0003,2025-04-11,2,0,41680.28,5554.54,UPI,Returned,Maharashtra,Mumbai
ORD000641,CUST0173,PROD0012,2024-03-02,1,0,25181.42,4858.95,Debit Card,Cancelled,Delhi,Delhi
ORD000642,CUST0590,PROD0003,2023-01-29,1,0,20840.14,2777.27,UPI,Returned,Madhya Pradesh,Indore
ORD000643,CUST0545,PROD0019,2024-03-23,1,10,15060.77,549.49,Unknown,Returned,Delhi,Delhi
ORD000644,CUST0488,PROD0006,2023-11-28,1,10,10606.83,119.49,Net Banking,Delivered,Maharashtra,Nagpur
ORD000645,CUST0068,PROD0003,2024-03-10,3,0,62520.42,8331.81,Cash on Delivery,Returned,Gujarat,Surat
ORD000646,CUST0172,PROD0024,2023-06-10,1,0,28420.75,7268.64,Net Banking,Delivered,Gujarat,Ahmedabad
ORD000647,CUST0229,PROD0003,2024-12-24,1,0,20840.14,2777.27,Cash on Delivery,Delivered,Maharashtra,Pune
ORD000648,CUST0434,PROD0025,2024-07-23,5,0,128397.05,25957.5,Debit Card,Delivered,Telangana,Hyderabad
ORD000649,CUST0227,PROD0002,2023-05-01,1,5,20041.38,3716.1,Net Banking,Delivered,Maharashtra,Pune
ORD000650,CUST0134,PROD0027,2023-04-07,1,0,30380.21,7142.47,UPI,Returned,Assam,Guwahati
ORD000651,CUST0349,PROD0013,2025-02-09,4,15,62094.81,3200.17,Net Banking,Returned,Chandigarh,Chandigarh
ORD000652,CUST0173,PROD0032,2025-01-20,1,0,11479.01,1369.52,UPI,Cancelled,Delhi,Delhi
ORD000653,CUST0490,PROD0006,2023-11-03,2,0,23570.74,2596.06,Credit Card,Delivered,Assam,Guwahati
ORD000654,CUST0437,PROD0001,2024-09-03,1,30,16168.69,-1420.53,Net Banking,Delivered,Gujarat,Surat
ORD000655,CUST0032,PROD0006,2025-01-16,1,15,10017.56,-469.78,Debit Card,Delivered,Karnataka,Bangalore
ORD000656,CUST0049,PROD0003,2024-05-16,1,10,18756.13,693.26,UPI,Delivered,Assam,Guwahati
ORD000657,CUST0312,PROD0031,2024-01-13,1,15,22970.7,1204.61,UPI,Delivered,Bihar,Patna
ORD000658,CUST0479,PROD0011,2024-01-25,3,10,8843.88,1194.99,Debit Card,Delivered,Telangana,Hyderabad
ORD000659,CUST0406,PROD0032,2024-08-07,1,5,10905.06,795.57,Debit Card,Cancelled,Tamil Nadu,Chennai
ORD000660,CUST0387,PROD0012,2024-05-31,3,0,75544.26,14576.85,Credit Card,Delivered,Assam,Guwahati
ORD000661,CUST0110,PROD0018,2025-07-06,1,5,17006.95,1936.76,Debit Card,Delivered,Gujarat,Ahmedabad
ORD000662,CUST0288,PROD0022,2023-12-28,3,10,32352.13,4500.46,Net Banking,Delivered,Delhi,Delhi
ORD000663,CUST0168,PROD0021,2023-11-17,2,15,6329.46,651.0,Credit Card,Delivered,Madhya Pradesh,Indore
ORD000664,CUST0264,PROD0021,2025-02-05,2,0,7446.42,1767.96,UPI,Delivered,Assam,Guwahati
ORD000665,CUST0002,PROD0017,2024-07-10,1,5,23037.06,4968.7,Net Banking,Cancelled,Rajasthan,Jaipur
ORD000666,CUST0283,PROD0033,2025-01-08,1,0,17594.49,1710.17,Cash on Delivery,Delivered,Madhya Pradesh,Indore
ORD000667,CUST0364,PROD0006,2024-02-15,1,10,10606.83,119.49,Credit Card,Returned,Karnataka,Bangalore
ORD000668,CUST0319,PROD0033,2025-01-11,1,5,16714.77,830.45,Net Banking,Delivered,Maharashtra,Pune
ORD000669,CUST0473,PROD0015,2024-05-27,1,0,11317.12,2380.21,UPI,Delivered,Madhya Pradesh,Bhopal
ORD000670,CUST0423,PROD0007,2023-08-11,2,10,24514.06,3003.88,Cash on Delivery,Returned,Delhi,Delhi
ORD000671,CUST0485,PROD0009,2024-09-16,2,0,51564.52,5392.16,Debit Card,Returned,Assam,Guwahati
ORD000672,CUST0457,PROD0030,2023-03-15,1,10,8520.5,-74.14,UPI,Cancelled,Madhya Pradesh,Indore
ORD000673,CUST0016,PROD0017,2025-05-26,1,10,21824.59,3756.23,Debit Card,Delivered,Maharashtra,Nagpur
ORD000674,CUST0453,PROD0023,2024-06-24,2,10,33781.19,4948.41,Cash on Delivery,Delivered,Kerala,Kochi
ORD000675,CUST0414,PROD0020,2024-04-03,3,10,51408.57,1998.87,Credit Card,Delivered,Uttar Pradesh,Lucknow
ORD000676,CUST0292,PROD0033,2024-07-11,1,5,16714.77,830.45,Credit Card,Delivered,Telangana,Hyderabad
ORD000677,CUST0270,PROD0021,2024-03-12,1,5,3537.05,697.82,Debit Card,Delivered,Rajasthan,Jaipur
ORD000678,CUST0114,PROD0021,2024-06-06,5,0,18616.05,4419.9,Cash on Delivery,Delivered,Kerala,Kochi
ORD000679,CUST0133,PROD0005,2025-02-13,2,5,19763.02,2618.12,UPI,Delivered,Maharashtra,Pune
ORD000680,CUST0332,PROD0030,2023-06-15,1,15,8047.14,-547.5,UPI,Delivered,Madhya Pradesh,Indore
ORD000681,CUST0173,PROD0033,2025-06-19,3,5,50144.3,2491.34,Net Banking,Delivered,Delhi,Delhi
ORD000682,CUST0270,PROD0030,2023-03-07,2,0,18934.44,1745.16,Net Banking,Delivered,Rajasthan,Jaipur
ORD000683,CUST0468,PROD0023,2023-04-13,1,5,17828.96,3412.57,Cash on Delivery,Delivered,Rajasthan,Jaipur
ORD000684,CUST0562,PROD0017,2025-02-05,5,10,109122.93,18781.13,Cash on Delivery,Cancelled,Bihar,Patna
ORD000685,CUST0121,PROD0022,2024-12-27,1,10,10784.04,1500.15,Debit Card,Delivered,Bihar,Patna
ORD000686,CUST0311,PROD0032,2023-12-23,3,15,29271.48,-1056.99,Debit Card,Delivered,Uttar Pradesh,Kanpur
ORD000687,CUST0556,PROD0026,2024-04-10,2,10,32110.18,-131.96,Debit Card,Delivered,Bihar,Patna
ORD000688,CUST0518,PROD0010,2024-09-13,2,0,46773.46,5134.4,Credit Card,Returned,Uttar Pradesh,Lucknow
ORD000689,CUST0385,PROD0003,2023-03-27,1,0,20840.14,2777.27,Debit Card,Returned,Bihar,Patna
ORD000690,CUST0296,PROD0006,2025-02-08,1,0,11785.37,1298.03,UPI,Delivered,Telangana,Hyderabad
ORD000691,CUST0238,PROD0030,2025-04-15,3,5,26981.58,1197.66,Net Banking,Returned,Chandigarh,Chandigarh
ORD000692,CUST0018,PROD0002,2025-04-30,1,10,18986.57,2661.29,UPI,Delivered,Delhi,Delhi
ORD000693,CUST0105,PROD0008,2024-08-22,4,0,43028.72,5223.2,Credit Card,Delivered,Delhi,Delhi
ORD000694,CUST0457,PROD0014,2023-01-01,2,0,18861.54,2178.14,UPI,Delivered,Madhya Pradesh,Indore
ORD000695,CUST0397,PROD0033,2023-05-19,4,15,59821.27,-3716.01,UPI,Cancelled,Rajasthan,Jaipur
ORD000696,CUST0514,PROD0019,2023-05-21,2,5,31794.96,2772.4,Cash on Delivery,Returned,Delhi,Delhi
ORD000697,CUST0582,PROD0016,2024-05-15,4,0,99011.48,23833.24,UPI,Delivered,Karnataka,Bangalore
ORD000698,CUST0109,PROD0001,2024-01-03,1,0,23098.13,5508.91,Cash on Delivery,Delivered,West Bengal,Kolkata
ORD000699,CUST0071,PROD0025,2024-06-28,1,5,24395.44,3907.53,Cash on Delivery,Delivered,Tamil Nadu,Chennai
ORD000700,CUST0244,PROD0008,2023-07-04,1,15,9143.6,-307.78,Net Banking,Delivered,Chandigarh,Chandigarh
ORD000701,CUST0302,PROD0019,2024-10-03,2,10,30121.54,1098.98,Cash on Delivery,Delivered,Maharashtra,Pune
ORD000702,CUST0333,PROD0001,2023-10-26,3,5,65829.67,13062.01,Credit Card,Cancelled,Maharashtra,Pune
ORD000703,CUST0148,PROD0006,2024-06-21,1,30,8249.76,-2237.58,Net Banking,Delivered,Karnataka,Bangalore
ORD000704,CUST0081,PROD0002,2025-05-10,3,0,63288.57,14312.73,Cash on Delivery,Cancelled,Gujarat,Ahmedabad
ORD000705,CUST0073,PROD0013,2023-10-14,1,10,16436.86,1713.2,Cash on Delivery,Delivered,Tamil Nadu,Coimbatore
ORD000706,CUST0445,PROD0012,2025-06-07,2,0,50362.84,9717.9,Debit Card,Cancelled,Madhya Pradesh,Indore
ORD000707,CUST0119,PROD0018,2024-02-14,2,20,28643.28,-1497.1,Credit Card,Delivered,Tamil Nadu,Chennai
ORD000708,CUST0351,PROD0016,2025-07-14,1,10,22277.58,3483.02,UPI,Delivered,Gujarat,Surat
ORD000709,CUST0280,PROD0022,2023-11-21,2,5,22766.31,4198.53,Cash on Delivery,Cancelled,West Bengal,Kolkata
ORD000710,CUST0563,PROD0003,2023-03-26,4,10,75024.5,2773.02,Cash on Delivery,Returned,West Bengal,Kolkata
ORD000711,CUST0127,PROD0023,2023-01-08,1,15,15952.23,1535.84,Cash on Delivery,Delivered,Uttar Pradesh,Lucknow
ORD000712,CUST0395,PROD0026,2025-07-18,1,0,17838.99,1717.92,UPI,Delivered,Bihar,Patna
ORD000713,CUST0510,PROD0015,2024-01-16,1,15,9619.55,682.64,Unknown,Delivered,Maharashtra,Pune
ORD000714,CUST0151,PROD0005,2023-05-01,2,0,20803.18,3658.28,Debit Card,Delivered,Gujarat,Surat
ORD000715,CUST0504,PROD0007,2023-10-05,1,5,12937.97,2182.88,Net Banking,Delivered,Gujarat,Surat
ORD000716,CUST0418,PROD0012,2023-12-14,1,20,20145.14,-177.33,Cash on Delivery,Returned,Karnataka,Bangalore
ORD000717,CUST0386,PROD0031,2024-06-01,3,10,72965.74,7667.47,Net Banking,Cancelled,Maharashtra,Pune
ORD000718,CUST0480,PROD0025,2023-02-20,1,15,21827.5,1339.59,Debit Card,Returned,Gujarat,Surat
ORD000719,CUST0453,PROD0032,2024-10-24,2,0,22958.02,2739.04,Net Banking,Delivered,Kerala,Kochi
ORD000720,CUST0456,PROD0001,2025-02-12,1,15,19633.41,2044.19,Debit Card,Returned,Maharashtra,Pune
ORD000721,CUST0063,PROD0017,2023-12-05,5,0,121247.7,30905.9,Debit Card,Returned,Madhya Pradesh,Indore
ORD000722,CUST0424,PROD0033,2025-03-22,1,20,14075.59,-1808.73,Credit Card,Delivered,Uttar Pradesh,Kanpur
ORD000723,CUST0426,PROD0004,2025-03-26,4,10,47368.12,1883.56,Debit Card,Returned,Delhi,Delhi
ORD000724,CUST0569,PROD0010,2023-08-10,2,5,44434.79,2795.73,Credit Card,Cancelled,West Bengal,Kolkata
ORD000725,CUST0270,PROD0006,2024-10-23,2,30,16499.52,-4475.16,Net Banking,Delivered,Rajasthan,Jaipur
ORD000726,CUST0398,PROD0012,2024-01-07,1,10,22663.28,2340.81,Credit Card,Delivered,Madhya Pradesh,Bhopal
ORD000727,CUST0183,PROD0026,2023-10-27,2,0,35677.98,3435.84,Net Banking,Delivered,Uttar Pradesh,Lucknow
ORD000728,CUST0193,PROD0030,2023-12-27,1,0,9467.22,872.58,Cash on Delivery,Delivered,Rajasthan,Jaipur
ORD000729,CUST0478,PROD0015,2023-12-26,3,0,33951.36,7140.63,Unknown,Delivered,Telangana,Hyderabad
ORD000730,CUST0220,PROD0002,2024-05-28,1,20,16876.95,551.67,UPI,Cancelled,Uttar Pradesh,Lucknow
ORD000731,CUST0098,PROD0014,2024-09-16,2,10,16975.39,291.99,Debit Card,Returned,West Bengal,Kolkata
ORD000732,CUST0477,PROD0021,2024-03-23,1,5,3537.05,697.82,UPI,Delivered,Karnataka,Bangalore
ORD000733,CUST0355,PROD0022,2023-06-27,2,0,23964.54,5396.76,Credit Card,Delivered,Kerala,Kochi
ORD000734,CUST0057,PROD0032,2023-12-29,1,15,9757.16,-352.33,Net Banking,Delivered,Bihar,Patna
ORD000735,CUST0543,PROD0029,2025-05-20,1,5,19697.04,2084.98,Credit Card,Delivered,Gujarat,Surat
ORD000736,CUST0163,PROD0031,2025-03-02,3,10,72965.74,7667.47,Debit Card,Delivered,Madhya Pradesh,Indore
ORD000737,CUST0569,PROD0012,2023-05-26,1,30,17626.99,-2695.48,Cash on Delivery,Cancelled,West Bengal,Kolkata
ORD000738,CUST0520,PROD0008,2025-07-28,1,5,10219.32,767.94,UPI,Returned,Kerala,Kochi
ORD000739,CUST0456,PROD0026,2024-09-23,1,0,17838.99,1717.92,Cash on Delivery,Delivered,Maharashtra,Pune
ORD000740,CUST0111,PROD0013,2023-05-07,4,0,73052.72,14158.08,Debit Card,Delivered,Rajasthan,Jaipur
ORD000741,CUST0174,PROD0022,2023-03-09,1,15,10184.93,901.04,Net Banking,Delivered,Delhi,Delhi
ORD000742,CUST0446,PROD0015,2023-01-15,1,10,10185.41,1248.5,Cash on Delivery,Delivered,Chandigarh,Chandigarh
ORD000743,CUST0418,PROD0023,2024-11-10,3,0,56301.99,13052.82,Net Banking,Cancelled,Karnataka,Bangalore
ORD000744,CUST0452,PROD0010,2024-04-03,1,0,23386.73,2567.2,Credit Card,Returned,Uttar Pradesh,Kanpur
ORD000745,CUST0405,PROD0028,2024-02-16,1,0,7782.22,986.14,Credit Card,Delivered,Rajasthan,Jaipur
ORD000746,CUST0133,PROD0030,2025-07-21,5,15,40235.68,-2737.52,UPI,Cancelled,Maharashtra,Pune
ORD000747,CUST0396,PROD0014,2023-03-21,2,0,18861.54,2178.14,Credit Card,Returned,Gujarat,Surat
ORD000748,CUST0391,PROD0025,2024-08-27,3,5,73186.32,11722.59,Credit Card,Delivered,Gujarat,Ahmedabad
ORD000749,CUST0367,PROD0022,2024-01-27,1,10,10784.04,1500.15,Net Banking,Returned,Karnataka,Bangalore
ORD000750,CUST0222,PROD0033,2024-03-05,2,20,28151.18,-3617.46,Credit Card,Returned,Chandigarh,Chandigarh
ORD000751,CUST0252,PROD0033,2025-01-13,1,10,15835.04,-49.28,UPI,Delivered,Karnataka,Bangalore
ORD000752,CUST0225,PROD0025,2024-07-23,1,0,25679.41,5191.5,Unknown,Delivered,Tamil Nadu,Coimbatore
ORD000753,CUST0271,PROD0015,2024-02-06,1,15,9619.55,682.64,Net Banking,Delivered,Maharashtra,Mumbai
ORD000754,CUST0057,PROD0017,2023-06-19,1,10,21824.59,3756.23,Debit Card,Delivered,Bihar,Patna
ORD000755,CUST0048,PROD0003,2024-04-24,1,10,18756.13,693.26,UPI,Cancelled,Assam,Guwahati
ORD000756,CUST0296,PROD0013,2024-06-04,2,10,32873.72,3426.4,Cash on Delivery,Returned,Telangana,Hyderabad
ORD000757,CUST0339,PROD0025,2024-02-28,1,15,21827.5,1339.59,Cash on Delivery,Delivered,Kerala,Kochi
ORD000758,CUST0581,PROD0007,2023-12-01,1,15,11576.08,820.99,Cash on Delivery,Delivered,Madhya Pradesh,Indore
ORD000759,CUST0593,PROD0026,2023-06-25,1,15,15163.14,-957.93,Net Banking,Delivered,Karnataka,Bangalore
ORD000760,CUST0100,PROD0001,2024-07-23,1,10,20788.32,3199.1,Credit Card,Delivered,Maharashtra,Pune
ORD000761,CUST0403,PROD0023,2024-06-28,1,0,18767.33,4350.94,Cash on Delivery,Delivered,Assam,Guwahati
ORD000762,CUST0016,PROD0019,2025-03-08,1,10,15060.77,549.49,Debit Card,Delivered,Maharashtra,Nagpur
ORD000763,CUST0576,PROD0002,2023-08-12,4,0,84384.76,19083.64,Credit Card,Cancelled,Maharashtra,Mumbai
ORD000764,CUST0494,PROD0032,2024-04-17,1,0,11479.01,1369.52,Unknown,Cancelled,Bihar,Patna
ORD000765,CUST0595,PROD0005,2024-01-23,1,20,8321.27,-251.18,Credit Card,Delivered,Rajasthan,Jaipur
ORD000766,CUST0099,PROD0007,2024-05-29,2,20,21790.27,280.09,Credit Card,Delivered,Assam,Guwahati
ORD000767,CUST0368,PROD0029,2023-12-12,1,10,18660.36,1048.3,Credit Card,Cancelled,Telangana,Hyderabad
ORD000768,CUST0063,PROD0030,2025-07-10,1,0,9467.22,872.58,Credit Card,Delivered,Madhya Pradesh,Indore
ORD000769,CUST0441,PROD0034,2024-06-19,1,10,19408.7,717.82,UPI,Cancelled,Gujarat,Ahmedabad
ORD000770,CUST0140,PROD0015,2024-10-25,3,20,27161.09,350.36,Net Banking,Cancelled,Uttar Pradesh,Lucknow
ORD000771,CUST0098,PROD0032,2023-04-17,2,0,22958.02,2739.04,UPI,Returned,West Bengal,Kolkata
ORD000772,CUST0350,PROD0020,2024-03-29,1,0,19040.21,2570.31,Net Banking,Cancelled,Telangana,Hyderabad
ORD000773,CUST0052,PROD0021,2024-10-12,4,0,14892.84,3535.92,Credit Card,Returned,Karnataka,Bangalore
ORD000774,CUST0518,PROD0025,2023-05-14,1,10,23111.47,2623.56,Debit Card,Delivered,Uttar Pradesh,Lucknow
ORD000775,CUST0267,PROD0007,2024-11-19,1,0,13618.92,2863.83,Debit Card,Returned,Madhya Pradesh,Indore
ORD000776,CUST0393,PROD0026,2025-07-15,2,0,35677.98,3435.84,Debit Card,Cancelled,Tamil Nadu,Coimbatore
ORD000777,CUST0187,PROD0005,2025-07-15,3,30,21843.34,-3874.01,UPI,Delivered,Delhi,Delhi
ORD000778,CUST0180,PROD0024,2025-01-03,1,15,24157.64,3005.53,Net Banking,Returned,Maharashtra,Pune
ORD000779,CUST0103,PROD0018,2024-03-13,1,0,17902.05,2831.86,Debit Card,Returned,Uttar Pradesh,Kanpur
ORD000780,CUST0263,PROD0017,2023-03-15,3,5,69111.19,14906.11,Debit Card,Delivered,Maharashtra,Mumbai
ORD000781,CUST0416,PROD0014,2025-04-18,1,0,9430.77,1089.07,Cash on Delivery,Returned,Maharashtra,Nagpur
ORD000782,CUST0336,PROD0013,2023-03-25,1,0,18263.18,3539.52,Cash on Delivery,Delivered,Maharashtra,Pune
ORD000783,CUST0224,PROD0012,2024-03-21,1,10,22663.28,2340.81,UPI,Returned,Gujarat,Surat
ORD000784,CUST0432,PROD0033,2024-11-29,2,20,28151.18,-3617.46,UPI,Cancelled,Maharashtra,Mumbai
ORD000785,CUST0016,PROD0028,2025-06-23,3,5,22179.33,1791.09,Credit Card,Cancelled,Maharashtra,Nagpur
ORD000786,CUST0286,PROD0034,2023-03-15,4,5,81947.84,7184.32,Cash on Delivery,Cancelled,Uttar Pradesh,Kanpur
ORD000787,CUST0430,PROD0013,2024-08-19,1,15,15523.7,800.04,Net Banking,Delivered,Tamil Nadu,Coimbatore
ORD000788,CUST0600,PROD0008,2025-01-21,1,15,9143.6,-307.78,Debit Card,Returned,Madhya Pradesh,Indore
ORD000789,CUST0007,PROD0035,2023-10-22,1,5,11915.89,1333.05,Net Banking,Delivered,Chandigarh,Chandigarh
ORD000790,CUST0541,PROD0006,2023-02-19,1,0,11785.37,1298.03,Cash on Delivery,Delivered,Karnataka,Bangalore
ORD000791,CUST0255,PROD0018,2023-11-20,2,15,30433.48,293.1,Net Banking,Delivered,Karnataka,Bangalore
ORD000792,CUST0225,PROD0002,2025-01-03,1,5,20041.38,3716.1,Credit Card,Cancelled,Tamil Nadu,Coimbatore
ORD000793,CUST0435,PROD0032,2024-03-17,2,5,21810.12,1591.14,UPI,Delivered,Telangana,Hyderabad
ORD000794,CUST0267,PROD0006,2024-04-27,1,5,11196.1,708.76,Debit Card,Delivered,Madhya Pradesh,Indore
ORD000795,CUST0302,PROD0012,2024-03-18,1,0,25181.42,4858.95,Cash on Delivery,Delivered,Maharashtra,Pune
ORD000796,CUST0452,PROD0027,2024-11-22,4,0,121520.84,28569.88,Net Banking,Delivered,Uttar Pradesh,Kanpur
ORD000797,CUST0229,PROD0020,2024-02-01,3,0,57120.63,7710.93,Debit Card,Returned,Maharashtra,Pune
ORD000798,CUST0566,PROD0025,2025-06-23,1,30,17975.59,-2512.32,Debit Card,Returned,Maharashtra,Pune
ORD000799,CUST0134,PROD0030,2025-01-21,3,0,28401.66,2617.74,Cash on Delivery,Cancelled,Assam,Guwahati
ORD000800,CUST0072,PROD0031,2023-09-30,1,10,24321.92,2555.83,Cash on Delivery,Delivered,Chandigarh,Chandigarh
ORD000801,CUST0078,PROD0002,2023-02-03,2,15,35863.52,3212.96,Debit Card,Cancelled,Karnataka,Bangalore
ORD000802,CUST0274,PROD0015,2025-05-19,1,20,9053.7,116.79,Net Banking,Cancelled,Tamil Nadu,Coimbatore
ORD000803,CUST0048,PROD0011,2024-12-06,1,20,2620.41,70.78,Net Banking,Delivered,Assam,Guwahati
ORD000804,CUST0401,PROD0033,2024-11-15,3,0,52783.47,5130.51,Net Banking,Delivered,Tamil Nadu,Coimbatore
ORD000805,CUST0123,PROD0034,2024-06-15,1,0,21565.22,2874.34,Debit Card,Returned,Madhya Pradesh,Bhopal
ORD000806,CUST0521,PROD0017,2023-02-27,1,0,24249.54,6181.18,Cash on Delivery,Delivered,Uttar Pradesh,Kanpur
ORD000807,CUST0133,PROD0019,2024-03-21,2,0,33468.38,4445.82,Net Banking,Delivered,Maharashtra,Pune
ORD000808,CUST0034,PROD0011,2023-06-09,3,10,8843.88,1194.99,Net Banking,Delivered,Maharashtra,Pune
ORD000809,CUST0224,PROD0026,2023-02-18,1,5,16947.04,825.97,Net Banking,Returned,Gujarat,Surat
ORD000810,CUST0439,PROD0020,2025-07-21,1,0,19040.21,2570.31,Cash on Delivery,Cancelled,Madhya Pradesh,Bhopal
ORD000811,CUST0149,PROD0019,2025-01-31,1,10,15060.77,549.49,Cash on Delivery,Delivered,Uttar Pradesh,Kanpur
ORD000812,CUST0364,PROD0029,2024-08-11,1,0,20733.73,3121.67,Cash on Delivery,Delivered,Karnataka,Bangalore
ORD000813,CUST0051,PROD0033,2023-09-28,4,5,66859.06,3321.78,UPI,Cancelled,Gujarat,Ahmedabad
ORD000814,CUST0255,PROD0018,2023-03-19,3,10,48335.54,3124.97,UPI,Delivered,Karnataka,Bangalore
ORD000815,CUST0202,PROD0016,2024-04-21,1,10,22277.58,3483.02,Net Banking,Delivered,Assam,Guwahati
ORD000816,CUST0382,PROD0034,2025-03-13,1,15,18330.44,-360.44,Credit Card,Cancelled,Tamil Nadu,Coimbatore
ORD000817,CUST0106,PROD0035,2023-09-19,2,15,21323.17,157.49,Cash on Delivery,Delivered,Telangana,Hyderabad
ORD000818,CUST0513,PROD0031,2023-05-05,2,0,54048.7,10516.52,Debit Card,Returned,Gujarat,Ahmedabad
ORD000819,CUST0591,PROD0024,2023-09-22,4,5,107998.85,23390.41,Credit Card,Delivered,Madhya Pradesh,Bhopal
ORD000820,CUST0034,PROD0007,2025-03-19,1,0,13618.92,2863.83,Credit Card,Delivered,Maharashtra,Pune
ORD000821,CUST0444,PROD0035,2023-01-14,1,20,10034.43,-548.41,Net Banking,Returned,Rajasthan,Jaipur
ORD000822,CUST0574,PROD0030,2023-04-16,3,10,25561.49,-222.43,Net Banking,Delivered,Kerala,Kochi
ORD000823,CUST0571,PROD0014,2023-06-14,4,5,35836.93,2470.13,Cash on Delivery,Cancelled,Gujarat,Ahmedabad
ORD000824,CUST0531,PROD0031,2024-07-11,2,0,54048.7,10516.52,Credit Card,Returned,Kerala,Kochi
ORD000825,CUST0291,PROD0013,2023-05-23,4,5,69400.08,10505.44,Net Banking,Delivered,Maharashtra,Pune
ORD000826,CUST0225,PROD0019,2024-02-25,1,0,16734.19,2222.91,Cash on Delivery,Delivered,Tamil Nadu,Coimbatore
ORD000827,CUST0456,PROD0014,2025-01-30,1,20,7544.62,-797.08,Net Banking,Delivered,Maharashtra,Pune
ORD000828,CUST0272,PROD0035,2023-09-04,1,15,10661.58,78.74,Cash on Delivery,Returned,Maharashtra,Nagpur
ORD000829,CUST0114,PROD0013,2024-10-22,1,0,18263.18,3539.52,Credit Card,Delivered,Kerala,Kochi
ORD000830,CUST0149,PROD0033,2024-04-01,4,0,70377.96,6840.68,Cash on Delivery,Cancelled,Uttar Pradesh,Kanpur
ORD000831,CUST0527,PROD0022,2025-01-23,1,0,11982.27,2698.38,UPI,Returned,Bihar,Patna
ORD000832,CUST0026,PROD0028,2025-03-23,2,0,15564.44,1972.28,Net Banking,Delivered,Karnataka,Bangalore
ORD000833,CUST0566,PROD0034,2023-11-19,2,10,38817.4,1435.64,Net Banking,Delivered,Maharashtra,Pune
ORD000834,CUST0057,PROD0028,2023-03-21,1,0,7782.22,986.14,Cash on Delivery,Returned,Bihar,Patna
ORD000835,CUST0553,PROD0015,2023-05-17,1,20,9053.7,116.79,Cash on Delivery,Delivered,Tamil Nadu,Coimbatore
ORD000836,CUST0232,PROD0028,2025-05-29,1,0,7782.22,986.14,Net Banking,Returned,Assam,Guwahati
ORD000837,CUST0218,PROD0027,2023-05-26,2,5,57722.4,11246.92,Net Banking,Cancelled,West Bengal,Kolkata
ORD000838,CUST0467,PROD0006,2024-04-12,1,5,11196.1,708.76,Debit Card,Delivered,Gujarat,Ahmedabad
ORD000839,CUST0276,PROD0019,2025-07-24,5,5,79487.4,6931.0,Net Banking,Returned,Maharashtra,Mumbai
ORD000840,CUST0434,PROD0012,2024-12-26,2,20,40290.27,-354.67,UPI,Returned,Telangana,Hyderabad
ORD000841,CUST0448,PROD0023,2023-08-13,2,5,35657.93,6825.15,Credit Card,Returned,Gujarat,Surat
ORD000842,CUST0496,PROD0022,2024-02-19,1,5,11383.16,2099.27,Cash on Delivery,Delivered,Bihar,Patna
ORD000843,CUST0378,PROD0022,2024-08-23,2,10,21568.09,3000.31,Credit Card,Delivered,Rajasthan,Jaipur
ORD000844,CUST0538,PROD0023,2023-07-18,1,10,16890.6,2474.21,Credit Card,Delivered,Tamil Nadu,Coimbatore
ORD000845,CUST0367,PROD0034,2024-11-22,1,10,19408.7,717.82,UPI,Delivered,Karnataka,Bangalore
ORD000846,CUST0342,PROD0016,2023-11-22,1,0,24752.87,5958.31,UPI,Cancelled,Bihar,Patna
ORD000847,CUST0393,PROD0021,2024-08-28,2,20,5957.14,278.68,Cash on Delivery,Delivered,Tamil Nadu,Coimbatore
ORD000848,CUST0129,PROD0035,2024-12-12,2,0,25086.08,3920.4,UPI,Cancelled,Chandigarh,Chandigarh
ORD000849,CUST0556,PROD0002,2023-04-20,4,15,71727.05,6425.93,Net Banking,Returned,Bihar,Patna
ORD000850,CUST0143,PROD0017,2023-06-07,1,0,24249.54,6181.18,Cash on Delivery,Returned,Karnataka,Bangalore
ORD000851,CUST0073,PROD0004,2024-01-11,1,0,13157.81,1786.67,Cash on Delivery,Cancelled,Tamil Nadu,Coimbatore
ORD000852,CUST0342,PROD0022,2023-10-11,1,0,11982.27,2698.38,UPI,Delivered,Bihar,Patna
ORD000853,CUST0342,PROD0031,2024-12-03,1,10,24321.92,2555.83,UPI,Delivered,Bihar,Patna
ORD000854,CUST0257,PROD0015,2024-12-09,5,15,48097.76,3413.21,Net Banking,Delivered,Gujarat,Ahmedabad
ORD000855,CUST0406,PROD0030,2024-05-16,1,0,9467.22,872.58,UPI,Delivered,Tamil Nadu,Chennai
ORD000856,CUST0217,PROD0002,2023-12-24,4,5,80165.52,14864.4,Cash on Delivery,Returned,Maharashtra,Mumbai
ORD000857,CUST0446,PROD0012,2024-10-26,4,0,100725.68,19435.8,Credit Card,Delivered,Chandigarh,Chandigarh
ORD000858,CUST0041,PROD0026,2024-03-23,2,0,35677.98,3435.84,Cash on Delivery,Delivered,West Bengal,Kolkata
ORD000859,CUST0421,PROD0004,2023-05-17,1,0,13157.81,1786.67,UPI,Cancelled,Maharashtra,Mumbai
ORD000860,CUST0281,PROD0030,2025-03-30,2,5,17987.72,798.44,Unknown,Delivered,Uttar Pradesh,Lucknow
ORD000861,CUST0278,PROD0007,2023-01-12,3,30,28599.73,-3665.54,Cash on Delivery,Cancelled,Bihar,Patna
ORD000862,CUST0488,PROD0005,2025-05-23,1,5,9881.51,1309.06,Cash on Delivery,Delivered,Maharashtra,Nagpur
ORD000863,CUST0299,PROD0029,2024-02-27,1,0,20733.73,3121.67,Net Banking,Delivered,Gujarat,Surat
ORD000864,CUST0493,PROD0004,2024-10-01,2,20,21052.5,-1689.78,Net Banking,Delivered,Maharashtra,Mumbai
ORD000865,CUST0003,PROD0017,2025-06-24,1,0,24249.54,6181.18,Credit Card,Returned,Gujarat,Ahmedabad
ORD000866,CUST0059,PROD0005,2024-10-05,2,0,20803.18,3658.28,Net Banking,Delivered,Maharashtra,Mumbai
ORD000867,CUST0187,PROD0013,2023-02-08,4,5,69400.08,10505.44,Debit Card,Delivered,Delhi,Delhi
ORD000868,CUST0458,PROD0019,2025-05-14,1,0,16734.19,2222.91,Debit Card,Returned,Madhya Pradesh,Bhopal
ORD000869,CUST0108,PROD0007,2024-08-23,1,20,10895.14,140.05,Debit Card,Delivered,Telangana,Hyderabad
ORD000870,CUST0426,PROD0010,2025-06-19,1,20,18709.38,-2110.15,Credit Card,Delivered,Delhi,Delhi
ORD000871,CUST0059,PROD0002,2024-02-11,4,10,75946.28,10645.16,Net Banking,Delivered,Maharashtra,Mumbai
ORD000872,CUST0312,PROD0011,2025-05-14,2,0,6551.02,1451.76,Debit Card,Delivered,Bihar,Patna
ORD000873,CUST0123,PROD0021,2025-03-19,1,0,3723.21,883.98,Cash on Delivery,Delivered,Madhya Pradesh,Bhopal
ORD000874,CUST0247,PROD0028,2023-11-12,1,15,6614.89,-181.19,UPI,Delivered,Madhya Pradesh,Bhopal
ORD000875,CUST0564,PROD0005,2023-09-09,2,10,18722.86,1577.96,UPI,Cancelled,Tamil Nadu,Coimbatore
ORD000876,CUST0515,PROD0007,2023-04-03,2,5,25875.95,4365.77,Net Banking,Delivered,Bihar,Patna
ORD000877,CUST0253,PROD0034,2024-09-08,1,0,21565.22,2874.34,Debit Card,Cancelled,Maharashtra,Pune
ORD000878,CUST0542,PROD0025,2024-01-04,1,30,17975.59,-2512.32,Debit Card,Cancelled,Bihar,Patna
ORD000879,CUST0247,PROD0033,2024-12-29,1,15,14955.32,-929.0,UPI,Delivered,Madhya Pradesh,Bhopal
ORD000880,CUST0246,PROD0002,2024-12-06,1,5,20041.38,3716.1,UPI,Cancelled,Tamil Nadu,Chennai
ORD000881,CUST0074,PROD0003,2024-11-22,1,0,20840.14,2777.27,Credit Card,Returned,Maharashtra,Mumbai
ORD000882,CUST0460,PROD0011,2024-07-08,1,0,3275.51,725.88,Net Banking,Cancelled,Gujarat,Ahmedabad
ORD000883,CUST0367,PROD0010,2023-07-03,1,0,23386.73,2567.2,Credit Card,Returned,Karnataka,Bangalore
ORD000884,CUST0470,PROD0023,2023-11-14,1,0,18767.33,4350.94,Cash on Delivery,Delivered,Uttar Pradesh,Lucknow
ORD000885,CUST0496,PROD0022,2024-10-12,3,0,35946.81,8095.14,Credit Card,Delivered,Bihar,Patna
ORD000886,CUST0496,PROD0020,2023-06-19,1,30,13328.15,-3141.75,Debit Card,Delivered,Bihar,Patna
ORD000887,CUST0517,PROD0018,2024-05-30,1,5,17006.95,1936.76,Debit Card,Delivered,Karnataka,Bangalore
ORD000888,CUST0022,PROD0021,2024-09-25,1,5,3537.05,697.82,Credit Card,Delivered,Tamil Nadu,Coimbatore
ORD000889,CUST0089,PROD0008,2025-02-22,2,30,15060.05,-3842.71,Credit Card,Returned,Chandigarh,Chandigarh
ORD000890,CUST0132,PROD0014,2023-01-12,3,10,25463.08,437.98,Cash on Delivery,Delivered,Karnataka,Bangalore
ORD000891,CUST0587,PROD0034,2023-04-03,1,0,21565.22,2874.34,Credit Card,Delivered,Chandigarh,Chandigarh
ORD000892,CUST0132,PROD0008,2023-04-08,1,0,10757.18,1305.8,Net Banking,Delivered,Karnataka,Bangalore
ORD000893,CUST0582,PROD0017,2024-02-25,1,20,19399.63,1331.27,Cash on Delivery,Returned,Karnataka,Bangalore
ORD000894,CUST0113,PROD0025,2023-07-26,1,0,25679.41,5191.5,Debit Card,Delivered,Kerala,Kochi
ORD000895,CUST0484,PROD0031,2023-09-24,1,20,21619.48,-146.61,Net Banking,Delivered,Maharashtra,Pune
ORD000896,CUST0427,PROD0002,2023-07-01,1,0,21096.19,4770.91,Debit Card,Delivered,Kerala,Kochi
ORD000897,CUST0297,PROD0028,2023-01-23,1,10,7004.0,207.92,Debit Card,Delivered,Tamil Nadu,Chennai
ORD000898,CUST0508,PROD0008,2023-03-28,1,0,10757.18,1305.8,Debit Card,Cancelled,Madhya Pradesh,Bhopal
ORD000899,CUST0374,PROD0015,2025-06-03,1,5,10751.26,1814.35,Cash on Delivery,Delivered,Gujarat,Surat
ORD000900,CUST0140,PROD0026,2024-09-10,1,5,16947.04,825.97,Cash on Delivery,Returned,Uttar Pradesh,Lucknow
ORD000901,CUST0522,PROD0007,2025-02-26,1,15,11576.08,820.99,Debit Card,Delivered,Rajasthan,Jaipur
ORD000902,CUST0234,PROD0033,2025-06-14,2,5,33429.53,1660.89,Net Banking,Returned,Maharashtra,Pune
ORD000903,CUST0309,PROD0001,2024-08-24,3,0,69294.39,16526.73,Net Banking,Delivered,Madhya Pradesh,Indore
ORD000904,CUST0498,PROD0028,2024-10-29,2,0,15564.44,1972.28,Debit Card,Delivered,Madhya Pradesh,Indore
ORD000905,CUST0503,PROD0013,2023-04-24,1,10,16436.86,1713.2,UPI,Delivered,Assam,Guwahati
ORD000906,CUST0064,PROD0011,2025-03-17,1,0,3275.51,725.88,Debit Card,Delivered,Maharashtra,Mumbai
ORD000907,CUST0477,PROD0033,2023-05-03,2,10,31670.08,-98.56,Net Banking,Cancelled,Karnataka,Bangalore
ORD000908,CUST0256,PROD0015,2024-09-10,1,5,10751.26,1814.35,Cash on Delivery,Delivered,Maharashtra,Pune
ORD000909,CUST0204,PROD0033,2025-04-27,1,5,16714.77,830.45,Credit Card,Delivered,Maharashtra,Mumbai
ORD000910,CUST0536,PROD0010,2024-06-17,3,0,70160.19,7701.6,Debit Card,Delivered,Uttar Pradesh,Kanpur
ORD000911,CUST0016,PROD0027,2025-06-30,4,10,109368.76,16417.8,Credit Card,Delivered,Maharashtra,Nagpur
ORD000912,CUST0041,PROD0034,2025-04-24,1,0,21565.22,2874.34,Net Banking,Delivered,West Bengal,Kolkata
ORD000913,CUST0185,PROD0004,2024-10-17,1,0,13157.81,1786.67,Cash on Delivery,Delivered,Maharashtra,Pune
ORD000914,CUST0174,PROD0009,2023-08-27,2,0,51564.52,5392.16,Cash on Delivery,Delivered,Delhi,Delhi
ORD000915,CUST0172,PROD0021,2024-03-15,1,10,3350.89,511.66,Debit Card,Delivered,Gujarat,Ahmedabad
ORD000916,CUST0229,PROD0009,2025-05-31,1,10,23204.03,117.85,Credit Card,Delivered,Maharashtra,Pune
ORD000917,CUST0552,PROD0002,2024-08-24,1,15,17931.76,1606.48,UPI,Delivered,Telangana,Hyderabad
ORD000918,CUST0119,PROD0027,2025-05-19,2,20,48608.34,2132.86,Net Banking,Delivered,Tamil Nadu,Chennai
ORD000919,CUST0183,PROD0001,2023-09-18,1,20,18478.5,889.28,Cash on Delivery,Delivered,Uttar Pradesh,Lucknow
ORD000920,CUST0155,PROD0035,2024-02-07,1,30,8780.13,-1802.71,Cash on Delivery,Returned,Gujarat,Ahmedabad
ORD000921,CUST0303,PROD0034,2025-04-30,1,5,20486.96,1796.08,Cash on Delivery,Returned,Gujarat,Surat
ORD000922,CUST0438,PROD0012,2024-12-26,1,10,22663.28,2340.81,Debit Card,Cancelled,Rajasthan,Jaipur
ORD000923,CUST0114,PROD0020,2023-11-01,4,5,72352.8,6473.2,UPI,Delivered,Kerala,Kochi
ORD000924,CUST0543,PROD0018,2023-06-02,1,0,17902.05,2831.86,Credit Card,Delivered,Gujarat,Surat
ORD000925,CUST0218,PROD0007,2023-03-11,1,0,13618.92,2863.83,Debit Card,Delivered,West Bengal,Kolkata
ORD000926,CUST0057,PROD0009,2025-01-02,1,5,24493.15,1406.97,Net Banking,Returned,Bihar,Patna
ORD000927,CUST0579,PROD0029,2023-12-27,4,5,78788.17,8339.93,Net Banking,Delivered,Maharashtra,Mumbai
ORD000928,CUST0599,PROD0003,2023-11-10,2,5,39596.27,3470.53,Cash on Delivery,Delivered,Bihar,Patna
ORD000929,CUST0354,PROD0016,2023-02-26,1,5,23515.23,4720.67,Net Banking,Cancelled,Delhi,Delhi
ORD000930,CUST0099,PROD0019,2025-06-19,1,0,16734.19,2222.91,Net Banking,Returned,Assam,Guwahati
ORD000931,CUST0315,PROD0019,2023-09-07,3,0,50202.57,6668.73,Net Banking,Delivered,Rajasthan,Jaipur
ORD000932,CUST0339,PROD0010,2024-02-20,2,5,44434.79,2795.73,Debit Card,Cancelled,Kerala,Kochi
ORD000933,CUST0097,PROD0030,2024-04-08,1,10,8520.5,-74.14,Net Banking,Delivered,Rajasthan,Jaipur
ORD000934,CUST0053,PROD0023,2025-05-24,1,0,18767.33,4350.94,Debit Card,Delivered,Telangana,Hyderabad
ORD000935,CUST0067,PROD0011,2024-07-28,1,5,3111.73,562.1,Debit Card,Delivered,Telangana,Hyderabad
ORD000936,CUST0190,PROD0021,2023-06-18,2,5,7074.1,1395.64,UPI,Delivered,Maharashtra,Pune
ORD000937,CUST0079,PROD0014,2024-04-08,1,30,6601.54,-1740.16,Credit Card,Delivered,Madhya Pradesh,Bhopal
ORD000938,CUST0562,PROD0019,2023-05-16,5,0,83670.95,11114.55,Net Banking,Delivered,Bihar,Patna
ORD000939,CUST0403,PROD0034,2024-12-25,2,0,43130.44,5748.68,UPI,Delivered,Assam,Guwahati
ORD000940,CUST0404,PROD0001,2023-07-25,1,0,23098.13,5508.91,Net Banking,Delivered,Maharashtra,Mumbai
ORD000941,CUST0462,PROD0016,2024-08-29,5,5,117576.13,23603.33,Debit Card,Delivered,Assam,Guwahati
ORD000942,CUST0450,PROD0008,2025-05-09,1,15,9143.6,-307.78,Unknown,Delivered,Madhya Pradesh,Bhopal
ORD000943,CUST0198,PROD0028,2024-11-04,1,0,7782.22,986.14,Net Banking,Cancelled,Rajasthan,Jaipur
ORD000944,CUST0459,PROD0029,2023-04-08,1,20,16586.98,-1025.08,Net Banking,Delivered,Maharashtra,Nagpur
ORD000945,CUST0360,PROD0017,2023-03-10,3,0,72748.62,18543.54,Credit Card,Returned,Uttar Pradesh,Lucknow
ORD000946,CUST0290,PROD0008,2024-06-22,1,30,7530.03,-1921.35,UPI,Delivered,Maharashtra,Mumbai
ORD000947,CUST0061,PROD0019,2023-08-25,1,10,15060.77,549.49,Cash on Delivery,Delivered,Kerala,Kochi
ORD000948,CUST0159,PROD0017,2024-02-25,2,0,48499.08,12362.36,Debit Card,Delivered,Uttar Pradesh,Lucknow
ORD000949,CUST0541,PROD0031,2025-04-24,4,0,108097.4,21033.04,UPI,Returned,Karnataka,Bangalore
ORD000950,CUST0212,PROD0035,2023-05-21,2,5,23831.78,2666.1,Debit Card,Delivered,Gujarat,Surat
ORD000951,CUST0173,PROD0020,2024-08-26,1,0,19040.21,2570.31,UPI,Delivered,Delhi,Delhi
ORD000952,CUST0050,PROD0006,2025-05-28,3,0,35356.11,3894.09,Credit Card,Delivered,Maharashtra,Pune
ORD000953,CUST0346,PROD0031,2024-09-18,2,0,54048.7,10516.52,Debit Card,Delivered,Tamil Nadu,Chennai
ORD000954,CUST0355,PROD0011,2023-09-08,2,0,6551.02,1451.76,UPI,Delivered,Kerala,Kochi
ORD000955,CUST0092,PROD0014,2024-10-21,5,5,44796.16,3087.66,Net Banking,Returned,Kerala,Kochi
ORD000956,CUST0039,PROD0016,2025-05-02,2,0,49505.74,11916.62,Credit Card,Delivered,Delhi,Delhi
ORD000957,CUST0056,PROD0035,2024-06-25,1,0,12543.04,1960.2,Debit Card,Cancelled,Maharashtra,Nagpur
ORD000958,CUST0514,PROD0030,2024-04-30,4,30,26508.22,-7870.34,UPI,Returned,Delhi,Delhi
ORD000959,CUST0226,PROD0020,2025-06-04,1,10,17136.19,666.29,Cash on Delivery,Returned,Maharashtra,Pune
ORD000960,CUST0002,PROD0014,2024-04-07,2,0,18861.54,2178.14,Debit Card,Delivered,Rajasthan,Jaipur
ORD000961,CUST0389,PROD0016,2024-02-15,5,15,105199.7,11226.9,Net Banking,Delivered,Kerala,Kochi
ORD000962,CUST0085,PROD0028,2025-03-06,2,0,15564.44,1972.28,Debit Card,Delivered,Kerala,Kochi
ORD000963,CUST0424,PROD0018,2025-01-05,2,0,35804.1,5663.72,Net Banking,Delivered,Uttar Pradesh,Kanpur
ORD000964,CUST0574,PROD0004,2025-01-09,2,5,24999.84,2257.56,Net Banking,Cancelled,Kerala,Kochi
ORD000965,CUST0372,PROD0014,2024-05-23,1,0,9430.77,1089.07,Debit Card,Delivered,Bihar,Patna
ORD000966,CUST0230,PROD0009,2023-01-04,2,0,51564.52,5392.16,Cash on Delivery,Cancelled,Tamil Nadu,Coimbatore
ORD000967,CUST0356,PROD0028,2025-06-17,1,5,7393.11,597.03,Debit Card,Delivered,Gujarat,Ahmedabad
ORD000968,CUST0483,PROD0013,2025-02-09,3,5,52050.06,7879.08,UPI,Delivered,Uttar Pradesh,Kanpur
ORD000969,CUST0172,PROD0014,2024-03-30,2,5,17918.46,1235.06,Credit Card,Returned,Gujarat,Ahmedabad
ORD000970,CUST0020,PROD0012,2024-06-18,3,10,67989.83,7022.42,Cash on Delivery,Delivered,Maharashtra,Nagpur
ORD000971,CUST0447,PROD0014,2025-05-30,1,10,8487.69,145.99,Cash on Delivery,Returned,Maharashtra,Mumbai
ORD000972,CUST0213,PROD0005,2023-12-05,3,0,31204.77,5487.42,Net Banking,Returned,West Bengal,Kolkata
ORD000973,CUST0531,PROD0009,2024-10-04,2,0,51564.52,5392.16,Debit Card,Delivered,Kerala,Kochi
ORD000974,CUST0255,PROD0023,2024-01-13,1,0,18767.33,4350.94,Cash on Delivery,Delivered,Karnataka,Bangalore
ORD000975,CUST0482,PROD0021,2024-08-18,2,0,7446.42,1767.96,Credit Card,Delivered,Delhi,Delhi
ORD000976,CUST0564,PROD0006,2025-06-22,3,0,35356.11,3894.09,Credit Card,Delivered,Tamil Nadu,Coimbatore
ORD000977,CUST0016,PROD0024,2023-03-27,1,5,26999.71,5847.6,Net Banking,Delivered,Maharashtra,Nagpur
ORD000978,CUST0101,PROD0030,2024-05-18,1,10,8520.5,-74.14,UPI,Delivered,Madhya Pradesh,Indore
ORD000979,CUST0180,PROD0033,2025-06-24,1,10,15835.04,-49.28,UPI,Delivered,Maharashtra,Pune
ORD000980,CUST0537,PROD0010,2023-03-17,4,0,93546.92,10268.8,UPI,Delivered,Maharashtra,Pune
ORD000981,CUST0211,PROD0011,2024-03-08,1,10,2947.96,398.33,Cash on Delivery,Delivered,Madhya Pradesh,Indore
ORD000982,CUST0270,PROD0013,2024-12-23,2,20,29221.09,-226.23,UPI,Delivered,Rajasthan,Jaipur
ORD000983,CUST0363,PROD0029,2024-09-02,3,0,62201.19,9365.01,UPI,Delivered,Karnataka,Bangalore
ORD000984,CUST0200,PROD0012,2023-06-16,3,0,75544.26,14576.85,Cash on Delivery,Delivered,Uttar Pradesh,Lucknow
ORD000985,CUST0327,PROD0020,2023-02-07,1,10,17136.19,666.29,Net Banking,Cancelled,Uttar Pradesh,Lucknow
ORD000986,CUST0063,PROD0023,2023-12-28,1,5,17828.96,3412.57,Cash on Delivery,Delivered,Madhya Pradesh,Indore
ORD000987,CUST0034,PROD0030,2023-06-29,2,0,18934.44,1745.16,Cash on Delivery,Returned,Maharashtra,Pune
ORD000988,CUST0254,PROD0003,2024-10-17,1,0,20840.14,2777.27,Cash on Delivery,Returned,Uttar Pradesh,Lucknow
ORD000989,CUST0024,PROD0019,2025-04-24,1,5,15897.48,1386.2,Net Banking,Returned,Karnataka,Bangalore
ORD000990,CUST0466,PROD0019,2024-08-17,3,0,50202.57,6668.73,Cash on Delivery,Delivered,Gujarat,Ahmedabad
ORD000991,CUST0378,PROD0025,2023-12-05,1,0,25679.41,5191.5,Cash on Delivery,Delivered,Rajasthan,Jaipur
ORD000992,CUST0454,PROD0012,2023-03-21,5,5,119611.74,17999.39,Debit Card,Delivered,Uttar Pradesh,Lucknow
ORD000993,CUST0350,PROD0006,2024-08-19,2,30,16499.52,-4475.16,Net Banking,Delivered,Telangana,Hyderabad
ORD000994,CUST0589,PROD0002,2024-11-23,2,5,40082.76,7432.2,Debit Card,Returned,Madhya Pradesh,Bhopal
ORD000995,CUST0113,PROD0001,2023-05-12,2,5,43886.45,8708.01,Net Banking,Delivered,Kerala,Kochi
ORD000996,CUST0087,PROD0009,2023-07-01,2,20,41251.62,-4920.74,Debit Card,Delivered,Maharashtra,Nagpur
ORD000997,CUST0058,PROD0029,2024-11-08,5,5,98485.22,10424.92,UPI,Delivered,Kerala,Kochi
ORD000998,CUST0546,PROD0011,2024-07-12,2,30,4585.71,-513.55,UPI,Cancelled,Madhya Pradesh,Bhopal
ORD000999,CUST0226,PROD0014,2024-04-05,1,30,6601.54,-1740.16,UPI,Delivered,Maharashtra,Pune
ORD001000,CUST0107,PROD0033,2023-03-01,1,0,17594.49,1710.17,UPI,Delivered,Uttar Pradesh,Lucknow
ORD001001,CUST0500,PROD0002,2024-05-24,2,20,33753.9,1103.34,Cash on Delivery,Delivered,West Bengal,Kolkata
ORD001002,CUST0592,PROD0023,2023-10-17,1,5,17828.96,3412.57,Credit Card,Cancelled,Bihar,Patna
ORD001003,CUST0173,PROD0012,2024-05-17,1,5,23922.35,3599.88,Credit Card,Delivered,Delhi,Delhi
ORD001004,CUST0053,PROD0031,2025-02-24,1,20,21619.48,-146.61,Credit Card,Delivered,Telangana,Hyderabad
ORD001005,CUST0243,PROD0010,2024-02-28,1,0,23386.73,2567.2,Net Banking,Cancelled,Bihar,Patna
ORD001006,CUST0208,PROD0032,2025-07-27,2,0,22958.02,2739.04,Debit Card,Delivered,Uttar Pradesh,Lucknow
ORD001007,CUST0028,PROD0033,2023-02-04,2,0,35188.98,3420.34,Cash on Delivery,Returned,Bihar,Patna
ORD001008,CUST0467,PROD0022,2023-02-22,3,0,35946.81,8095.14,Debit Card,Returned,Gujarat,Ahmedabad
ORD001009,CUST0188,PROD0017,2025-01-12,1,15,20612.11,2543.75,UPI,Delivered,Maharashtra,Pune
ORD001010,CUST0252,PROD0015,2023-02-10,2,20,18107.39,233.57,Debit Card,Delivered,Karnataka,Bangalore
ORD001011,CUST0027,PROD0029,2023-04-22,3,5,59091.13,6254.95,Credit Card,Delivered,Telangana,Hyderabad
ORD001012,CUST0237,PROD0025,2025-01-30,2,15,43655.0,2679.18,Net Banking,Delivered,Maharashtra,Pune
ORD001013,CUST0052,PROD0023,2024-09-20,1,5,17828.96,3412.57,Cash on Delivery,Delivered,Karnataka,Bangalore
ORD001014,CUST0181,PROD0004,2024-03-07,2,0,26315.62,3573.34,Credit Card,Returned,Tamil Nadu,Chennai
ORD001015,CUST0531,PROD0017,2024-09-30,1,10,21824.59,3756.23,Net Banking,Delivered,Kerala,Kochi
ORD001016,CUST0389,PROD0003,2025-04-03,2,5,39596.27,3470.53,Credit Card,Delivered,Kerala,Kochi
ORD001017,CUST0560,PROD0005,2023-05-21,1,15,8841.35,268.9,Credit Card,Delivered,Rajasthan,Jaipur
ORD001018,CUST0532,PROD0002,2024-06-29,1,5,20041.38,3716.1,UPI,Returned,Maharashtra,Nagpur
ORD001019,CUST0207,PROD0025,2025-05-21,1,0,25679.41,5191.5,Cash on Delivery,Delivered,Karnataka,Bangalore
ORD001020,CUST0404,PROD0021,2023-02-04,1,10,3350.89,511.66,Net Banking,Delivered,Maharashtra,Mumbai
ORD001021,CUST0347,PROD0031,2023-05-14,2,5,51346.26,7814.08,Cash on Delivery,Returned,Madhya Pradesh,Bhopal
ORD001022,CUST0282,PROD0003,2024-09-07,1,10,18756.13,693.26,Cash on Delivery,Returned,Maharashtra,Nagpur
ORD001023,CUST0494,PROD0024,2024-03-19,1,0,28420.75,7268.64,Debit Card,Delivered,Bihar,Patna
ORD001024,CUST0243,PROD0028,2025-05-14,2,5,14786.22,1194.06,Net Banking,Delivered,Bihar,Patna
ORD001025,CUST0260,PROD0022,2023-02-13,1,0,11982.27,2698.38,Debit Card,Delivered,Madhya Pradesh,Indore
ORD001026,CUST0363,PROD0001,2024-10-22,2,0,46196.26,11017.82,Credit Card,Delivered,Karnataka,Bangalore
ORD001027,CUST0148,PROD0002,2023-05-03,5,10,94932.86,13306.46,Cash on Delivery,Delivered,Karnataka,Bangalore
ORD001028,CUST0248,PROD0024,2023-06-12,1,0,28420.75,7268.64,Credit Card,Delivered,Maharashtra,Pune
ORD001029,CUST0027,PROD0011,2023-02-17,2,0,6551.02,1451.76,UPI,Returned,Telangana,Hyderabad
ORD001030,CUST0247,PROD0007,2023-10-17,1,0,13618.92,2863.83,Credit Card,Cancelled,Madhya Pradesh,Bhopal
ORD001031,CUST0099,PROD0004,2025-01-17,3,15,33552.42,-561.0,Debit Card,Delivered,Assam,Guwahati
ORD001032,CUST0348,PROD0024,2024-03-05,2,0,56841.5,14537.28,Net Banking,Delivered,Assam,Guwahati
ORD001033,CUST0080,PROD0030,2023-06-10,1,0,9467.22,872.58,Credit Card,Cancelled,Kerala,Kochi
ORD001034,CUST0357,PROD0033,2024-07-10,1,5,16714.77,830.45,Cash on Delivery,Delivered,Madhya Pradesh,Bhopal
ORD001035,CUST0433,PROD0015,2025-02-09,1,10,10185.41,1248.5,UPI,Delivered,Karnataka,Bangalore
ORD001036,CUST0522,PROD0030,2023-04-11,1,20,7573.78,-1020.86,UPI,Cancelled,Rajasthan,Jaipur
ORD001037,CUST0324,PROD0025,2024-04-13,1,0,25679.41,5191.5,Cash on Delivery,Delivered,Madhya Pradesh,Bhopal
ORD001038,CUST0244,PROD0011,2025-01-22,1,5,3111.73,562.1,UPI,Delivered,Chandigarh,Chandigarh
ORD001039,CUST0017,PROD0028,2023-07-27,1,0,7782.22,986.14,Unknown,Returned,Uttar Pradesh,Kanpur
ORD001040,CUST0477,PROD0030,2025-01-27,3,0,28401.66,2617.74,Net Banking,Returned,Karnataka,Bangalore
ORD001041,CUST0035,PROD0031,2024-02-06,1,0,27024.35,5258.26,UPI,Returned,Maharashtra,Nagpur
ORD001042,CUST0043,PROD0028,2025-02-03,4,5,29572.44,2388.12,Unknown,Cancelled,Uttar Pradesh,Lucknow
ORD001043,CUST0061,PROD0009,2025-07-14,1,0,25782.26,2696.08,Cash on Delivery,Delivered,Kerala,Kochi
ORD001044,CUST0600,PROD0018,2024-10-01,4,0,71608.2,11327.44,Cash on Delivery,Delivered,Madhya Pradesh,Indore
ORD001045,CUST0537,PROD0002,2023-11-02,1,5,20041.38,3716.1,Credit Card,Returned,Maharashtra,Pune
ORD001046,CUST0503,PROD0023,2025-07-08,1,10,16890.6,2474.21,Debit Card,Delivered,Assam,Guwahati
ORD001047,CUST0220,PROD0034,2024-06-26,1,30,15095.65,-3595.23,Debit Card,Cancelled,Uttar Pradesh,Lucknow
ORD001048,CUST0413,PROD0032,2023-05-10,3,10,30993.33,664.86,UPI,Delivered,Telangana,Hyderabad
ORD001049,CUST0507,PROD0034,2025-02-26,4,20,69008.7,-5754.82,Credit Card,Delivered,Delhi,Delhi
ORD001050,CUST0488,PROD0013,2025-01-17,1,0,18263.18,3539.52,UPI,Delivered,Maharashtra,Nagpur
ORD001051,CUST0447,PROD0028,2024-12-20,2,5,14786.22,1194.06,Cash on Delivery,Returned,Maharashtra,Mumbai
ORD001052,CUST0371,PROD0016,2024-07-12,3,10,66832.75,10449.07,Credit Card,Delivered,Chandigarh,Chandigarh
ORD001053,CUST0543,PROD0032,2023-11-13,2,5,21810.12,1591.14,Cash on Delivery,Delivered,Gujarat,Surat
ORD001054,CUST0161,PROD0012,2023-04-24,1,5,23922.35,3599.88,Credit Card,Delivered,Rajasthan,Jaipur
ORD001055,CUST0407,PROD0016,2023-05-14,2,10,44555.17,6966.05,Credit Card,Delivered,Bihar,Patna
ORD001056,CUST0518,PROD0010,2024-01-27,1,10,21048.06,228.53,Credit Card,Cancelled,Uttar Pradesh,Lucknow
ORD001057,CUST0261,PROD0011,2024-10-17,1,20,2620.41,70.78,Cash on Delivery,Delivered,Madhya Pradesh,Indore
ORD001058,CUST0596,PROD0022,2024-06-05,4,0,47929.08,10793.52,Cash on Delivery,Cancelled,Assam,Guwahati
ORD001059,CUST0380,PROD0033,2024-02-18,4,0,70377.96,6840.68,Credit Card,Delivered,Kerala,Kochi
ORD001060,CUST0566,PROD0032,2025-05-21,2,15,19514.32,-704.66,Net Banking,Delivered,Maharashtra,Pune
ORD001061,CUST0172,PROD0008,2023-02-08,1,10,9681.46,230.08,Debit Card,Returned,Gujarat,Ahmedabad
ORD001062,CUST0465,PROD0017,2023-04-05,1,0,24249.54,6181.18,Credit Card,Delivered,Bihar,Patna
ORD001063,CUST0304,PROD0014,2025-03-09,1,30,6601.54,-1740.16,Debit Card,Cancelled,Tamil Nadu,Coimbatore
ORD001064,CUST0580,PROD0033,2024-07-30,2,10,31670.08,-98.56,Unknown,Cancelled,Delhi,Delhi
ORD001065,CUST0585,PROD0004,2025-01-02,1,0,13157.81,1786.67,Net Banking,Delivered,Maharashtra,Pune
ORD001066,CUST0056,PROD0022,2023-01-15,1,15,10184.93,901.04,Debit Card,Delivered,Maharashtra,Nagpur
ORD001067,CUST0014,PROD0033,2024-04-03,1,0,17594.49,1710.17,Credit Card,Delivered,West Bengal,Kolkata
ORD001068,CUST0598,PROD0004,2023-01-06,1,0,13157.81,1786.67,UPI,Delivered,Tamil Nadu,Coimbatore
ORD001069,CUST0286,PROD0011,2023-06-19,4,30,9171.43,-1027.09,Credit Card,Delivered,Uttar Pradesh,Kanpur
ORD001070,CUST0494,PROD0013,2023-03-25,2,0,36526.36,7079.04,Cash on Delivery,Delivered,Bihar,Patna
ORD001071,CUST0161,PROD0030,2024-09-05,1,0,9467.22,872.58,Credit Card,Delivered,Rajasthan,Jaipur
ORD001072,CUST0078,PROD0014,2025-04-15,1,15,8016.15,-325.55,Net Banking,Cancelled,Karnataka,Bangalore
ORD001073,CUST0140,PROD0020,2024-01-28,2,0,38080.42,5140.62,Cash on Delivery,Returned,Uttar Pradesh,Lucknow
ORD001074,CUST0047,PROD0007,2025-01-30,2,5,25875.95,4365.77,UPI,Returned,Kerala,Kochi
ORD001075,CUST0348,PROD0016,2024-12-28,1,5,23515.23,4720.67,Credit Card,Delivered,Assam,Guwahati
ORD001076,CUST0513,PROD0025,2024-10-14,1,0,25679.41,5191.5,UPI,Returned,Gujarat,Ahmedabad
ORD001077,CUST0120,PROD0024,2023-07-14,2,5,53999.42,11695.2,UPI,Returned,Maharashtra,Nagpur
ORD001078,CUST0552,PROD0001,2024-08-25,1,5,21943.22,4354.0,Debit Card,Delivered,Telangana,Hyderabad
ORD001079,CUST0351,PROD0014,2024-05-07,1,5,8959.23,617.53,UPI,Cancelled,Gujarat,Surat
ORD001080,CUST0427,PROD0013,2024-01-24,2,20,29221.09,-226.23,Net Banking,Delivered,Kerala,Kochi
ORD001081,CUST0139,PROD0020,2025-06-02,1,5,18088.2,1618.3,Cash on Delivery,Delivered,West Bengal,Kolkata
ORD001082,CUST0060,PROD0024,2024-07-29,4,10,102314.7,17706.26,Net Banking,Delivered,Telangana,Hyderabad
ORD001083,CUST0592,PROD0005,2023-02-05,1,5,9881.51,1309.06,Net Banking,Delivered,Bihar,Patna
ORD001084,CUST0183,PROD0032,2023-06-19,2,10,20662.22,443.24,Net Banking,Delivered,Uttar Pradesh,Lucknow
ORD001085,CUST0598,PROD0008,2024-04-15,1,0,10757.18,1305.8,Credit Card,Returned,Tamil Nadu,Coimbatore
ORD001086,CUST0448,PROD0009,2025-06-14,2,0,51564.52,5392.16,Net Banking,Delivered,Gujarat,Surat
ORD001087,CUST0100,PROD0011,2024-08-13,2,0,6551.02,1451.76,Net Banking,Returned,Maharashtra,Pune
ORD001088,CUST0264,PROD0034,2025-01-07,2,30,30191.31,-7190.45,Credit Card,Cancelled,Assam,Guwahati
ORD001089,CUST0451,PROD0021,2023-11-24,1,0,3723.21,883.98,Debit Card,Delivered,Bihar,Patna
ORD001090,CUST0555,PROD0012,2023-01-05,2,10,45326.56,4681.62,Credit Card,Delivered,Uttar Pradesh,Kanpur
ORD001091,CUST0474,PROD0001,2023-08-10,3,0,69294.39,16526.73,UPI,Returned,Delhi,Delhi
ORD001092,CUST0274,PROD0011,2023-04-21,1,0,3275.51,725.88,Debit Card,Delivered,Tamil Nadu,Coimbatore
ORD001093,CUST0478,PROD0007,2024-05-14,2,0,27237.84,5727.66,Credit Card,Delivered,Telangana,Hyderabad
ORD001094,CUST0541,PROD0008,2023-04-01,1,15,9143.6,-307.78,Net Banking,Delivered,Karnataka,Bangalore
ORD001095,CUST0221,PROD0035,2023-12-07,1,5,11915.89,1333.05,Cash on Delivery,Delivered,Bihar,Patna
ORD001096,CUST0133,PROD0030,2024-12-17,3,0,28401.66,2617.74,Net Banking,Cancelled,Maharashtra,Pune
ORD001097,CUST0506,PROD0001,2024-05-23,1,5,21943.22,4354.0,Cash on Delivery,Cancelled,Assam,Guwahati
ORD001098,CUST0087,PROD0025,2023-07-26,1,20,20543.53,55.62,Cash on Delivery,Delivered,Maharashtra,Nagpur
ORD001099,CUST0040,PROD0019,2024-12-26,2,15,28448.12,-574.44,UPI,Delivered,Maharashtra,Nagpur
ORD001100,CUST0297,PROD0014,2024-09-13,1,0,9430.77,1089.07,UPI,Delivered,Tamil Nadu,Chennai
ORD001101,CUST0543,PROD0008,2023-09-18,1,0,10757.18,1305.8,Cash on Delivery,Cancelled,Gujarat,Surat
ORD001102,CUST0504,PROD0006,2023-07-02,1,20,9428.3,-1059.04,UPI,Delivered,Gujarat,Surat
ORD001103,CUST0206,PROD0030,2025-01-20,1,0,9467.22,872.58,Debit Card,Returned,West Bengal,Kolkata
ORD001104,CUST0426,PROD0020,2024-10-07,2,10,34272.38,1332.58,Cash on Delivery,Cancelled,Delhi,Delhi
ORD001105,CUST0055,PROD0010,2025-07-01,2,0,46773.46,5134.4,Cash on Delivery,Delivered,Madhya Pradesh,Indore
ORD001106,CUST0020,PROD0010,2024-03-22,1,0,23386.73,2567.2,Debit Card,Delivered,Maharashtra,Nagpur
ORD001107,CUST0093,PROD0035,2023-06-16,1,0,12543.04,1960.2,Net Banking,Delivered,Maharashtra,Pune
ORD001108,CUST0196,PROD0029,2024-09-23,3,0,62201.19,9365.01,Credit Card,Delivered,Maharashtra,Mumbai
ORD001109,CUST0375,PROD0014,2023-02-10,1,20,7544.62,-797.08,Cash on Delivery,Delivered,Delhi,Delhi
ORD001110,CUST0011,PROD0026,2024-08-30,1,0,17838.99,1717.92,Cash on Delivery,Delivered,Maharashtra,Mumbai
ORD001111,CUST0521,PROD0029,2023-09-26,1,5,19697.04,2084.98,Cash on Delivery,Returned,Uttar Pradesh,Kanpur
ORD001112,CUST0378,PROD0035,2024-02-14,5,5,59579.44,6665.24,Cash on Delivery,Returned,Rajasthan,Jaipur
ORD001113,CUST0389,PROD0001,2023-11-11,4,30,64674.76,-5682.12,Net Banking,Delivered,Kerala,Kochi
ORD001114,CUST0420,PROD0026,2025-01-28,2,0,35677.98,3435.84,Cash on Delivery,Cancelled,Maharashtra,Nagpur
ORD001115,CUST0327,PROD0006,2024-12-15,5,0,58926.85,6490.15,Cash on Delivery,Delivered,Uttar Pradesh,Lucknow
ORD001116,CUST0137,PROD0001,2023-02-10,2,5,43886.45,8708.01,Net Banking,Returned,Assam,Guwahati
ORD001117,CUST0523,PROD0033,2024-11-28,1,0,17594.49,1710.17,Credit Card,Cancelled,Rajasthan,Jaipur
ORD001118,CUST0202,PROD0006,2025-05-21,2,30,16499.52,-4475.16,UPI,Delivered,Assam,Guwahati
ORD001119,CUST0517,PROD0001,2023-06-15,1,10,20788.32,3199.1,Credit Card,Delivered,Karnataka,Bangalore
ORD001120,CUST0105,PROD0012,2025-01-09,2,30,35253.99,-5390.95,UPI,Delivered,Delhi,Delhi
ORD001121,CUST0404,PROD0003,2024-04-01,1,5,19798.13,1735.26,Credit Card,Returned,Maharashtra,Mumbai
ORD001122,CUST0057,PROD0031,2023-04-20,1,0,27024.35,5258.26,Debit Card,Delivered,Bihar,Patna
ORD001123,CUST0542,PROD0009,2025-04-23,2,0,51564.52,5392.16,Unknown,Cancelled,Bihar,Patna
ORD001124,CUST0414,PROD0014,2024-11-10,1,0,9430.77,1089.07,Debit Card,Returned,Uttar Pradesh,Lucknow
ORD001125,CUST0070,PROD0030,2024-07-12,1,10,8520.5,-74.14,UPI,Cancelled,Gujarat,Ahmedabad
ORD001126,CUST0120,PROD0030,2023-11-04,3,0,28401.66,2617.74,Net Banking,Delivered,Maharashtra,Nagpur
ORD001127,CUST0058,PROD0002,2023-07-07,4,15,71727.05,6425.93,Credit Card,Returned,Kerala,Kochi
ORD001128,CUST0270,PROD0006,2024-09-29,1,10,10606.83,119.49,Debit Card,Cancelled,Rajasthan,Jaipur
ORD001129,CUST0266,PROD0001,2023-11-03,1,15,19633.41,2044.19,UPI,Returned,Gujarat,Surat
ORD001130,CUST0279,PROD0003,2025-01-03,3,0,62520.42,8331.81,Debit Card,Returned,Rajasthan,Jaipur
ORD001131,CUST0469,PROD0018,2023-11-04,2,0,35804.1,5663.72,Debit Card,Cancelled,Maharashtra,Nagpur
ORD001132,CUST0374,PROD0007,2023-04-03,2,20,21790.27,280.09,UPI,Delivered,Gujarat,Surat
ORD001133,CUST0208,PROD0003,2024-11-25,5,0,104200.7,13886.35,Debit Card,Delivered,Uttar Pradesh,Lucknow
ORD001134,CUST0184,PROD0023,2025-03-30,5,10,84452.99,12371.04,Cash on Delivery,Delivered,Madhya Pradesh,Indore
ORD001135,CUST0315,PROD0010,2023-12-20,2,0,46773.46,5134.4,Debit Card,Delivered,Rajasthan,Jaipur
ORD001136,CUST0577,PROD0005,2023-07-27,2,0,20803.18,3658.28,Debit Card,Delivered,Uttar Pradesh,Kanpur
ORD001137,CUST0084,PROD0003,2024-03-19,1,5,19798.13,1735.26,Debit Card,Delivered,Madhya Pradesh,Indore
ORD001138,CUST0166,PROD0017,2024-04-01,1,30,16974.68,-1093.68,Cash on Delivery,Delivered,Rajasthan,Jaipur
ORD001139,CUST0121,PROD0028,2025-04-18,1,0,7782.22,986.14,Credit Card,Delivered,Bihar,Patna
ORD001140,CUST0415,PROD0004,2023-05-17,4,5,49999.68,4515.12,Net Banking,Delivered,Madhya Pradesh,Bhopal
ORD001141,CUST0437,PROD0016,2025-05-24,4,0,99011.48,23833.24,Net Banking,Delivered,Gujarat,Surat
ORD001142,CUST0120,PROD0025,2024-03-04,2,5,48790.88,7815.06,Credit Card,Delivered,Maharashtra,Nagpur
ORD001143,CUST0226,PROD0003,2023-12-31,2,0,41680.28,5554.54,Credit Card,Cancelled,Maharashtra,Pune
ORD001144,CUST0420,PROD0013,2023-05-09,1,0,18263.18,3539.52,Cash on Delivery,Delivered,Maharashtra,Nagpur
ORD001145,CUST0094,PROD0010,2024-11-09,1,0,23386.73,2567.2,Cash on Delivery,Delivered,Delhi,Delhi
ORD001146,CUST0014,PROD0015,2024-08-18,3,0,33951.36,7140.63,UPI,Delivered,West Bengal,Kolkata
ORD001147,CUST0337,PROD0029,2025-07-07,1,10,18660.36,1048.3,UPI,Delivered,Maharashtra,Pune
ORD001148,CUST0228,PROD0012,2023-07-10,2,0,50362.84,9717.9,Debit Card,Delivered,Gujarat,Ahmedabad
ORD001149,CUST0535,PROD0021,2023-04-30,1,0,3723.21,883.98,Debit Card,Cancelled,Rajasthan,Jaipur
ORD001150,CUST0382,PROD0016,2024-10-14,2,10,44555.17,6966.05,Credit Card,Delivered,Tamil Nadu,Coimbatore
ORD001151,CUST0344,PROD0028,2023-02-26,1,0,7782.22,986.14,Cash on Delivery,Cancelled,West Bengal,Kolkata
ORD001152,CUST0156,PROD0007,2023-05-09,1,0,13618.92,2863.83,Cash on Delivery,Delivered,Telangana,Hyderabad
ORD001153,CUST0088,PROD0011,2025-03-13,1,0,3275.51,725.88,Debit Card,Returned,Uttar Pradesh,Kanpur
ORD001154,CUST0138,PROD0024,2024-03-07,2,0,56841.5,14537.28,Cash on Delivery,Delivered,Uttar Pradesh,Lucknow
ORD001155,CUST0586,PROD0027,2023-06-11,3,5,86583.6,16870.38,Credit Card,Delivered,Delhi,Delhi
ORD001156,CUST0010,PROD0035,2023-11-20,1,20,10034.43,-548.41,UPI,Delivered,Bihar,Patna
ORD001157,CUST0062,PROD0029,2025-04-14,1,0,20733.73,3121.67,Credit Card,Delivered,Uttar Pradesh,Lucknow
ORD001158,CUST0355,PROD0014,2024-07-22,2,20,15089.23,-1594.17,Net Banking,Returned,Kerala,Kochi
ORD001159,CUST0318,PROD0035,2025-01-13,2,0,25086.08,3920.4,Cash on Delivery,Delivered,Assam,Guwahati
ORD001160,CUST0124,PROD0015,2024-08-23,1,20,9053.7,116.79,Cash on Delivery,Delivered,Gujarat,Surat
ORD001161,CUST0348,PROD0019,2024-07-30,1,15,14224.06,-287.22,Net Banking,Returned,Assam,Guwahati
ORD001162,CUST0266,PROD0001,2023-06-10,1,0,23098.13,5508.91,Net Banking,Returned,Gujarat,Surat
ORD001163,CUST0352,PROD0019,2025-07-02,1,20,13387.35,-1123.93,Cash on Delivery,Delivered,Tamil Nadu,Chennai
ORD001164,CUST0292,PROD0010,2025-03-16,1,0,23386.73,2567.2,Debit Card,Delivered,Telangana,Hyderabad
ORD001165,CUST0116,PROD0018,2023-03-23,2,20,28643.28,-1497.1,Net Banking,Delivered,Maharashtra,Pune
ORD001166,CUST0033,PROD0027,2025-03-18,1,5,28861.2,5623.46,Net Banking,Delivered,Tamil Nadu,Chennai
ORD001167,CUST0042,PROD0034,2024-04-05,1,0,21565.22,2874.34,Cash on Delivery,Delivered,Assam,Guwahati
ORD001168,CUST0419,PROD0008,2025-07-26,2,5,20438.64,1535.88,UPI,Delivered,Uttar Pradesh,Lucknow
ORD001169,CUST0456,PROD0014,2024-07-11,1,10,8487.69,145.99,Cash on Delivery,Delivered,Maharashtra,Pune
ORD001170,CUST0357,PROD0009,2025-02-27,1,5,24493.15,1406.97,Cash on Delivery,Delivered,Madhya Pradesh,Bhopal
ORD001171,CUST0039,PROD0006,2023-09-20,1,0,11785.37,1298.03,Net Banking,Delivered,Delhi,Delhi
ORD001172,CUST0259,PROD0004,2024-11-18,1,0,13157.81,1786.67,Cash on Delivery,Returned,Uttar Pradesh,Lucknow
ORD001173,CUST0432,PROD0031,2024-11-24,1,30,18917.04,-2849.05,Debit Card,Cancelled,Maharashtra,Mumbai
ORD001174,CUST0346,PROD0013,2023-08-21,1,0,18263.18,3539.52,UPI,Returned,Tamil Nadu,Chennai
ORD001175,CUST0372,PROD0001,2023-11-05,2,10,41576.63,6398.19,UPI,Delivered,Bihar,Patna
ORD001176,CUST0491,PROD0010,2024-06-29,2,5,44434.79,2795.73,UPI,Cancelled,Bihar,Patna
ORD001177,CUST0009,PROD0001,2025-04-20,3,0,69294.39,16526.73,UPI,Delivered,Kerala,Kochi
ORD001178,CUST0361,PROD0012,2024-07-11,2,10,45326.56,4681.62,Net Banking,Cancelled,Delhi,Delhi
ORD001179,CUST0543,PROD0017,2023-05-21,1,10,21824.59,3756.23,UPI,Delivered,Gujarat,Surat
ORD001180,CUST0456,PROD0002,2024-06-24,1,0,21096.19,4770.91,UPI,Cancelled,Maharashtra,Pune
ORD001181,CUST0184,PROD0007,2023-01-05,2,10,24514.06,3003.88,Cash on Delivery,Delivered,Madhya Pradesh,Indore
ORD001182,CUST0498,PROD0034,2025-07-12,1,10,19408.7,717.82,Credit Card,Delivered,Madhya Pradesh,Indore
ORD001183,CUST0584,PROD0005,2023-02-07,1,20,8321.27,-251.18,Cash on Delivery,Delivered,Telangana,Hyderabad
ORD001184,CUST0548,PROD0020,2024-03-19,2,10,34272.38,1332.58,Unknown,Delivered,Gujarat,Ahmedabad
ORD001185,CUST0267,PROD0033,2024-12-25,5,5,83573.83,4152.23,Cash on Delivery,Cancelled,Madhya Pradesh,Indore
ORD001186,CUST0243,PROD0016,2023-02-01,1,0,24752.87,5958.31,UPI,Delivered,Bihar,Patna
ORD001187,CUST0225,PROD0011,2024-05-15,1,5,3111.73,562.1,UPI,Delivered,Tamil Nadu,Coimbatore
ORD001188,CUST0292,PROD0021,2024-03-27,2,15,6329.46,651.0,UPI,Delivered,Telangana,Hyderabad
ORD001189,CUST0057,PROD0005,2025-01-21,3,20,24963.82,-753.53,Net Banking,Delivered,Bihar,Patna
ORD001190,CUST0340,PROD0027,2025-02-12,2,0,60760.42,14284.94,Net Banking,Delivered,Madhya Pradesh,Indore
ORD001191,CUST0529,PROD0022,2024-03-02,1,5,11383.16,2099.27,Credit Card,Delivered,Maharashtra,Pune
ORD001192,CUST0431,PROD0032,2023-08-15,1,0,11479.01,1369.52,Debit Card,Delivered,Tamil Nadu,Chennai
ORD001193,CUST0128,PROD0013,2024-06-10,3,0,54789.54,10618.56,Credit Card,Returned,Assam,Guwahati
ORD001194,CUST0426,PROD0022,2023-01-12,1,0,11982.27,2698.38,Credit Card,Delivered,Delhi,Delhi
ORD001195,CUST0126,PROD0008,2024-11-20,2,5,20438.64,1535.88,Credit Card,Delivered,Kerala,Kochi
ORD001196,CUST0058,PROD0032,2025-06-13,1,10,10331.11,221.62,Net Banking,Delivered,Kerala,Kochi
ORD001197,CUST0044,PROD0011,2023-05-06,3,10,8843.88,1194.99,Cash on Delivery,Delivered,Madhya Pradesh,Bhopal
ORD001198,CUST0490,PROD0029,2023-10-06,1,5,19697.04,2084.98,Net Banking,Cancelled,Assam,Guwahati
ORD001199,CUST0047,PROD0015,2024-09-02,1,0,11317.12,2380.21,Cash on Delivery,Delivered,Kerala,Kochi
ORD001200,CUST0389,PROD0031,2023-03-27,1,5,25673.13,3907.04,Credit Card,Returned,Kerala,Kochi
ORD001201,CUST0214,PROD0001,2024-03-27,2,0,46196.26,11017.82,Cash on Delivery,Cancelled,Maharashtra,Nagpur
ORD001202,CUST0377,PROD0033,2023-10-15,1,30,12316.14,-3568.18,Net Banking,Cancelled,West Bengal,Kolkata
ORD001203,CUST0099,PROD0033,2024-10-24,2,0,35188.98,3420.34,UPI,Delivered,Assam,Guwahati
ORD001204,CUST0146,PROD0021,2025-03-19,1,10,3350.89,511.66,Net Banking,Delivered,West Bengal,Kolkata
ORD001205,CUST0517,PROD0027,2024-12-04,1,5,28861.2,5623.46,UPI,Cancelled,Karnataka,Bangalore
ORD001206,CUST0227,PROD0023,2023-01-23,1,10,16890.6,2474.21,UPI,Returned,Maharashtra,Pune
ORD001207,CUST0399,PROD0007,2024-03-04,2,5,25875.95,4365.77,Debit Card,Cancelled,Tamil Nadu,Coimbatore
ORD001208,CUST0562,PROD0030,2024-12-28,2,20,15147.55,-2041.73,UPI,Cancelled,Bihar,Patna
ORD001209,CUST0070,PROD0004,2025-04-03,1,5,12499.92,1128.78,Cash on Delivery,Delivered,Gujarat,Ahmedabad
ORD001210,CUST0530,PROD0003,2024-01-17,2,5,39596.27,3470.53,Debit Card,Delivered,Maharashtra,Nagpur
ORD001211,CUST0409,PROD0028,2025-01-14,1,10,7004.0,207.92,Debit Card,Cancelled,Madhya Pradesh,Indore
ORD001212,CUST0353,PROD0032,2023-12-15,2,5,21810.12,1591.14,Net Banking,Delivered,Kerala,Kochi
ORD001213,CUST0166,PROD0027,2024-03-13,2,5,57722.4,11246.92,Debit Card,Returned,Rajasthan,Jaipur
ORD001214,CUST0383,PROD0003,2024-08-19,3,10,56268.38,2079.77,Net Banking,Delivered,Delhi,Delhi
ORD001215,CUST0274,PROD0034,2025-03-21,1,5,20486.96,1796.08,Debit Card,Delivered,Tamil Nadu,Coimbatore
ORD001216,CUST0143,PROD0021,2023-03-08,1,0,3723.21,883.98,UPI,Delivered,Karnataka,Bangalore
ORD001217,CUST0048,PROD0016,2025-04-21,2,10,44555.17,6966.05,Credit Card,Cancelled,Assam,Guwahati
ORD001218,CUST0285,PROD0006,2023-11-10,2,0,23570.74,2596.06,Debit Card,Delivered,Kerala,Kochi
ORD001219,CUST0222,PROD0020,2023-01-31,2,0,38080.42,5140.62,Cash on Delivery,Delivered,Chandigarh,Chandigarh
ORD001220,CUST0092,PROD0017,2024-02-06,3,0,72748.62,18543.54,Credit Card,Delivered,Kerala,Kochi
ORD001221,CUST0501,PROD0033,2023-09-12,2,15,29910.63,-1858.01,Net Banking,Delivered,Madhya Pradesh,Bhopal
ORD001222,CUST0177,PROD0024,2025-06-10,2,0,56841.5,14537.28,Credit Card,Delivered,Kerala,Kochi
ORD001223,CUST0593,PROD0007,2024-05-25,1,10,12257.03,1501.94,UPI,Delivered,Karnataka,Bangalore
ORD001224,CUST0555,PROD0012,2025-01-18,2,15,42808.41,2163.47,UPI,Delivered,Uttar Pradesh,Kanpur
ORD001225,CUST0139,PROD0019,2025-01-12,1,0,16734.19,2222.91,Net Banking,Delivered,West Bengal,Kolkata
ORD001226,CUST0321,PROD0019,2023-03-18,2,15,28448.12,-574.44,Credit Card,Cancelled,Bihar,Patna
ORD001227,CUST0026,PROD0019,2025-04-09,1,10,15060.77,549.49,Debit Card,Delivered,Karnataka,Bangalore
ORD001228,CUST0117,PROD0001,2024-11-24,1,20,18478.5,889.28,Debit Card,Delivered,Madhya Pradesh,Bhopal
ORD001229,CUST0127,PROD0031,2023-02-21,4,5,102692.53,15628.17,Debit Card,Returned,Uttar Pradesh,Lucknow
ORD001230,CUST0096,PROD0032,2025-06-09,5,10,51655.55,1108.1,UPI,Delivered,Karnataka,Bangalore
ORD001231,CUST0582,PROD0001,2024-09-27,4,10,83153.27,12796.39,Cash on Delivery,Delivered,Karnataka,Bangalore
ORD001232,CUST0257,PROD0009,2025-04-16,4,20,82503.23,-9841.49,Debit Card,Delivered,Gujarat,Ahmedabad
ORD001233,CUST0084,PROD0025,2023-04-15,1,0,25679.41,5191.5,Cash on Delivery,Returned,Madhya Pradesh,Indore
ORD001234,CUST0552,PROD0006,2023-12-11,1,15,10017.56,-469.78,Credit Card,Returned,Telangana,Hyderabad
ORD001235,CUST0222,PROD0032,2024-08-06,2,5,21810.12,1591.14,Cash on Delivery,Delivered,Chandigarh,Chandigarh
ORD001236,CUST0084,PROD0009,2023-12-11,1,10,23204.03,117.85,Debit Card,Delivered,Madhya Pradesh,Indore
ORD001237,CUST0549,PROD0010,2023-06-15,1,10,21048.06,228.53,UPI,Delivered,Uttar Pradesh,Kanpur
ORD001238,CUST0196,PROD0030,2024-06-10,1,5,8993.86,399.22,Net Banking,Returned,Maharashtra,Mumbai
ORD001239,CUST0082,PROD0015,2023-03-05,1,10,10185.41,1248.5,Credit Card,Delivered,Kerala,Kochi
ORD001240,CUST0075,PROD0016,2024-10-30,1,10,22277.58,3483.02,Cash on Delivery,Delivered,Uttar Pradesh,Kanpur
ORD001241,CUST0095,PROD0023,2023-07-12,2,15,31904.46,3071.68,UPI,Cancelled,Delhi,Delhi
ORD001242,CUST0461,PROD0002,2025-07-13,2,0,42192.38,9541.82,Credit Card,Cancelled,Delhi,Delhi
ORD001243,CUST0389,PROD0005,2023-08-13,1,15,8841.35,268.9,Cash on Delivery,Returned,Kerala,Kochi
ORD001244,CUST0273,PROD0008,2023-04-17,3,0,32271.54,3917.4,Credit Card,Delivered,Bihar,Patna
ORD001245,CUST0398,PROD0009,2024-03-26,1,5,24493.15,1406.97,Net Banking,Delivered,Madhya Pradesh,Bhopal
ORD001246,CUST0016,PROD0029,2025-06-03,4,0,82934.92,12486.68,Debit Card,Delivered,Maharashtra,Nagpur
ORD001247,CUST0248,PROD0030,2024-06-30,1,15,8047.14,-547.5,UPI,Delivered,Maharashtra,Pune
ORD001248,CUST0221,PROD0023,2025-06-22,1,0,18767.33,4350.94,Debit Card,Delivered,Bihar,Patna
ORD001249,CUST0227,PROD0005,2023-07-17,4,0,41606.36,7316.56,UPI,Delivered,Maharashtra,Pune
ORD001250,CUST0233,PROD0019,2024-12-02,1,20,13387.35,-1123.93,Net Banking,Cancelled,Maharashtra,Nagpur
ORD001251,CUST0235,PROD0023,2023-08-01,1,5,17828.96,3412.57,Cash on Delivery,Delivered,Maharashtra,Mumbai
ORD001252,CUST0372,PROD0023,2023-11-29,2,0,37534.66,8701.88,UPI,Returned,Bihar,Patna
ORD001253,CUST0163,PROD0014,2023-09-09,4,10,33950.77,583.97,UPI,Delivered,Madhya Pradesh,Indore
ORD001254,CUST0258,PROD0035,2024-10-02,1,5,11915.89,1333.05,Net Banking,Delivered,Karnataka,Bangalore
ORD001255,CUST0566,PROD0019,2023-09-19,1,5,15897.48,1386.2,UPI,Returned,Maharashtra,Pune
ORD001256,CUST0330,PROD0035,2023-03-01,4,10,45154.94,2823.58,Credit Card,Delivered,Chandigarh,Chandigarh
ORD001257,CUST0025,PROD0032,2023-11-22,2,20,18366.42,-1852.56,UPI,Cancelled,Maharashtra,Pune
ORD001258,CUST0460,PROD0019,2024-04-03,1,20,13387.35,-1123.93,Net Banking,Delivered,Gujarat,Ahmedabad
ORD001259,CUST0261,PROD0020,2024-05-11,1,15,16184.18,-285.72,Cash on Delivery,Delivered,Madhya Pradesh,Indore
ORD001260,CUST0436,PROD0004,2023-04-26,1,0,13157.81,1786.67,Net Banking,Returned,Gujarat,Ahmedabad
ORD001261,CUST0427,PROD0008,2024-10-30,1,5,10219.32,767.94,Debit Card,Delivered,Kerala,Kochi
ORD001262,CUST0429,PROD0029,2024-09-30,2,5,39394.09,4169.97,UPI,Returned,Madhya Pradesh,Bhopal
ORD001263,CUST0342,PROD0014,2024-05-16,1,20,7544.62,-797.08,UPI,Delivered,Bihar,Patna
ORD001264,CUST0395,PROD0028,2023-10-03,3,15,19844.66,-543.58,Credit Card,Delivered,Bihar,Patna
ORD001265,CUST0140,PROD0006,2024-08-07,1,0,11785.37,1298.03,Credit Card,Delivered,Uttar Pradesh,Lucknow
ORD001266,CUST0357,PROD0023,2025-01-23,1,0,18767.33,4350.94,Debit Card,Delivered,Madhya Pradesh,Bhopal
ORD001267,CUST0135,PROD0018,2025-06-09,1,20,14321.64,-748.55,Credit Card,Delivered,Tamil Nadu,Coimbatore
ORD001268,CUST0297,PROD0006,2025-01-31,1,0,11785.37,1298.03,Cash on Delivery,Returned,Tamil Nadu,Chennai
ORD001269,CUST0304,PROD0022,2025-06-05,1,0,11982.27,2698.38,Debit Card,Cancelled,Tamil Nadu,Coimbatore
ORD001270,CUST0410,PROD0022,2023-03-03,1,30,8387.59,-896.3,UPI,Delivered,Madhya Pradesh,Bhopal
ORD001271,CUST0233,PROD0009,2025-04-20,1,0,25782.26,2696.08,UPI,Returned,Maharashtra,Nagpur
ORD001272,CUST0429,PROD0019,2024-03-07,1,0,16734.19,2222.91,Cash on Delivery,Returned,Madhya Pradesh,Bhopal
ORD001273,CUST0537,PROD0004,2023-03-17,1,10,11842.03,470.89,Credit Card,Cancelled,Maharashtra,Pune
ORD001274,CUST0034,PROD0025,2025-04-25,2,0,51358.82,10383.0,UPI,Delivered,Maharashtra,Pune
ORD001275,CUST0324,PROD0025,2023-09-29,2,5,48790.88,7815.06,Net Banking,Delivered,Madhya Pradesh,Bhopal
ORD001276,CUST0179,PROD0017,2025-06-20,4,10,87298.34,15024.9,Credit Card,Delivered,Gujarat,Ahmedabad
ORD001277,CUST0438,PROD0024,2023-04-14,1,10,25578.68,4426.57,UPI,Delivered,Rajasthan,Jaipur
ORD001278,CUST0540,PROD0007,2023-09-17,1,0,13618.92,2863.83,UPI,Cancelled,Tamil Nadu,Coimbatore
ORD001279,CUST0294,PROD0008,2024-10-18,3,0,32271.54,3917.4,Cash on Delivery,Delivered,Rajasthan,Jaipur
ORD001280,CUST0043,PROD0009,2024-04-12,2,0,51564.52,5392.16,Net Banking,Delivered,Uttar Pradesh,Lucknow
ORD001281,CUST0294,PROD0002,2025-04-04,1,15,17931.76,1606.48,Net Banking,Returned,Rajasthan,Jaipur
ORD001282,CUST0041,PROD0003,2024-05-05,1,30,14588.1,-3474.77,Cash on Delivery,Cancelled,West Bengal,Kolkata
ORD001283,CUST0320,PROD0005,2024-08-13,1,15,8841.35,268.9,UPI,Delivered,Karnataka,Bangalore
ORD001284,CUST0071,PROD0028,2023-10-04,2,0,15564.44,1972.28,Debit Card,Delivered,Tamil Nadu,Chennai
ORD001285,CUST0575,PROD0010,2025-07-02,1,5,22217.39,1397.86,Debit Card,Returned,Tamil Nadu,Chennai
ORD001286,CUST0549,PROD0001,2024-05-25,2,5,43886.45,8708.01,UPI,Cancelled,Uttar Pradesh,Kanpur
ORD001287,CUST0568,PROD0002,2023-05-05,1,15,17931.76,1606.48,Cash on Delivery,Returned,Kerala,Kochi
ORD001288,CUST0576,PROD0013,2023-11-23,1,0,18263.18,3539.52,UPI,Delivered,Maharashtra,Mumbai
ORD001289,CUST0075,PROD0002,2024-02-23,1,0,21096.19,4770.91,Cash on Delivery,Delivered,Uttar Pradesh,Kanpur
ORD001290,CUST0095,PROD0015,2024-08-30,3,5,32253.79,5443.06,Credit Card,Delivered,Delhi,Delhi
ORD001291,CUST0072,PROD0035,2023-10-02,1,10,11288.74,705.9,Net Banking,Cancelled,Chandigarh,Chandigarh
ORD001292,CUST0068,PROD0004,2023-03-01,1,20,10526.25,-844.89,UPI,Cancelled,Gujarat,Surat
ORD001293,CUST0066,PROD0027,2025-04-01,2,10,54684.38,8208.9,UPI,Cancelled,Tamil Nadu,Chennai
ORD001294,CUST0384,PROD0002,2023-08-07,2,15,35863.52,3212.96,Net Banking,Delivered,Gujarat,Surat
ORD001295,CUST0392,PROD0015,2025-06-11,1,0,11317.12,2380.21,Cash on Delivery,Delivered,Tamil Nadu,Chennai
ORD001296,CUST0523,PROD0010,2024-08-30,5,10,105240.28,1142.63,Cash on Delivery,Cancelled,Rajasthan,Jaipur
ORD001297,CUST0284,PROD0017,2024-01-23,1,15,20612.11,2543.75,Credit Card,Returned,Karnataka,Bangalore
ORD001298,CUST0147,PROD0006,2023-11-19,1,0,11785.37,1298.03,Net Banking,Delivered,Gujarat,Ahmedabad
ORD001299,CUST0496,PROD0011,2024-08-31,1,0,3275.51,725.88,UPI,Delivered,Bihar,Patna
ORD001300,CUST0595,PROD0021,2023-11-04,2,0,7446.42,1767.96,Debit Card,Delivered,Rajasthan,Jaipur
ORD001301,CUST0508,PROD0009,2024-07-12,1,15,21914.92,-1171.26,UPI,Delivered,Madhya Pradesh,Bhopal
ORD001302,CUST0355,PROD0034,2024-10-18,1,0,21565.22,2874.34,Credit Card,Cancelled,Kerala,Kochi
ORD001303,CUST0359,PROD0012,2025-03-04,1,0,25181.42,4858.95,UPI,Cancelled,Madhya Pradesh,Bhopal
ORD001304,CUST0416,PROD0030,2024-02-24,1,0,9467.22,872.58,Cash on Delivery,Delivered,Maharashtra,Nagpur
ORD001305,CUST0017,PROD0031,2023-10-14,2,5,51346.26,7814.08,Debit Card,Returned,Uttar Pradesh,Kanpur
ORD001306,CUST0213,PROD0034,2023-05-05,1,0,21565.22,2874.34,UPI,Delivered,West Bengal,Kolkata
ORD001307,CUST0055,PROD0026,2025-01-13,1,5,16947.04,825.97,Net Banking,Delivered,Madhya Pradesh,Indore
ORD001308,CUST0440,PROD0018,2023-06-11,3,0,53706.15,8495.58,Net Banking,Cancelled,Maharashtra,Pune
ORD001309,CUST0291,PROD0035,2023-09-02,1,5,11915.89,1333.05,Cash on Delivery,Delivered,Maharashtra,Pune
ORD001310,CUST0543,PROD0027,2024-04-01,1,0,30380.21,7142.47,Net Banking,Delivered,Gujarat,Surat
ORD001311,CUST0181,PROD0006,2025-07-03,2,10,21213.67,238.99,Credit Card,Delivered,Tamil Nadu,Chennai
ORD001312,CUST0416,PROD0015,2024-12-26,1,0,11317.12,2380.21,UPI,Cancelled,Maharashtra,Nagpur
ORD001313,CUST0039,PROD0014,2023-02-14,1,0,9430.77,1089.07,Net Banking,Delivered,Delhi,Delhi
ORD001314,CUST0218,PROD0015,2023-11-29,1,15,9619.55,682.64,Debit Card,Delivered,West Bengal,Kolkata
ORD001315,CUST0464,PROD0007,2024-03-05,2,15,23152.16,1641.98,Cash on Delivery,Returned,Bihar,Patna
ORD001316,CUST0235,PROD0034,2023-06-06,4,5,81947.84,7184.32,Credit Card,Cancelled,Maharashtra,Mumbai
ORD001317,CUST0439,PROD0002,2025-05-20,1,20,16876.95,551.67,Credit Card,Delivered,Madhya Pradesh,Bhopal
ORD001318,CUST0590,PROD0026,2024-11-01,2,15,30326.28,-1915.86,UPI,Delivered,Madhya Pradesh,Indore
ORD001319,CUST0074,PROD0033,2023-09-26,2,10,31670.08,-98.56,Credit Card,Delivered,Maharashtra,Mumbai
ORD001320,CUST0228,PROD0018,2025-07-05,1,5,17006.95,1936.76,Credit Card,Cancelled,Gujarat,Ahmedabad
ORD001321,CUST0173,PROD0007,2025-03-01,4,20,43580.54,560.18,UPI,Delivered,Delhi,Delhi
ORD001322,CUST0516,PROD0028,2024-10-14,1,5,7393.11,597.03,Unknown,Cancelled,Uttar Pradesh,Kanpur
ORD001323,CUST0003,PROD0034,2024-09-19,1,0,21565.22,2874.34,UPI,Returned,Gujarat,Ahmedabad
ORD001324,CUST0026,PROD0003,2023-05-25,1,0,20840.14,2777.27,UPI,Cancelled,Karnataka,Bangalore
ORD001325,CUST0394,PROD0035,2023-08-13,2,5,23831.78,2666.1,Credit Card,Delivered,Assam,Guwahati
ORD001326,CUST0203,PROD0019,2023-02-08,1,0,16734.19,2222.91,UPI,Delivered,Delhi,Delhi
ORD001327,CUST0333,PROD0002,2023-10-26,1,0,21096.19,4770.91,Net Banking,Returned,Maharashtra,Pune
ORD001328,CUST0314,PROD0009,2023-04-30,3,10,69612.1,353.56,Net Banking,Delivered,Chandigarh,Chandigarh
ORD001329,CUST0114,PROD0028,2023-09-03,1,0,7782.22,986.14,Net Banking,Returned,Kerala,Kochi
ORD001330,CUST0398,PROD0016,2023-06-23,1,20,19802.3,1007.74,Net Banking,Returned,Madhya Pradesh,Bhopal
ORD001331,CUST0368,PROD0002,2024-06-13,2,0,42192.38,9541.82,UPI,Returned,Telangana,Hyderabad
ORD001332,CUST0369,PROD0014,2023-02-02,1,10,8487.69,145.99,UPI,Cancelled,Madhya Pradesh,Indore
ORD001333,CUST0042,PROD0027,2023-10-26,1,15,25823.18,2585.44,Cash on Delivery,Returned,Assam,Guwahati
ORD001334,CUST0166,PROD0033,2023-11-20,1,15,14955.32,-929.0,UPI,Returned,Rajasthan,Jaipur
ORD001335,CUST0346,PROD0022,2023-12-18,2,0,23964.54,5396.76,Cash on Delivery,Delivered,Tamil Nadu,Chennai
ORD001336,CUST0488,PROD0028,2024-05-23,4,10,28015.99,831.67,UPI,Delivered,Maharashtra,Nagpur
ORD001337,CUST0207,PROD0033,2023-06-03,1,5,16714.77,830.45,Debit Card,Delivered,Karnataka,Bangalore
ORD001338,CUST0087,PROD0023,2023-10-12,1,10,16890.6,2474.21,UPI,Returned,Maharashtra,Nagpur
ORD001339,CUST0562,PROD0019,2025-05-17,2,15,28448.12,-574.44,Debit Card,Delivered,Bihar,Patna
ORD001340,CUST0359,PROD0016,2024-01-17,1,0,24752.87,5958.31,Cash on Delivery,Delivered,Madhya Pradesh,Bhopal
ORD001341,CUST0229,PROD0025,2024-04-15,3,10,69334.41,7870.68,Credit Card,Returned,Maharashtra,Pune
ORD001342,CUST0317,PROD0012,2023-05-17,1,20,20145.14,-177.33,Net Banking,Cancelled,Bihar,Patna
ORD001343,CUST0484,PROD0011,2024-03-07,1,0,3275.51,725.88,Net Banking,Delivered,Maharashtra,Pune
ORD001344,CUST0393,PROD0002,2023-10-29,1,5,20041.38,3716.1,Net Banking,Delivered,Tamil Nadu,Coimbatore
ORD001345,CUST0316,PROD0033,2023-01-05,2,10,31670.08,-98.56,Debit Card,Cancelled,Kerala,Kochi
ORD001346,CUST0345,PROD0007,2024-11-26,1,0,13618.92,2863.83,UPI,Returned,Kerala,Kochi
ORD001347,CUST0127,PROD0017,2025-07-08,1,20,19399.63,1331.27,UPI,Delivered,Uttar Pradesh,Lucknow
ORD001348,CUST0468,PROD0002,2023-11-09,1,0,21096.19,4770.91,UPI,Delivered,Rajasthan,Jaipur
ORD001349,CUST0275,PROD0026,2024-10-26,1,0,17838.99,1717.92,Net Banking,Delivered,Maharashtra,Nagpur
ORD001350,CUST0226,PROD0002,2024-03-22,1,0,21096.19,4770.91,UPI,Returned,Maharashtra,Pune
ORD001351,CUST0002,PROD0017,2023-10-01,1,30,16974.68,-1093.68,Credit Card,Cancelled,Rajasthan,Jaipur
ORD001352,CUST0260,PROD0007,2025-06-08,1,5,12937.97,2182.88,UPI,Returned,Madhya Pradesh,Indore
ORD001353,CUST0279,PROD0026,2025-07-12,1,0,17838.99,1717.92,Cash on Delivery,Delivered,Rajasthan,Jaipur
ORD001354,CUST0589,PROD0001,2024-06-24,2,5,43886.45,8708.01,Debit Card,Delivered,Madhya Pradesh,Bhopal
ORD001355,CUST0540,PROD0020,2023-05-19,1,10,17136.19,666.29,Cash on Delivery,Cancelled,Tamil Nadu,Coimbatore
ORD001356,CUST0555,PROD0024,2024-06-16,1,0,28420.75,7268.64,Debit Card,Delivered,Uttar Pradesh,Kanpur
ORD001357,CUST0266,PROD0020,2025-05-04,1,0,19040.21,2570.31,Debit Card,Delivered,Gujarat,Surat
ORD001358,CUST0047,PROD0029,2024-02-21,5,15,88118.35,58.05,Credit Card,Delivered,Kerala,Kochi
ORD001359,CUST0155,PROD0008,2024-10-11,1,5,10219.32,767.94,Cash on Delivery,Delivered,Gujarat,Ahmedabad
ORD001360,CUST0375,PROD0009,2024-11-20,4,10,92816.14,471.42,Credit Card,Delivered,Delhi,Delhi
ORD001361,CUST0309,PROD0016,2025-04-27,5,15,105199.7,11226.9,Credit Card,Returned,Madhya Pradesh,Indore
ORD001362,CUST0436,PROD0023,2023-05-12,1,0,18767.33,4350.94,Cash on Delivery,Delivered,Gujarat,Ahmedabad
ORD001363,CUST0561,PROD0007,2024-06-03,1,0,13618.92,2863.83,Credit Card,Delivered,Telangana,Hyderabad
ORD001364,CUST0097,PROD0012,2023-10-18,2,0,50362.84,9717.9,Debit Card,Delivered,Rajasthan,Jaipur
ORD001365,CUST0416,PROD0025,2024-01-14,1,5,24395.44,3907.53,Cash on Delivery,Delivered,Maharashtra,Nagpur
ORD001366,CUST0088,PROD0013,2025-03-03,1,20,14610.54,-113.12,Net Banking,Delivered,Uttar Pradesh,Kanpur
ORD001367,CUST0471,PROD0005,2024-02-25,2,20,16642.54,-502.36,Credit Card,Delivered,Kerala,Kochi
ORD001368,CUST0183,PROD0003,2023-03-29,1,10,18756.13,693.26,Debit Card,Cancelled,Uttar Pradesh,Lucknow
ORD001369,CUST0150,PROD0013,2023-02-21,2,0,36526.36,7079.04,Cash on Delivery,Delivered,Bihar,Patna
ORD001370,CUST0146,PROD0027,2024-08-27,2,15,51646.36,5170.88,Net Banking,Returned,West Bengal,Kolkata
ORD001371,CUST0464,PROD0012,2024-07-03,1,0,25181.42,4858.95,UPI,Delivered,Bihar,Patna
ORD001372,CUST0482,PROD0013,2023-07-29,1,5,17350.02,2626.36,UPI,Delivered,Delhi,Delhi
ORD001373,CUST0356,PROD0031,2025-05-31,1,15,22970.7,1204.61,Debit Card,Delivered,Gujarat,Ahmedabad
ORD001374,CUST0392,PROD0027,2023-09-19,1,0,30380.21,7142.47,Credit Card,Returned,Tamil Nadu,Chennai
ORD001375,CUST0422,PROD0008,2023-01-22,2,0,21514.36,2611.6,Credit Card,Delivered,Kerala,Kochi
ORD001376,CUST0316,PROD0008,2024-05-22,1,5,10219.32,767.94,UPI,Delivered,Kerala,Kochi
ORD001377,CUST0511,PROD0026,2024-02-24,5,0,89194.95,8589.6,Debit Card,Delivered,Uttar Pradesh,Kanpur
ORD001378,CUST0158,PROD0033,2024-09-24,2,5,33429.53,1660.89,Debit Card,Delivered,Tamil Nadu,Coimbatore
ORD001379,CUST0511,PROD0007,2023-03-24,1,10,12257.03,1501.94,Debit Card,Delivered,Uttar Pradesh,Kanpur
ORD001380,CUST0279,PROD0004,2024-04-27,1,0,13157.81,1786.67,Unknown,Delivered,Rajasthan,Jaipur
ORD001381,CUST0238,PROD0015,2023-07-03,1,5,10751.26,1814.35,UPI,Cancelled,Chandigarh,Chandigarh
ORD001382,CUST0328,PROD0032,2023-10-27,1,20,9183.21,-926.28,Net Banking,Returned,Tamil Nadu,Coimbatore
ORD001383,CUST0039,PROD0003,2024-07-23,3,0,62520.42,8331.81,Net Banking,Returned,Delhi,Delhi
ORD001384,CUST0269,PROD0029,2025-06-07,2,5,39394.09,4169.97,Cash on Delivery,Cancelled,Maharashtra,Pune
ORD001385,CUST0342,PROD0009,2025-05-05,1,0,25782.26,2696.08,Cash on Delivery,Delivered,Bihar,Patna
ORD001386,CUST0549,PROD0019,2023-12-07,5,0,83670.95,11114.55,Net Banking,Cancelled,Uttar Pradesh,Kanpur
ORD001387,CUST0516,PROD0033,2023-05-20,1,5,16714.77,830.45,Net Banking,Delivered,Uttar Pradesh,Kanpur
ORD001388,CUST0567,PROD0012,2025-03-15,1,5,23922.35,3599.88,Credit Card,Cancelled,Assam,Guwahati
ORD001389,CUST0181,PROD0018,2023-12-15,1,15,15216.74,146.55,Cash on Delivery,Delivered,Tamil Nadu,Chennai
ORD001390,CUST0012,PROD0004,2023-12-18,1,15,11184.14,-187.0,Cash on Delivery,Delivered,Tamil Nadu,Chennai
ORD001391,CUST0534,PROD0013,2023-09-26,1,5,17350.02,2626.36,Credit Card,Delivered,Uttar Pradesh,Kanpur
ORD001392,CUST0543,PROD0009,2023-11-27,1,0,25782.26,2696.08,Debit Card,Delivered,Gujarat,Surat
ORD001393,CUST0595,PROD0028,2025-07-09,4,15,26459.55,-724.77,UPI,Delivered,Rajasthan,Jaipur
ORD001394,CUST0168,PROD0016,2025-04-03,2,20,39604.59,2015.47,Credit Card,Delivered,Madhya Pradesh,Indore
ORD001395,CUST0226,PROD0023,2023-03-24,1,10,16890.6,2474.21,UPI,Delivered,Maharashtra,Pune
ORD001396,CUST0215,PROD0012,2024-11-16,1,0,25181.42,4858.95,Cash on Delivery,Delivered,Tamil Nadu,Chennai
ORD001397,CUST0295,PROD0020,2024-02-23,2,5,36176.4,3236.6,Net Banking,Cancelled,Tamil Nadu,Chennai
ORD001398,CUST0111,PROD0030,2025-07-24,3,10,25561.49,-222.43,UPI,Delivered,Rajasthan,Jaipur
ORD001399,CUST0534,PROD0019,2025-01-27,1,10,15060.77,549.49,Debit Card,Delivered,Uttar Pradesh,Kanpur
ORD001400,CUST0455,PROD0013,2023-09-29,1,0,18263.18,3539.52,Net Banking,Delivered,Maharashtra,Pune
ORD001401,CUST0166,PROD0008,2025-01-28,3,0,32271.54,3917.4,UPI,Delivered,Rajasthan,Jaipur
ORD001402,CUST0259,PROD0028,2025-07-03,1,5,7393.11,597.03,UPI,Delivered,Uttar Pradesh,Lucknow
ORD001403,CUST0178,PROD0014,2024-02-04,1,5,8959.23,617.53,Cash on Delivery,Delivered,Madhya Pradesh,Indore
ORD001404,CUST0379,PROD0031,2025-04-24,1,10,24321.92,2555.83,Cash on Delivery,Delivered,Tamil Nadu,Chennai
ORD001405,CUST0066,PROD0034,2023-05-12,2,5,40973.92,3592.16,Debit Card,Delivered,Tamil Nadu,Chennai
ORD001406,CUST0153,PROD0030,2024-07-07,1,10,8520.5,-74.14,UPI,Delivered,Kerala,Kochi
ORD001407,CUST0380,PROD0034,2023-03-23,1,0,21565.22,2874.34,UPI,Delivered,Kerala,Kochi
ORD001408,CUST0293,PROD0011,2023-07-15,1,0,3275.51,725.88,Net Banking,Delivered,West Bengal,Kolkata
ORD001409,CUST0299,PROD0032,2024-03-23,1,20,9183.21,-926.28,Credit Card,Delivered,Gujarat,Surat
ORD001410,CUST0469,PROD0010,2025-03-28,1,0,23386.73,2567.2,Cash on Delivery,Delivered,Maharashtra,Nagpur
ORD001411,CUST0429,PROD0024,2025-07-18,2,15,48315.28,6011.06,Cash on Delivery,Cancelled,Madhya Pradesh,Bhopal
ORD001412,CUST0384,PROD0004,2023-03-04,2,10,23684.06,941.78,Net Banking,Delivered,Gujarat,Surat
ORD001413,CUST0436,PROD0016,2025-06-23,1,0,24752.87,5958.31,UPI,Delivered,Gujarat,Ahmedabad
ORD001414,CUST0134,PROD0012,2024-12-13,1,0,25181.42,4858.95,Credit Card,Delivered,Assam,Guwahati
ORD001415,CUST0579,PROD0020,2023-03-25,3,20,45696.5,-3713.2,Cash on Delivery,Cancelled,Maharashtra,Mumbai
ORD001416,CUST0110,PROD0025,2024-01-21,2,0,51358.82,10383.0,Debit Card,Returned,Gujarat,Ahmedabad
ORD001417,CUST0368,PROD0010,2025-05-11,1,15,19878.72,-940.81,Credit Card,Delivered,Telangana,Hyderabad
ORD001418,CUST0102,PROD0009,2024-01-26,3,0,77346.78,8088.24,Debit Card,Delivered,Telangana,Hyderabad
ORD001419,CUST0340,PROD0001,2024-06-07,1,0,23098.13,5508.91,Net Banking,Delivered,Madhya Pradesh,Indore
ORD001420,CUST0062,PROD0034,2024-10-31,2,15,36660.87,-720.89,UPI,Delivered,Uttar Pradesh,Lucknow
ORD001421,CUST0320,PROD0026,2024-12-12,2,15,30326.28,-1915.86,Credit Card,Delivered,Karnataka,Bangalore
ORD001422,CUST0255,PROD0032,2023-05-09,1,15,9757.16,-352.33,Cash on Delivery,Cancelled,Karnataka,Bangalore
ORD001423,CUST0429,PROD0023,2023-06-25,1,0,18767.33,4350.94,UPI,Delivered,Madhya Pradesh,Bhopal
ORD001424,CUST0201,PROD0020,2023-12-26,1,10,17136.19,666.29,UPI,Delivered,Chandigarh,Chandigarh
ORD001425,CUST0118,PROD0015,2024-06-05,4,0,45268.48,9520.84,Credit Card,Delivered,Maharashtra,Nagpur
ORD001426,CUST0559,PROD0004,2023-02-09,2,0,26315.62,3573.34,Debit Card,Delivered,Uttar Pradesh,Kanpur
ORD001427,CUST0141,PROD0032,2025-02-17,4,0,45916.04,5478.08,Cash on Delivery,Delivered,Maharashtra,Nagpur
ORD001428,CUST0041,PROD0012,2025-02-25,2,10,45326.56,4681.62,Cash on Delivery,Cancelled,West Bengal,Kolkata
ORD001429,CUST0191,PROD0023,2023-10-14,1,15,15952.23,1535.84,Cash on Delivery,Delivered,West Bengal,Kolkata
ORD001430,CUST0236,PROD0018,2024-06-10,1,0,17902.05,2831.86,Credit Card,Delivered,Telangana,Hyderabad
ORD001431,CUST0316,PROD0019,2024-03-12,4,5,63589.92,5544.8,UPI,Returned,Kerala,Kochi
ORD001432,CUST0336,PROD0010,2023-01-26,4,20,74837.54,-8440.58,Net Banking,Returned,Maharashtra,Pune
ORD001433,CUST0407,PROD0008,2023-01-03,1,5,10219.32,767.94,UPI,Delivered,Bihar,Patna
ORD001434,CUST0170,PROD0011,2023-09-05,1,0,3275.51,725.88,Net Banking,Delivered,Gujarat,Ahmedabad
ORD001435,CUST0390,PROD0007,2025-06-19,1,0,13618.92,2863.83,Debit Card,Delivered,Gujarat,Ahmedabad
ORD001436,CUST0565,PROD0027,2025-02-24,1,0,30380.21,7142.47,Net Banking,Delivered,Delhi,Delhi
ORD001437,CUST0060,PROD0008,2024-03-21,2,10,19362.92,460.16,UPI,Cancelled,Telangana,Hyderabad
ORD001438,CUST0512,PROD0031,2024-09-07,1,5,25673.13,3907.04,Debit Card,Delivered,West Bengal,Kolkata
ORD001439,CUST0476,PROD0031,2025-04-20,1,10,24321.92,2555.83,Net Banking,Returned,Gujarat,Surat
ORD001440,CUST0251,PROD0018,2024-01-28,1,5,17006.95,1936.76,Credit Card,Delivered,Maharashtra,Pune
ORD001441,CUST0075,PROD0029,2024-04-08,3,20,49760.95,-3075.23,Debit Card,Delivered,Uttar Pradesh,Kanpur
ORD001442,CUST0397,PROD0019,2024-10-09,1,30,11713.93,-2797.35,UPI,Delivered,Rajasthan,Jaipur
ORD001443,CUST0098,PROD0032,2023-08-19,1,5,10905.06,795.57,UPI,Returned,West Bengal,Kolkata
ORD001444,CUST0226,PROD0018,2023-04-23,1,0,17902.05,2831.86,Cash on Delivery,Returned,Maharashtra,Pune
ORD001445,CUST0016,PROD0020,2023-09-19,5,10,85680.94,3331.44,UPI,Delivered,Maharashtra,Nagpur
ORD001446,CUST0515,PROD0005,2025-07-25,1,0,10401.59,1829.14,Cash on Delivery,Delivered,Bihar,Patna
ORD001447,CUST0032,PROD0035,2023-03-04,3,5,35747.66,3999.14,Net Banking,Delivered,Karnataka,Bangalore
ORD001448,CUST0580,PROD0008,2024-12-03,2,0,21514.36,2611.6,Cash on Delivery,Returned,Delhi,Delhi
ORD001449,CUST0120,PROD0017,2024-07-01,2,15,41224.22,5087.5,Net Banking,Returned,Maharashtra,Nagpur
ORD001450,CUST0309,PROD0001,2024-06-16,1,10,20788.32,3199.1,Net Banking,Delivered,Madhya Pradesh,Indore
ORD001451,CUST0152,PROD0032,2025-03-28,1,0,11479.01,1369.52,UPI,Delivered,Chandigarh,Chandigarh
ORD001452,CUST0069,PROD0001,2024-08-14,1,5,21943.22,4354.0,Credit Card,Delivered,Chandigarh,Chandigarh
ORD001453,CUST0485,PROD0014,2024-03-24,1,10,8487.69,145.99,Net Banking,Delivered,Assam,Guwahati
ORD001454,CUST0276,PROD0003,2024-10-15,2,30,29176.2,-6949.54,Cash on Delivery,Delivered,Maharashtra,Mumbai
ORD001455,CUST0351,PROD0021,2023-04-23,2,0,7446.42,1767.96,Cash on Delivery,Cancelled,Gujarat,Surat
ORD001456,CUST0101,PROD0033,2024-04-27,1,0,17594.49,1710.17,Net Banking,Cancelled,Madhya Pradesh,Indore
ORD001457,CUST0422,PROD0021,2024-06-25,2,0,7446.42,1767.96,Net Banking,Returned,Kerala,Kochi
ORD001458,CUST0185,PROD0011,2025-03-07,1,0,3275.51,725.88,Cash on Delivery,Delivered,Maharashtra,Pune
ORD001459,CUST0316,PROD0010,2023-06-03,1,30,16370.71,-4448.82,Net Banking,Delivered,Kerala,Kochi
ORD001460,CUST0426,PROD0015,2023-02-25,3,0,33951.36,7140.63,Debit Card,Delivered,Delhi,Delhi
ORD001461,CUST0230,PROD0003,2023-10-29,3,5,59394.4,5205.79,UPI,Delivered,Tamil Nadu,Coimbatore
ORD001462,CUST0568,PROD0024,2025-04-07,1,10,25578.68,4426.57,Credit Card,Delivered,Kerala,Kochi
ORD001463,CUST0413,PROD0023,2023-05-08,1,0,18767.33,4350.94,Net Banking,Returned,Telangana,Hyderabad
ORD001464,CUST0484,PROD0003,2023-06-03,1,0,20840.14,2777.27,Net Banking,Returned,Maharashtra,Pune
ORD001465,CUST0150,PROD0023,2023-09-14,2,10,33781.19,4948.41,Net Banking,Cancelled,Bihar,Patna
ORD001466,CUST0047,PROD0030,2024-01-31,1,20,7573.78,-1020.86,UPI,Cancelled,Kerala,Kochi
ORD001467,CUST0559,PROD0030,2025-05-09,1,5,8993.86,399.22,Cash on Delivery,Delivered,Uttar Pradesh,Kanpur
ORD001468,CUST0094,PROD0031,2023-12-02,2,15,45941.4,2409.22,Debit Card,Delivered,Delhi,Delhi
ORD001469,CUST0225,PROD0011,2023-10-01,1,5,3111.73,562.1,Debit Card,Delivered,Tamil Nadu,Coimbatore
ORD001470,CUST0210,PROD0029,2024-05-13,1,10,18660.36,1048.3,Debit Card,Delivered,Gujarat,Surat
ORD001471,CUST0492,PROD0015,2025-06-01,1,5,10751.26,1814.35,Net Banking,Delivered,Bihar,Patna
ORD001472,CUST0350,PROD0035,2024-04-29,1,10,11288.74,705.9,Credit Card,Delivered,Telangana,Hyderabad
ORD001473,CUST0103,PROD0022,2024-12-22,2,5,22766.31,4198.53,UPI,Returned,Uttar Pradesh,Kanpur
ORD001474,CUST0175,PROD0031,2023-06-22,3,0,81073.05,15774.78,UPI,Delivered,West Bengal,Kolkata
ORD001475,CUST0096,PROD0024,2023-03-31,1,0,28420.75,7268.64,Net Banking,Returned,Karnataka,Bangalore
ORD001476,CUST0073,PROD0017,2024-12-09,2,20,38799.26,2662.54,UPI,Delivered,Tamil Nadu,Coimbatore
ORD001477,CUST0190,PROD0026,2024-05-27,2,5,33894.08,1651.94,Net Banking,Delivered,Maharashtra,Pune
ORD001478,CUST0381,PROD0025,2025-04-01,2,0,51358.82,10383.0,Net Banking,Delivered,Maharashtra,Mumbai
ORD001479,CUST0551,PROD0020,2025-02-17,1,10,17136.19,666.29,Net Banking,Delivered,Gujarat,Ahmedabad
ORD001480,CUST0504,PROD0023,2024-10-07,1,15,15952.23,1535.84,Credit Card,Delivered,Gujarat,Surat
ORD001481,CUST0316,PROD0019,2023-10-11,2,0,33468.38,4445.82,Credit Card,Delivered,Kerala,Kochi
ORD001482,CUST0519,PROD0030,2024-10-07,1,15,8047.14,-547.5,Cash on Delivery,Delivered,Tamil Nadu,Chennai
ORD001483,CUST0439,PROD0004,2024-10-10,1,0,13157.81,1786.67,Cash on Delivery,Delivered,Madhya Pradesh,Bhopal
ORD001484,CUST0025,PROD0001,2023-04-01,1,0,23098.13,5508.91,UPI,Returned,Maharashtra,Pune
ORD001485,CUST0482,PROD0002,2024-06-30,2,5,40082.76,7432.2,Debit Card,Cancelled,Delhi,Delhi
ORD001486,CUST0527,PROD0020,2025-02-14,1,5,18088.2,1618.3,Net Banking,Cancelled,Bihar,Patna
ORD001487,CUST0511,PROD0027,2023-01-13,1,0,30380.21,7142.47,Debit Card,Delivered,Uttar Pradesh,Kanpur
ORD001488,CUST0359,PROD0018,2024-05-03,1,0,17902.05,2831.86,Cash on Delivery,Returned,Madhya Pradesh,Bhopal
ORD001489,CUST0096,PROD0019,2023-12-18,1,5,15897.48,1386.2,Cash on Delivery,Delivered,Karnataka,Bangalore
ORD001490,CUST0239,PROD0002,2024-04-01,1,10,18986.57,2661.29,Credit Card,Cancelled,Kerala,Kochi
ORD001491,CUST0062,PROD0023,2023-11-17,3,10,50671.79,7422.62,Credit Card,Cancelled,Uttar Pradesh,Lucknow
ORD001492,CUST0007,PROD0008,2025-05-07,2,0,21514.36,2611.6,Net Banking,Returned,Chandigarh,Chandigarh
ORD001493,CUST0600,PROD0026,2023-04-07,1,10,16055.09,-65.98,Net Banking,Cancelled,Madhya Pradesh,Indore
ORD001494,CUST0288,PROD0033,2023-05-26,4,10,63340.16,-197.12,Cash on Delivery,Delivered,Delhi,Delhi
ORD001495,CUST0152,PROD0016,2023-07-28,1,5,23515.23,4720.67,Credit Card,Delivered,Chandigarh,Chandigarh
ORD001496,CUST0408,PROD0004,2023-06-27,2,15,22368.28,-374.0,Net Banking,Delivered,Tamil Nadu,Chennai
ORD001497,CUST0162,PROD0028,2025-04-25,1,15,6614.89,-181.19,Credit Card,Delivered,Delhi,Delhi
ORD001498,CUST0087,PROD0020,2024-07-31,3,0,57120.63,7710.93,Credit Card,Delivered,Maharashtra,Nagpur
ORD001499,CUST0304,PROD0003,2025-02-22,1,10,18756.13,693.26,Credit Card,Delivered,Tamil Nadu,Coimbatore
ORD001500,CUST0209,PROD0031,2024-05-10,1,0,27024.35,5258.26,Debit Card,Delivered,Telangana,Hyderabad
ORD001501,CUST0124,PROD0010,2024-05-16,1,5,22217.39,1397.86,Net Banking,Delivered,Gujarat,Surat
ORD001502,CUST0499,PROD0023,2024-06-03,2,0,37534.66,8701.88,Debit Card,Delivered,Bihar,Patna
ORD001503,CUST0551,PROD0007,2024-12-13,1,0,13618.92,2863.83,Cash on Delivery,Delivered,Gujarat,Ahmedabad
ORD001504,CUST0092,PROD0006,2023-04-18,1,20,9428.3,-1059.04,Net Banking,Returned,Kerala,Kochi
ORD001505,CUST0128,PROD0024,2024-03-09,2,0,56841.5,14537.28,Debit Card,Delivered,Assam,Guwahati
ORD001506,CUST0285,PROD0032,2023-03-13,2,20,18366.42,-1852.56,Debit Card,Delivered,Kerala,Kochi
ORD001507,CUST0009,PROD0002,2025-02-10,2,20,33753.9,1103.34,Unknown,Delivered,Kerala,Kochi
ORD001508,CUST0184,PROD0014,2025-05-19,1,5,8959.23,617.53,UPI,Cancelled,Madhya Pradesh,Indore
ORD001509,CUST0186,PROD0001,2024-03-27,1,15,19633.41,2044.19,Debit Card,Cancelled,Telangana,Hyderabad
ORD001510,CUST0177,PROD0004,2023-10-21,1,0,13157.81,1786.67,UPI,Cancelled,Kerala,Kochi
ORD001511,CUST0058,PROD0014,2023-12-08,2,0,18861.54,2178.14,Net Banking,Cancelled,Kerala,Kochi
ORD001512,CUST0470,PROD0002,2025-02-08,3,10,56959.71,7983.87,Credit Card,Delivered,Uttar Pradesh,Lucknow
ORD001513,CUST0465,PROD0004,2025-04-18,1,0,13157.81,1786.67,Net Banking,Delivered,Bihar,Patna
ORD001514,CUST0058,PROD0007,2024-07-16,1,20,10895.14,140.05,Net Banking,Delivered,Kerala,Kochi
ORD001515,CUST0324,PROD0025,2024-12-20,1,10,23111.47,2623.56,Debit Card,Delivered,Madhya Pradesh,Bhopal
ORD001516,CUST0561,PROD0009,2023-11-19,1,5,24493.15,1406.97,Debit Card,Delivered,Telangana,Hyderabad
ORD001517,CUST0029,PROD0029,2024-10-30,3,20,49760.95,-3075.23,Net Banking,Delivered,Uttar Pradesh,Kanpur
ORD001518,CUST0190,PROD0033,2023-01-28,2,15,29910.63,-1858.01,Cash on Delivery,Delivered,Maharashtra,Pune
ORD001519,CUST0067,PROD0002,2025-02-06,1,10,18986.57,2661.29,Credit Card,Delivered,Telangana,Hyderabad
ORD001520,CUST0563,PROD0028,2023-07-29,1,0,7782.22,986.14,Debit Card,Returned,West Bengal,Kolkata
ORD001521,CUST0138,PROD0005,2025-03-18,4,10,37445.72,3155.92,Credit Card,Cancelled,Uttar Pradesh,Lucknow
ORD001522,CUST0437,PROD0035,2023-05-15,3,0,37629.12,5880.6,Debit Card,Delivered,Gujarat,Surat
ORD001523,CUST0419,PROD0004,2023-08-02,1,20,10526.25,-844.89,Unknown,Delivered,Uttar Pradesh,Lucknow
ORD001524,CUST0494,PROD0012,2023-04-29,1,20,20145.14,-177.33,Debit Card,Delivered,Bihar,Patna
ORD001525,CUST0329,PROD0021,2023-05-03,3,15,9494.19,976.5,UPI,Delivered,Rajasthan,Jaipur
ORD001526,CUST0544,PROD0006,2023-03-16,1,0,11785.37,1298.03,Net Banking,Delivered,Telangana,Hyderabad
ORD001527,CUST0342,PROD0003,2024-10-12,2,20,33344.22,-2781.52,Net Banking,Delivered,Bihar,Patna
ORD001528,CUST0233,PROD0008,2025-01-08,3,15,27430.81,-923.33,Debit Card,Delivered,Maharashtra,Nagpur
ORD001529,CUST0489,PROD0004,2023-03-15,1,0,13157.81,1786.67,Cash on Delivery,Cancelled,Maharashtra,Pune
ORD001530,CUST0072,PROD0026,2024-12-30,2,5,33894.08,1651.94,UPI,Delivered,Chandigarh,Chandigarh
ORD001531,CUST0589,PROD0029,2024-12-14,2,0,41467.46,6243.34,Credit Card,Delivered,Madhya Pradesh,Bhopal
ORD001532,CUST0270,PROD0010,2023-02-10,1,0,23386.73,2567.2,Debit Card,Delivered,Rajasthan,Jaipur
ORD001533,CUST0248,PROD0031,2023-04-12,2,0,54048.7,10516.52,Cash on Delivery,Delivered,Maharashtra,Pune
ORD001534,CUST0366,PROD0012,2025-01-17,2,15,42808.41,2163.47,Credit Card,Returned,Assam,Guwahati
ORD001535,CUST0156,PROD0028,2024-04-28,3,10,21011.99,623.75,Net Banking,Delivered,Telangana,Hyderabad
ORD001536,CUST0203,PROD0019,2023-02-25,1,10,15060.77,549.49,Credit Card,Delivered,Delhi,Delhi
ORD001537,CUST0060,PROD0034,2023-04-23,2,15,36660.87,-720.89,Credit Card,Delivered,Telangana,Hyderabad
ORD001538,CUST0374,PROD0030,2023-08-27,1,0,9467.22,872.58,Net Banking,Delivered,Gujarat,Surat
ORD001539,CUST0135,PROD0003,2023-03-04,4,20,66688.45,-5563.03,UPI,Delivered,Tamil Nadu,Coimbatore
ORD001540,CUST0023,PROD0003,2024-09-20,4,20,66688.45,-5563.03,Cash on Delivery,Returned,Uttar Pradesh,Kanpur
ORD001541,CUST0165,PROD0008,2024-12-11,2,20,17211.49,-1691.27,Credit Card,Delivered,Gujarat,Ahmedabad
ORD001542,CUST0545,PROD0013,2025-01-06,1,20,14610.54,-113.12,Net Banking,Delivered,Delhi,Delhi
ORD001543,CUST0297,PROD0007,2025-05-16,2,10,24514.06,3003.88,UPI,Delivered,Tamil Nadu,Chennai
ORD001544,CUST0469,PROD0001,2023-07-13,4,0,92392.52,22035.64,UPI,Cancelled,Maharashtra,Nagpur
ORD001545,CUST0532,PROD0011,2025-04-28,1,5,3111.73,562.1,Net Banking,Delivered,Maharashtra,Nagpur
ORD001546,CUST0475,PROD0017,2023-06-24,1,10,21824.59,3756.23,Debit Card,Delivered,Maharashtra,Pune
ORD001547,CUST0495,PROD0020,2023-11-28,1,5,18088.2,1618.3,Net Banking,Delivered,Kerala,Kochi
ORD001548,CUST0032,PROD0005,2023-03-27,3,10,28084.29,2366.94,Credit Card,Delivered,Karnataka,Bangalore
ORD001549,CUST0482,PROD0023,2025-03-07,1,5,17828.96,3412.57,UPI,Delivered,Delhi,Delhi
ORD001550,CUST0071,PROD0022,2025-06-06,1,0,11982.27,2698.38,Net Banking,Cancelled,Tamil Nadu,Chennai
ORD001551,CUST0472,PROD0021,2025-06-12,4,0,14892.84,3535.92,Net Banking,Returned,Uttar Pradesh,Lucknow
ORD001552,CUST0552,PROD0031,2023-11-24,1,5,25673.13,3907.04,Net Banking,Delivered,Telangana,Hyderabad
ORD001553,CUST0162,PROD0028,2023-06-01,2,10,14008.0,415.84,Net Banking,Returned,Delhi,Delhi
ORD001554,CUST0164,PROD0035,2024-04-16,2,0,25086.08,3920.4,Cash on Delivery,Delivered,Delhi,Delhi
ORD001555,CUST0074,PROD0020,2024-11-17,1,0,19040.21,2570.31,Net Banking,Delivered,Maharashtra,Mumbai
ORD001556,CUST0167,PROD0028,2023-08-16,4,30,21790.22,-5394.1,Cash on Delivery,Returned,Bihar,Patna
ORD001557,CUST0221,PROD0025,2024-06-21,2,15,43655.0,2679.18,Debit Card,Delivered,Bihar,Patna
ORD001558,CUST0240,PROD0024,2023-04-04,1,0,28420.75,7268.64,Debit Card,Delivered,Telangana,Hyderabad
ORD001559,CUST0291,PROD0021,2024-06-28,1,20,2978.57,139.34,Cash on Delivery,Delivered,Maharashtra,Pune
ORD001560,CUST0071,PROD0027,2023-01-14,1,0,30380.21,7142.47,Debit Card,Delivered,Tamil Nadu,Chennai
ORD001561,CUST0458,PROD0034,2023-07-24,3,0,64695.66,8623.02,Cash on Delivery,Delivered,Madhya Pradesh,Bhopal
ORD001562,CUST0445,PROD0008,2023-06-30,1,0,10757.18,1305.8,UPI,Delivered,Madhya Pradesh,Indore
ORD001563,CUST0482,PROD0031,2023-09-23,5,5,128365.66,19535.21,Debit Card,Delivered,Delhi,Delhi
ORD001564,CUST0084,PROD0035,2025-04-29,4,0,50172.16,7840.8,Cash on Delivery,Delivered,Madhya Pradesh,Indore
ORD001565,CUST0202,PROD0030,2024-05-20,3,20,22721.33,-3062.59,Debit Card,Cancelled,Assam,Guwahati
ORD001566,CUST0185,PROD0008,2025-07-06,1,0,10757.18,1305.8,Net Banking,Returned,Maharashtra,Pune
ORD001567,CUST0074,PROD0003,2023-04-03,2,0,41680.28,5554.54,Net Banking,Returned,Maharashtra,Mumbai
ORD001568,CUST0156,PROD0023,2023-07-21,1,0,18767.33,4350.94,Credit Card,Delivered,Telangana,Hyderabad
ORD001569,CUST0304,PROD0001,2024-04-19,1,0,23098.13,5508.91,Net Banking,Returned,Tamil Nadu,Coimbatore
ORD001570,CUST0245,PROD0012,2024-10-28,1,30,17626.99,-2695.48,UPI,Delivered,Kerala,Kochi
ORD001571,CUST0128,PROD0016,2023-12-12,1,30,17327.01,-1467.55,Net Banking,Cancelled,Assam,Guwahati
ORD001572,CUST0256,PROD0014,2024-07-09,1,0,9430.77,1089.07,Credit Card,Returned,Maharashtra,Pune
ORD001573,CUST0144,PROD0021,2024-02-19,1,0,3723.21,883.98,Credit Card,Delivered,Tamil Nadu,Coimbatore
ORD001574,CUST0349,PROD0001,2025-06-21,3,10,62364.95,9597.29,Cash on Delivery,Delivered,Chandigarh,Chandigarh
ORD001575,CUST0471,PROD0023,2023-06-20,3,5,53486.89,10237.72,UPI,Cancelled,Kerala,Kochi
ORD001576,CUST0403,PROD0016,2023-12-01,1,5,23515.23,4720.67,UPI,Delivered,Assam,Guwahati
ORD001577,CUST0594,PROD0009,2023-12-24,1,5,24493.15,1406.97,Debit Card,Delivered,Gujarat,Ahmedabad
ORD001578,CUST0507,PROD0014,2023-07-21,1,10,8487.69,145.99,UPI,Returned,Delhi,Delhi
ORD001579,CUST0523,PROD0016,2023-08-03,1,5,23515.23,4720.67,Debit Card,Delivered,Rajasthan,Jaipur
ORD001580,CUST0455,PROD0005,2023-04-17,1,0,10401.59,1829.14,Net Banking,Returned,Maharashtra,Pune
ORD001581,CUST0350,PROD0018,2025-07-16,1,30,12531.44,-2538.75,UPI,Cancelled,Telangana,Hyderabad
ORD001582,CUST0191,PROD0021,2023-04-27,1,0,3723.21,883.98,Net Banking,Cancelled,West Bengal,Kolkata
ORD001583,CUST0236,PROD0010,2023-04-14,1,10,21048.06,228.53,Cash on Delivery,Returned,Telangana,Hyderabad
ORD001584,CUST0472,PROD0014,2023-05-09,1,20,7544.62,-797.08,Debit Card,Returned,Uttar Pradesh,Lucknow
ORD001585,CUST0003,PROD0024,2024-12-19,1,0,28420.75,7268.64,Cash on Delivery,Delivered,Gujarat,Ahmedabad
ORD001586,CUST0343,PROD0031,2024-10-25,4,0,108097.4,21033.04,Debit Card,Delivered,Rajasthan,Jaipur
ORD001587,CUST0333,PROD0027,2024-06-08,1,30,21266.15,-1971.59,UPI,Delivered,Maharashtra,Pune
ORD001588,CUST0255,PROD0021,2023-02-08,1,0,3723.21,883.98,Net Banking,Delivered,Karnataka,Bangalore
ORD001589,CUST0584,PROD0017,2023-11-06,1,15,20612.11,2543.75,Credit Card,Returned,Telangana,Hyderabad
ORD001590,CUST0413,PROD0028,2023-04-20,1,5,7393.11,597.03,Debit Card,Delivered,Telangana,Hyderabad
ORD001591,CUST0042,PROD0026,2023-09-25,4,10,64220.36,-263.92,UPI,Delivered,Assam,Guwahati
ORD001592,CUST0097,PROD0017,2024-07-19,3,5,69111.19,14906.11,Net Banking,Delivered,Rajasthan,Jaipur
ORD001593,CUST0453,PROD0002,2023-10-21,3,5,60124.14,11148.3,Cash on Delivery,Cancelled,Kerala,Kochi
ORD001594,CUST0524,PROD0031,2025-07-08,1,15,22970.7,1204.61,Cash on Delivery,Delivered,Madhya Pradesh,Bhopal
ORD001595,CUST0379,PROD0026,2024-02-23,1,10,16055.09,-65.98,UPI,Delivered,Tamil Nadu,Chennai
ORD001596,CUST0436,PROD0011,2024-06-05,1,30,2292.86,-256.77,Credit Card,Returned,Gujarat,Ahmedabad
ORD001597,CUST0364,PROD0017,2023-10-01,2,10,43649.17,7512.45,Cash on Delivery,Delivered,Karnataka,Bangalore
ORD001598,CUST0330,PROD0020,2025-03-16,2,5,36176.4,3236.6,Net Banking,Delivered,Chandigarh,Chandigarh
ORD001599,CUST0326,PROD0033,2023-06-27,1,20,14075.59,-1808.73,Debit Card,Delivered,Uttar Pradesh,Kanpur
ORD001600,CUST0356,PROD0014,2023-03-07,1,0,9430.77,1089.07,Credit Card,Delivered,Gujarat,Ahmedabad
ORD001601,CUST0571,PROD0029,2025-03-03,1,0,20733.73,3121.67,Cash on Delivery,Delivered,Gujarat,Ahmedabad
ORD001602,CUST0442,PROD0004,2024-03-24,1,0,13157.81,1786.67,Cash on Delivery,Delivered,Tamil Nadu,Coimbatore
ORD001603,CUST0114,PROD0009,2024-10-01,1,0,25782.26,2696.08,Cash on Delivery,Returned,Kerala,Kochi
ORD001604,CUST0019,PROD0004,2023-06-18,3,0,39473.43,5360.01,UPI,Cancelled,Kerala,Kochi
ORD001605,CUST0527,PROD0003,2025-07-29,2,0,41680.28,5554.54,Net Banking,Returned,Bihar,Patna
ORD001606,CUST0089,PROD0019,2024-04-08,1,0,16734.19,2222.91,UPI,Delivered,Chandigarh,Chandigarh
ORD001607,CUST0471,PROD0001,2023-04-10,1,20,18478.5,889.28,Debit Card,Delivered,Kerala,Kochi
ORD001608,CUST0309,PROD0028,2024-02-17,2,5,14786.22,1194.06,Net Banking,Returned,Madhya Pradesh,Indore
ORD001609,CUST0514,PROD0003,2024-09-12,2,0,41680.28,5554.54,Credit Card,Delivered,Delhi,Delhi
ORD001610,CUST0110,PROD0019,2023-03-22,1,10,15060.77,549.49,Debit Card,Cancelled,Gujarat,Ahmedabad
ORD001611,CUST0427,PROD0018,2023-05-16,3,0,53706.15,8495.58,UPI,Cancelled,Kerala,Kochi
ORD001612,CUST0455,PROD0007,2024-01-13,1,0,13618.92,2863.83,Net Banking,Delivered,Maharashtra,Pune
ORD001613,CUST0140,PROD0030,2024-07-10,1,5,8993.86,399.22,Cash on Delivery,Returned,Uttar Pradesh,Lucknow
ORD001614,CUST0367,PROD0022,2023-04-06,2,0,23964.54,5396.76,Debit Card,Cancelled,Karnataka,Bangalore
ORD001615,CUST0159,PROD0013,2025-05-21,2,30,25568.45,-3878.87,Net Banking,Returned,Uttar Pradesh,Lucknow
ORD001616,CUST0539,PROD0001,2025-07-10,3,0,69294.39,16526.73,UPI,Delivered,Kerala,Kochi
ORD001617,CUST0258,PROD0011,2023-03-02,1,15,2784.18,234.55,Credit Card,Returned,Karnataka,Bangalore
ORD001618,CUST0088,PROD0034,2025-07-07,3,0,64695.66,8623.02,Credit Card,Returned,Uttar Pradesh,Kanpur
ORD001619,CUST0138,PROD0015,2023-11-15,2,5,21502.53,3628.71,Cash on Delivery,Returned,Uttar Pradesh,Lucknow
ORD001620,CUST0506,PROD0035,2024-07-14,1,0,12543.04,1960.2,Credit Card,Delivered,Assam,Guwahati
ORD001621,CUST0296,PROD0011,2025-07-22,1,0,3275.51,725.88,Credit Card,Delivered,Telangana,Hyderabad
ORD001622,CUST0051,PROD0013,2023-04-26,2,5,34700.04,5252.72,Net Banking,Delivered,Gujarat,Ahmedabad
ORD001623,CUST0534,PROD0035,2025-02-28,1,5,11915.89,1333.05,Credit Card,Delivered,Uttar Pradesh,Kanpur
ORD001624,CUST0151,PROD0026,2024-11-14,1,15,15163.14,-957.93,UPI,Delivered,Gujarat,Surat
ORD001625,CUST0372,PROD0021,2023-09-20,1,0,3723.21,883.98,Net Banking,Returned,Bihar,Patna
ORD001626,CUST0085,PROD0012,2024-11-03,5,15,107021.03,5408.68,Cash on Delivery,Returned,Kerala,Kochi
ORD001627,CUST0194,PROD0004,2024-07-02,2,5,24999.84,2257.56,UPI,Delivered,Chandigarh,Chandigarh
ORD001628,CUST0131,PROD0017,2023-09-15,1,5,23037.06,4968.7,Cash on Delivery,Cancelled,Tamil Nadu,Chennai
ORD001629,CUST0223,PROD0022,2025-01-13,4,20,38343.26,1207.7,Unknown,Delivered,Tamil Nadu,Chennai
ORD001630,CUST0562,PROD0026,2024-08-29,2,5,33894.08,1651.94,Cash on Delivery,Delivered,Bihar,Patna
ORD001631,CUST0448,PROD0020,2024-01-13,1,0,19040.21,2570.31,Net Banking,Returned,Gujarat,Surat
ORD001632,CUST0007,PROD0021,2024-03-24,3,0,11169.63,2651.94,Debit Card,Cancelled,Chandigarh,Chandigarh
ORD001633,CUST0189,PROD0023,2024-07-22,1,5,17828.96,3412.57,Debit Card,Delivered,Bihar,Patna
ORD001634,CUST0099,PROD0011,2024-01-16,2,5,6223.47,1124.21,Unknown,Delivered,Assam,Guwahati
ORD001635,CUST0033,PROD0031,2024-04-01,1,5,25673.13,3907.04,Debit Card,Returned,Tamil Nadu,Chennai
ORD001636,CUST0061,PROD0015,2023-09-20,4,20,36214.78,467.14,Net Banking,Returned,Kerala,Kochi
ORD001637,CUST0450,PROD0016,2024-12-24,1,0,24752.87,5958.31,Net Banking,Returned,Madhya Pradesh,Bhopal
ORD001638,CUST0424,PROD0034,2023-04-12,4,15,73321.75,-1441.77,Debit Card,Returned,Uttar Pradesh,Kanpur
ORD001639,CUST0465,PROD0001,2023-08-25,2,15,39266.82,4088.38,Cash on Delivery,Delivered,Bihar,Patna
ORD001640,CUST0403,PROD0009,2024-04-13,1,10,23204.03,117.85,Net Banking,Delivered,Assam,Guwahati
ORD001641,CUST0204,PROD0019,2024-08-14,1,0,16734.19,2222.91,Net Banking,Cancelled,Maharashtra,Mumbai
ORD001642,CUST0155,PROD0017,2023-05-07,1,5,23037.06,4968.7,Debit Card,Delivered,Gujarat,Ahmedabad
ORD001643,CUST0493,PROD0020,2023-04-04,1,5,18088.2,1618.3,Debit Card,Delivered,Maharashtra,Mumbai
ORD001644,CUST0329,PROD0023,2023-02-19,3,0,56301.99,13052.82,Credit Card,Delivered,Rajasthan,Jaipur
ORD001645,CUST0057,PROD0028,2023-03-06,3,20,18677.33,-1710.91,UPI,Delivered,Bihar,Patna
ORD001646,CUST0482,PROD0009,2024-09-30,1,0,25782.26,2696.08,UPI,Delivered,Delhi,Delhi
ORD001647,CUST0497,PROD0010,2025-07-04,2,5,44434.79,2795.73,Debit Card,Delivered,Assam,Guwahati
ORD001648,CUST0150,PROD0019,2023-12-27,2,15,28448.12,-574.44,Debit Card,Cancelled,Bihar,Patna
ORD001649,CUST0593,PROD0021,2024-10-01,3,20,8935.7,418.01,Cash on Delivery,Cancelled,Karnataka,Bangalore
ORD001650,CUST0137,PROD0034,2023-05-24,2,10,38817.4,1435.64,Net Banking,Delivered,Assam,Guwahati
ORD001651,CUST0119,PROD0025,2024-08-08,5,15,109137.49,6697.94,Cash on Delivery,Delivered,Tamil Nadu,Chennai
ORD001652,CUST0537,PROD0034,2023-04-01,2,20,34504.35,-2877.41,Cash on Delivery,Delivered,Maharashtra,Pune
ORD001653,CUST0075,PROD0007,2023-03-14,1,0,13618.92,2863.83,UPI,Returned,Uttar Pradesh,Kanpur
ORD001654,CUST0585,PROD0031,2024-12-09,3,20,64858.44,-439.83,Debit Card,Delivered,Maharashtra,Pune
ORD001655,CUST0203,PROD0004,2024-12-24,2,15,22368.28,-374.0,UPI,Delivered,Delhi,Delhi
ORD001656,CUST0137,PROD0032,2025-01-16,1,0,11479.01,1369.52,UPI,Delivered,Assam,Guwahati
ORD001657,CUST0084,PROD0033,2023-07-10,3,5,50144.3,2491.34,UPI,Delivered,Madhya Pradesh,Indore
ORD001658,CUST0284,PROD0001,2024-09-15,1,15,19633.41,2044.19,Debit Card,Delivered,Karnataka,Bangalore
ORD001659,CUST0201,PROD0031,2024-04-06,1,0,27024.35,5258.26,Net Banking,Delivered,Chandigarh,Chandigarh
ORD001660,CUST0082,PROD0010,2023-09-04,1,10,21048.06,228.53,Cash on Delivery,Delivered,Kerala,Kochi
ORD001661,CUST0287,PROD0006,2023-11-20,1,0,11785.37,1298.03,Net Banking,Delivered,Karnataka,Bangalore
ORD001662,CUST0282,PROD0034,2025-03-20,4,20,69008.7,-5754.82,Debit Card,Cancelled,Maharashtra,Nagpur
ORD001663,CUST0292,PROD0010,2024-05-29,4,5,88869.57,5591.45,Cash on Delivery,Delivered,Telangana,Hyderabad
ORD001664,CUST0417,PROD0019,2025-06-16,4,0,66936.76,8891.64,Net Banking,Delivered,Kerala,Kochi
ORD001665,CUST0447,PROD0031,2023-01-30,5,0,135121.75,26291.3,Net Banking,Delivered,Maharashtra,Mumbai
ORD001666,CUST0284,PROD0017,2024-02-10,2,10,43649.17,7512.45,Credit Card,Returned,Karnataka,Bangalore
ORD001667,CUST0166,PROD0010,2025-05-11,4,0,93546.92,10268.8,Cash on Delivery,Returned,Rajasthan,Jaipur
ORD001668,CUST0355,PROD0010,2023-12-28,5,5,111086.97,6989.32,Cash on Delivery,Returned,Kerala,Kochi
ORD001669,CUST0093,PROD0026,2023-10-24,3,10,48165.27,-197.94,Debit Card,Delivered,Maharashtra,Pune
ORD001670,CUST0086,PROD0031,2023-12-21,1,0,27024.35,5258.26,Cash on Delivery,Cancelled,West Bengal,Kolkata
ORD001671,CUST0298,PROD0012,2024-03-08,4,10,90653.11,9363.23,Credit Card,Delivered,Telangana,Hyderabad
ORD001672,CUST0386,PROD0032,2023-01-31,3,10,30993.33,664.86,Net Banking,Cancelled,Maharashtra,Pune
ORD001673,CUST0246,PROD0003,2024-06-08,2,20,33344.22,-2781.52,Net Banking,Returned,Tamil Nadu,Chennai
ORD001674,CUST0548,PROD0023,2025-03-21,2,20,30027.73,1194.95,UPI,Delivered,Gujarat,Ahmedabad
ORD001675,CUST0266,PROD0004,2023-10-13,1,0,13157.81,1786.67,Credit Card,Returned,Gujarat,Surat
ORD001676,CUST0230,PROD0007,2024-10-27,1,5,12937.97,2182.88,UPI,Delivered,Tamil Nadu,Coimbatore
ORD001677,CUST0527,PROD0009,2024-04-07,1,0,25782.26,2696.08,Credit Card,Delivered,Bihar,Patna
ORD001678,CUST0111,PROD0002,2023-05-07,1,20,16876.95,551.67,Cash on Delivery,Cancelled,Rajasthan,Jaipur
ORD001679,CUST0040,PROD0017,2024-11-05,1,15,20612.11,2543.75,Net Banking,Delivered,Maharashtra,Nagpur
ORD001680,CUST0200,PROD0018,2024-04-04,5,0,89510.25,14159.3,Debit Card,Delivered,Uttar Pradesh,Lucknow
ORD001681,CUST0508,PROD0016,2023-04-14,1,5,23515.23,4720.67,UPI,Delivered,Madhya Pradesh,Bhopal
ORD001682,CUST0501,PROD0004,2024-09-27,2,20,21052.5,-1689.78,Debit Card,Delivered,Madhya Pradesh,Bhopal
ORD001683,CUST0292,PROD0023,2024-09-13,2,0,37534.66,8701.88,Credit Card,Delivered,Telangana,Hyderabad
ORD001684,CUST0090,PROD0001,2024-10-07,3,30,48506.07,-4261.59,Unknown,Cancelled,Maharashtra,Pune
ORD001685,CUST0286,PROD0009,2024-06-23,3,0,77346.78,8088.24,Debit Card,Delivered,Uttar Pradesh,Kanpur
ORD001686,CUST0427,PROD0025,2024-03-24,2,15,43655.0,2679.18,Credit Card,Cancelled,Kerala,Kochi
ORD001687,CUST0381,PROD0003,2025-03-15,2,5,39596.27,3470.53,UPI,Delivered,Maharashtra,Mumbai
ORD001688,CUST0341,PROD0012,2024-04-22,1,5,23922.35,3599.88,Net Banking,Delivered,Kerala,Kochi
ORD001689,CUST0318,PROD0019,2024-01-04,1,10,15060.77,549.49,UPI,Delivered,Assam,Guwahati
ORD001690,CUST0027,PROD0023,2024-04-10,1,5,17828.96,3412.57,Net Banking,Delivered,Telangana,Hyderabad
ORD001691,CUST0528,PROD0001,2025-07-03,1,0,23098.13,5508.91,Cash on Delivery,Returned,Gujarat,Ahmedabad
ORD001692,CUST0274,PROD0003,2024-08-04,1,5,19798.13,1735.26,Debit Card,Delivered,Tamil Nadu,Coimbatore
ORD001693,CUST0526,PROD0021,2023-11-29,2,10,6701.78,1023.32,Net Banking,Delivered,Uttar Pradesh,Lucknow
ORD001694,CUST0322,PROD0013,2025-07-10,2,5,34700.04,5252.72,Credit Card,Delivered,Bihar,Patna
ORD001695,CUST0435,PROD0034,2023-10-29,1,5,20486.96,1796.08,Credit Card,Delivered,Telangana,Hyderabad
ORD001696,CUST0528,PROD0026,2023-01-27,5,5,84735.2,4129.85,UPI,Cancelled,Gujarat,Ahmedabad
ORD001697,CUST0020,PROD0017,2023-02-12,2,5,46074.13,9937.41,Credit Card,Delivered,Maharashtra,Nagpur
ORD001698,CUST0587,PROD0020,2025-02-27,4,0,76160.84,10281.24,Cash on Delivery,Delivered,Chandigarh,Chandigarh
ORD001699,CUST0396,PROD0013,2023-11-25,3,0,54789.54,10618.56,Cash on Delivery,Delivered,Gujarat,Surat
ORD001700,CUST0123,PROD0014,2024-11-30,1,5,8959.23,617.53,Debit Card,Delivered,Madhya Pradesh,Bhopal
ORD001701,CUST0277,PROD0001,2023-01-26,1,0,23098.13,5508.91,Net Banking,Delivered,Madhya Pradesh,Indore
ORD001702,CUST0558,PROD0004,2025-04-19,1,0,13157.81,1786.67,Net Banking,Cancelled,Uttar Pradesh,Kanpur
ORD001703,CUST0410,PROD0023,2023-11-18,1,20,15013.86,597.47,Credit Card,Delivered,Madhya Pradesh,Bhopal
ORD001704,CUST0029,PROD0034,2023-04-02,1,10,19408.7,717.82,UPI,Delivered,Uttar Pradesh,Kanpur
ORD001705,CUST0024,PROD0019,2023-11-22,1,0,16734.19,2222.91,Net Banking,Delivered,Karnataka,Bangalore
ORD001706,CUST0585,PROD0008,2023-12-03,1,0,10757.18,1305.8,Debit Card,Delivered,Maharashtra,Pune
ORD001707,CUST0550,PROD0003,2023-11-27,2,5,39596.27,3470.53,Cash on Delivery,Returned,Kerala,Kochi
ORD001708,CUST0377,PROD0035,2024-09-14,1,0,12543.04,1960.2,Net Banking,Returned,West Bengal,Kolkata
ORD001709,CUST0276,PROD0020,2023-08-22,2,10,34272.38,1332.58,Debit Card,Delivered,Maharashtra,Mumbai
ORD001710,CUST0125,PROD0025,2024-09-02,1,10,23111.47,2623.56,Net Banking,Cancelled,Delhi,Delhi
ORD001711,CUST0069,PROD0006,2024-07-12,1,20,9428.3,-1059.04,Cash on Delivery,Delivered,Chandigarh,Chandigarh
ORD001712,CUST0294,PROD0017,2025-05-07,1,10,21824.59,3756.23,Debit Card,Delivered,Rajasthan,Jaipur
ORD001713,CUST0203,PROD0012,2023-03-03,2,20,40290.27,-354.67,UPI,Returned,Delhi,Delhi
ORD001714,CUST0435,PROD0024,2023-10-15,2,15,48315.28,6011.06,Debit Card,Returned,Telangana,Hyderabad
ORD001715,CUST0309,PROD0025,2023-11-15,2,0,51358.82,10383.0,UPI,Cancelled,Madhya Pradesh,Indore
ORD001716,CUST0289,PROD0027,2023-01-19,1,10,27342.19,4104.45,UPI,Cancelled,Maharashtra,Pune
ORD001717,CUST0545,PROD0030,2023-11-04,4,5,35975.44,1596.88,Cash on Delivery,Delivered,Delhi,Delhi
ORD001718,CUST0559,PROD0028,2024-03-10,3,0,23346.66,2958.42,Unknown,Cancelled,Uttar Pradesh,Kanpur
ORD001719,CUST0062,PROD0023,2025-03-24,5,0,93836.65,21754.7,Credit Card,Delivered,Uttar Pradesh,Lucknow
ORD001720,CUST0267,PROD0018,2024-06-19,3,15,45650.23,439.66,Net Banking,Cancelled,Madhya Pradesh,Indore
ORD001721,CUST0343,PROD0010,2025-04-29,1,5,22217.39,1397.86,Net Banking,Delivered,Rajasthan,Jaipur
ORD001722,CUST0559,PROD0013,2023-09-09,2,5,34700.04,5252.72,Debit Card,Delivered,Uttar Pradesh,Kanpur
ORD001723,CUST0337,PROD0014,2024-10-17,1,5,8959.23,617.53,Debit Card,Cancelled,Maharashtra,Pune
ORD001724,CUST0212,PROD0019,2024-07-07,1,0,16734.19,2222.91,Cash on Delivery,Delivered,Gujarat,Surat
ORD001725,CUST0021,PROD0012,2025-07-17,1,0,25181.42,4858.95,UPI,Delivered,Gujarat,Surat
ORD001726,CUST0580,PROD0029,2023-12-22,1,30,14513.61,-3098.45,Credit Card,Returned,Delhi,Delhi
ORD001727,CUST0533,PROD0018,2024-01-03,1,30,12531.44,-2538.75,UPI,Delivered,Kerala,Kochi
ORD001728,CUST0334,PROD0033,2024-06-23,2,0,35188.98,3420.34,Debit Card,Delivered,Madhya Pradesh,Bhopal
ORD001729,CUST0198,PROD0005,2025-01-31,1,20,8321.27,-251.18,Net Banking,Delivered,Rajasthan,Jaipur
ORD001730,CUST0181,PROD0030,2023-04-05,4,20,30295.1,-4083.46,Unknown,Delivered,Tamil Nadu,Chennai
ORD001731,CUST0330,PROD0034,2024-09-27,1,5,20486.96,1796.08,Net Banking,Delivered,Chandigarh,Chandigarh
ORD001732,CUST0025,PROD0026,2023-11-13,1,5,16947.04,825.97,Debit Card,Delivered,Maharashtra,Pune
ORD001733,CUST0391,PROD0030,2024-04-18,1,5,8993.86,399.22,UPI,Delivered,Gujarat,Ahmedabad
ORD001734,CUST0328,PROD0001,2024-12-21,1,5,21943.22,4354.0,UPI,Delivered,Tamil Nadu,Coimbatore
ORD001735,CUST0215,PROD0012,2023-11-16,1,30,17626.99,-2695.48,UPI,Returned,Tamil Nadu,Chennai
ORD001736,CUST0178,PROD0028,2024-08-02,1,5,7393.11,597.03,Debit Card,Delivered,Madhya Pradesh,Indore
ORD001737,CUST0592,PROD0021,2023-12-09,2,5,7074.1,1395.64,Cash on Delivery,Returned,Bihar,Patna
ORD001738,CUST0018,PROD0012,2024-02-15,1,30,17626.99,-2695.48,Cash on Delivery,Delivered,Delhi,Delhi
ORD001739,CUST0101,PROD0034,2024-04-13,5,15,91652.18,-1802.22,Net Banking,Cancelled,Madhya Pradesh,Indore
ORD001740,CUST0470,PROD0017,2025-03-09,5,5,115185.32,24843.52,UPI,Delivered,Uttar Pradesh,Lucknow
ORD001741,CUST0349,PROD0023,2025-01-11,3,30,39411.39,-3837.78,Debit Card,Cancelled,Chandigarh,Chandigarh
ORD001742,CUST0167,PROD0034,2025-03-02,2,0,43130.44,5748.68,Net Banking,Delivered,Bihar,Patna
ORD001743,CUST0146,PROD0019,2024-05-19,1,0,16734.19,2222.91,Net Banking,Returned,West Bengal,Kolkata
ORD001744,CUST0273,PROD0013,2023-09-28,5,15,77618.52,4000.22,Cash on Delivery,Delivered,Bihar,Patna
ORD001745,CUST0129,PROD0035,2023-02-14,3,0,37629.12,5880.6,Cash on Delivery,Delivered,Chandigarh,Chandigarh
ORD001746,CUST0252,PROD0014,2025-07-27,2,0,18861.54,2178.14,UPI,Delivered,Karnataka,Bangalore
ORD001747,CUST0142,PROD0029,2024-01-14,3,10,55981.07,3144.89,Net Banking,Delivered,Gujarat,Surat
ORD001748,CUST0524,PROD0017,2023-08-01,1,5,23037.06,4968.7,Debit Card,Delivered,Madhya Pradesh,Bhopal
ORD001749,CUST0115,PROD0020,2024-11-30,2,30,26656.29,-6283.51,Net Banking,Returned,Karnataka,Bangalore
ORD001750,CUST0362,PROD0022,2023-03-28,1,10,10784.04,1500.15,Debit Card,Delivered,Madhya Pradesh,Bhopal
ORD001751,CUST0135,PROD0008,2025-03-06,1,30,7530.03,-1921.35,UPI,Delivered,Tamil Nadu,Coimbatore
ORD001752,CUST0161,PROD0028,2023-03-31,4,0,31128.88,3944.56,Cash on Delivery,Delivered,Rajasthan,Jaipur
ORD001753,CUST0371,PROD0006,2023-11-14,1,20,9428.3,-1059.04,Credit Card,Returned,Chandigarh,Chandigarh
ORD001754,CUST0243,PROD0026,2023-03-05,1,20,14271.19,-1849.88,Net Banking,Returned,Bihar,Patna
ORD001755,CUST0218,PROD0013,2025-01-24,2,5,34700.04,5252.72,UPI,Returned,West Bengal,Kolkata
ORD001756,CUST0187,PROD0024,2024-03-23,1,20,22736.6,1584.49,Net Banking,Returned,Delhi,Delhi
ORD001757,CUST0340,PROD0001,2023-07-17,2,0,46196.26,11017.82,Cash on Delivery,Delivered,Madhya Pradesh,Indore
ORD001758,CUST0155,PROD0009,2025-01-19,1,0,25782.26,2696.08,UPI,Returned,Gujarat,Ahmedabad
ORD001759,CUST0300,PROD0015,2024-09-05,1,0,11317.12,2380.21,Net Banking,Delivered,Maharashtra,Nagpur
ORD001760,CUST0186,PROD0026,2023-10-12,1,10,16055.09,-65.98,Debit Card,Delivered,Telangana,Hyderabad
ORD001761,CUST0369,PROD0016,2025-01-27,1,15,21039.94,2245.38,Debit Card,Returned,Madhya Pradesh,Indore
ORD001762,CUST0093,PROD0004,2024-02-12,3,0,39473.43,5360.01,Debit Card,Delivered,Maharashtra,Pune
ORD001763,CUST0529,PROD0019,2024-05-23,1,5,15897.48,1386.2,Cash on Delivery,Returned,Maharashtra,Pune
ORD001764,CUST0560,PROD0031,2023-07-08,1,0,27024.35,5258.26,Net Banking,Returned,Rajasthan,Jaipur
ORD001765,CUST0540,PROD0018,2024-01-14,1,0,17902.05,2831.86,Net Banking,Cancelled,Tamil Nadu,Coimbatore
ORD001766,CUST0215,PROD0019,2024-08-11,1,0,16734.19,2222.91,Cash on Delivery,Returned,Tamil Nadu,Chennai
ORD001767,CUST0519,PROD0007,2024-03-02,2,10,24514.06,3003.88,UPI,Delivered,Tamil Nadu,Chennai
ORD001768,CUST0500,PROD0018,2024-12-20,2,10,32223.69,2083.31,Debit Card,Delivered,West Bengal,Kolkata
ORD001769,CUST0526,PROD0013,2023-06-20,4,20,58442.18,-452.46,Debit Card,Cancelled,Uttar Pradesh,Lucknow
ORD001770,CUST0117,PROD0007,2023-01-18,1,10,12257.03,1501.94,Cash on Delivery,Returned,Madhya Pradesh,Bhopal
ORD001771,CUST0248,PROD0026,2024-10-24,2,10,32110.18,-131.96,UPI,Delivered,Maharashtra,Pune
ORD001772,CUST0055,PROD0013,2025-03-23,4,10,65747.45,6852.81,UPI,Returned,Madhya Pradesh,Indore
ORD001773,CUST0075,PROD0031,2024-06-27,3,0,81073.05,15774.78,Debit Card,Delivered,Uttar Pradesh,Kanpur
ORD001774,CUST0107,PROD0033,2023-07-20,1,5,16714.77,830.45,Debit Card,Delivered,Uttar Pradesh,Lucknow
ORD001775,CUST0413,PROD0012,2025-06-25,1,0,25181.42,4858.95,Credit Card,Returned,Telangana,Hyderabad
ORD001776,CUST0347,PROD0014,2024-11-30,1,20,7544.62,-797.08,Net Banking,Cancelled,Madhya Pradesh,Bhopal
ORD001777,CUST0492,PROD0002,2024-03-16,1,0,21096.19,4770.91,UPI,Delivered,Bihar,Patna
ORD001778,CUST0017,PROD0007,2025-06-01,3,15,34728.25,2462.98,Credit Card,Returned,Uttar Pradesh,Kanpur
ORD001779,CUST0169,PROD0019,2024-05-16,5,5,79487.4,6931.0,Credit Card,Delivered,Telangana,Hyderabad
ORD001780,CUST0437,PROD0030,2024-08-01,1,0,9467.22,872.58,UPI,Delivered,Gujarat,Surat
ORD001781,CUST0322,PROD0031,2024-12-25,1,5,25673.13,3907.04,Cash on Delivery,Delivered,Bihar,Patna
ORD001782,CUST0291,PROD0025,2024-02-13,2,20,41087.06,111.24,Credit Card,Delivered,Maharashtra,Pune
ORD001783,CUST0458,PROD0002,2024-06-17,1,0,21096.19,4770.91,UPI,Delivered,Madhya Pradesh,Bhopal
ORD001784,CUST0410,PROD0020,2024-08-13,3,5,54264.6,4854.9,UPI,Delivered,Madhya Pradesh,Bhopal
ORD001785,CUST0371,PROD0019,2024-05-06,2,10,30121.54,1098.98,Net Banking,Delivered,Chandigarh,Chandigarh
ORD001786,CUST0132,PROD0005,2023-12-10,2,0,20803.18,3658.28,UPI,Delivered,Karnataka,Bangalore
ORD001787,CUST0037,PROD0026,2023-05-20,1,20,14271.19,-1849.88,UPI,Returned,Uttar Pradesh,Lucknow
ORD001788,CUST0582,PROD0008,2023-05-22,2,0,21514.36,2611.6,UPI,Delivered,Karnataka,Bangalore
ORD001789,CUST0395,PROD0011,2024-10-07,1,10,2947.96,398.33,UPI,Delivered,Bihar,Patna
ORD001790,CUST0550,PROD0014,2023-10-10,2,5,17918.46,1235.06,Net Banking,Delivered,Kerala,Kochi
ORD001791,CUST0319,PROD0005,2024-02-15,1,10,9361.43,788.98,Credit Card,Delivered,Maharashtra,Pune
ORD001792,CUST0450,PROD0026,2023-10-28,3,15,45489.42,-2873.79,UPI,Cancelled,Madhya Pradesh,Bhopal
ORD001793,CUST0290,PROD0020,2025-02-21,1,5,18088.2,1618.3,Cash on Delivery,Delivered,Maharashtra,Mumbai
ORD001794,CUST0086,PROD0019,2023-03-02,2,0,33468.38,4445.82,UPI,Returned,West Bengal,Kolkata
ORD001795,CUST0085,PROD0005,2023-07-11,1,0,10401.59,1829.14,UPI,Delivered,Kerala,Kochi
ORD001796,CUST0042,PROD0002,2024-01-24,1,5,20041.38,3716.1,Cash on Delivery,Delivered,Assam,Guwahati
ORD001797,CUST0151,PROD0027,2025-02-14,2,0,60760.42,14284.94,Credit Card,Cancelled,Gujarat,Surat
ORD001798,CUST0262,PROD0003,2024-08-31,2,0,41680.28,5554.54,Net Banking,Delivered,Assam,Guwahati
ORD001799,CUST0345,PROD0004,2023-08-30,2,5,24999.84,2257.56,Credit Card,Delivered,Kerala,Kochi
ORD001800,CUST0598,PROD0002,2024-07-20,2,0,42192.38,9541.82,Cash on Delivery,Delivered,Tamil Nadu,Coimbatore
ORD001801,CUST0302,PROD0001,2024-01-18,1,30,16168.69,-1420.53,Debit Card,Delivered,Maharashtra,Pune
ORD001802,CUST0171,PROD0023,2023-04-17,2,5,35657.93,6825.15,Credit Card,Delivered,Uttar Pradesh,Kanpur
ORD001803,CUST0247,PROD0026,2023-06-30,1,10,16055.09,-65.98,Debit Card,Delivered,Madhya Pradesh,Bhopal
ORD001804,CUST0561,PROD0010,2023-08-20,5,5,111086.97,6989.32,Credit Card,Returned,Telangana,Hyderabad
ORD001805,CUST0039,PROD0031,2025-02-18,1,5,25673.13,3907.04,UPI,Cancelled,Delhi,Delhi
ORD001806,CUST0063,PROD0006,2024-03-13,1,0,11785.37,1298.03,Credit Card,Delivered,Madhya Pradesh,Indore
ORD001807,CUST0005,PROD0025,2024-06-11,2,0,51358.82,10383.0,Net Banking,Returned,Madhya Pradesh,Indore
ORD001808,CUST0013,PROD0032,2024-02-15,2,30,16070.61,-4148.37,Debit Card,Cancelled,Uttar Pradesh,Lucknow
ORD001809,CUST0418,PROD0004,2024-09-01,3,5,37499.76,3386.34,Cash on Delivery,Delivered,Karnataka,Bangalore
ORD001810,CUST0155,PROD0023,2023-02-04,1,0,18767.33,4350.94,Net Banking,Delivered,Gujarat,Ahmedabad
ORD001811,CUST0373,PROD0010,2023-05-31,3,20,56128.15,-6330.44,Credit Card,Delivered,Assam,Guwahati
ORD001812,CUST0237,PROD0017,2023-05-09,4,10,87298.34,15024.9,Credit Card,Returned,Maharashtra,Pune
ORD001813,CUST0561,PROD0032,2023-09-01,1,0,11479.01,1369.52,Debit Card,Delivered,Telangana,Hyderabad
ORD001814,CUST0282,PROD0013,2025-01-26,3,0,54789.54,10618.56,Credit Card,Delivered,Maharashtra,Nagpur
ORD001815,CUST0038,PROD0018,2024-09-12,3,0,53706.15,8495.58,UPI,Delivered,Delhi,Delhi
ORD001816,CUST0117,PROD0035,2023-06-15,1,5,11915.89,1333.05,Debit Card,Delivered,Madhya Pradesh,Bhopal
ORD001817,CUST0474,PROD0020,2025-03-14,1,10,17136.19,666.29,UPI,Delivered,Delhi,Delhi
ORD001818,CUST0027,PROD0009,2025-06-26,5,0,128911.3,13480.4,Credit Card,Delivered,Telangana,Hyderabad
ORD001819,CUST0372,PROD0026,2024-04-02,1,0,17838.99,1717.92,Debit Card,Delivered,Bihar,Patna
ORD001820,CUST0167,PROD0032,2023-01-19,3,0,34437.03,4108.56,UPI,Delivered,Bihar,Patna
ORD001821,CUST0013,PROD0015,2025-03-20,1,0,11317.12,2380.21,UPI,Delivered,Uttar Pradesh,Lucknow
ORD001822,CUST0327,PROD0008,2023-03-21,3,0,32271.54,3917.4,UPI,Returned,Uttar Pradesh,Lucknow
ORD001823,CUST0304,PROD0003,2024-07-20,1,0,20840.14,2777.27,Credit Card,Delivered,Tamil Nadu,Coimbatore
ORD001824,CUST0104,PROD0011,2025-03-27,1,0,3275.51,725.88,Cash on Delivery,Delivered,Bihar,Patna
ORD001825,CUST0466,PROD0013,2025-04-28,5,30,63921.13,-9697.17,UPI,Delivered,Gujarat,Ahmedabad
ORD001826,CUST0049,PROD0025,2024-01-19,1,20,20543.53,55.62,Unknown,Delivered,Assam,Guwahati
ORD001827,CUST0504,PROD0022,2023-12-09,1,0,11982.27,2698.38,Debit Card,Delivered,Gujarat,Surat
ORD001828,CUST0070,PROD0021,2024-09-11,2,30,5212.49,-465.97,UPI,Delivered,Gujarat,Ahmedabad
ORD001829,CUST0558,PROD0011,2023-03-27,2,5,6223.47,1124.21,Debit Card,Cancelled,Uttar Pradesh,Kanpur
ORD001830,CUST0460,PROD0017,2025-06-07,2,0,48499.08,12362.36,Debit Card,Delivered,Gujarat,Ahmedabad
ORD001831,CUST0577,PROD0019,2024-11-13,3,20,40162.06,-3371.78,Net Banking,Cancelled,Uttar Pradesh,Kanpur
ORD001832,CUST0128,PROD0007,2023-05-13,1,0,13618.92,2863.83,Cash on Delivery,Delivered,Assam,Guwahati
ORD001833,CUST0156,PROD0033,2023-04-16,1,5,16714.77,830.45,Cash on Delivery,Returned,Telangana,Hyderabad
ORD001834,CUST0537,PROD0003,2024-11-22,1,5,19798.13,1735.26,Debit Card,Delivered,Maharashtra,Pune
ORD001835,CUST0190,PROD0015,2025-05-28,2,5,21502.53,3628.71,Net Banking,Delivered,Maharashtra,Pune
ORD001836,CUST0112,PROD0010,2024-05-06,1,5,22217.39,1397.86,Cash on Delivery,Returned,Karnataka,Bangalore
ORD001837,CUST0176,PROD0004,2025-02-19,2,0,26315.62,3573.34,Net Banking,Delivered,Telangana,Hyderabad
ORD001838,CUST0379,PROD0006,2025-06-13,3,0,35356.11,3894.09,Net Banking,Delivered,Tamil Nadu,Chennai
ORD001839,CUST0350,PROD0034,2025-05-27,3,5,61460.88,5388.24,Debit Card,Delivered,Telangana,Hyderabad
ORD001840,CUST0295,PROD0032,2023-08-26,2,0,22958.02,2739.04,Debit Card,Delivered,Tamil Nadu,Chennai
ORD001841,CUST0448,PROD0019,2025-04-13,1,0,16734.19,2222.91,UPI,Cancelled,Gujarat,Surat
ORD001842,CUST0092,PROD0024,2023-08-13,1,10,25578.68,4426.57,Net Banking,Delivered,Kerala,Kochi
ORD001843,CUST0210,PROD0017,2023-04-26,1,5,23037.06,4968.7,Debit Card,Delivered,Gujarat,Surat
ORD001844,CUST0393,PROD0032,2025-01-29,1,0,11479.01,1369.52,Credit Card,Delivered,Tamil Nadu,Coimbatore
ORD001845,CUST0411,PROD0002,2023-11-07,1,0,21096.19,4770.91,Debit Card,Delivered,Madhya Pradesh,Bhopal
ORD001846,CUST0427,PROD0028,2024-07-04,3,5,22179.33,1791.09,UPI,Returned,Kerala,Kochi
ORD001847,CUST0166,PROD0004,2024-01-03,2,20,21052.5,-1689.78,UPI,Delivered,Rajasthan,Jaipur
ORD001848,CUST0478,PROD0003,2024-12-05,1,0,20840.14,2777.27,Debit Card,Delivered,Telangana,Hyderabad
ORD001849,CUST0151,PROD0028,2023-08-11,1,0,7782.22,986.14,Debit Card,Delivered,Gujarat,Surat
ORD001850,CUST0114,PROD0003,2024-02-03,1,10,18756.13,693.26,Cash on Delivery,Delivered,Kerala,Kochi
ORD001851,CUST0563,PROD0029,2023-05-16,4,0,82934.92,12486.68,Debit Card,Delivered,West Bengal,Kolkata
ORD001852,CUST0502,PROD0027,2023-06-14,3,15,77469.54,7756.32,Net Banking,Delivered,Maharashtra,Nagpur
ORD001853,CUST0098,PROD0011,2025-07-02,3,15,8352.55,703.66,Net Banking,Delivered,West Bengal,Kolkata
ORD001854,CUST0251,PROD0025,2024-02-18,2,30,35951.17,-5024.65,Net Banking,Delivered,Maharashtra,Pune
ORD001855,CUST0530,PROD0023,2023-08-28,1,10,16890.6,2474.21,Net Banking,Delivered,Maharashtra,Nagpur
ORD001856,CUST0076,PROD0011,2024-07-09,1,5,3111.73,562.1,Net Banking,Cancelled,Gujarat,Surat
ORD001857,CUST0256,PROD0030,2024-04-06,2,5,17987.72,798.44,Debit Card,Delivered,Maharashtra,Pune
ORD001858,CUST0135,PROD0013,2023-12-19,3,5,52050.06,7879.08,Net Banking,Returned,Tamil Nadu,Coimbatore
ORD001859,CUST0552,PROD0026,2025-06-12,1,5,16947.04,825.97,UPI,Cancelled,Telangana,Hyderabad
ORD001860,CUST0167,PROD0017,2023-10-26,1,5,23037.06,4968.7,Debit Card,Delivered,Bihar,Patna
ORD001861,CUST0347,PROD0013,2024-02-04,4,0,73052.72,14158.08,Debit Card,Returned,Madhya Pradesh,Bhopal
ORD001862,CUST0596,PROD0016,2024-10-05,1,5,23515.23,4720.67,Net Banking,Returned,Assam,Guwahati
ORD001863,CUST0048,PROD0010,2025-06-26,2,10,42096.11,457.05,Debit Card,Delivered,Assam,Guwahati
ORD001864,CUST0427,PROD0029,2025-04-08,2,5,39394.09,4169.97,Credit Card,Delivered,Kerala,Kochi
ORD001865,CUST0375,PROD0012,2025-06-01,1,30,17626.99,-2695.48,Cash on Delivery,Delivered,Delhi,Delhi
ORD001866,CUST0150,PROD0002,2023-12-08,2,10,37973.14,5322.58,Cash on Delivery,Cancelled,Bihar,Patna
ORD001867,CUST0201,PROD0026,2024-11-05,3,30,37461.88,-10901.33,Net Banking,Delivered,Chandigarh,Chandigarh
ORD001868,CUST0294,PROD0009,2025-02-12,1,0,25782.26,2696.08,UPI,Delivered,Rajasthan,Jaipur
ORD001869,CUST0380,PROD0005,2023-01-20,1,30,7281.11,-1291.34,Debit Card,Returned,Kerala,Kochi
ORD001870,CUST0361,PROD0022,2025-06-29,1,0,11982.27,2698.38,Credit Card,Cancelled,Delhi,Delhi
ORD001871,CUST0596,PROD0013,2024-07-24,1,10,16436.86,1713.2,UPI,Delivered,Assam,Guwahati
ORD001872,CUST0332,PROD0016,2025-03-03,1,0,24752.87,5958.31,Debit Card,Delivered,Madhya Pradesh,Indore
ORD001873,CUST0235,PROD0009,2024-09-15,1,0,25782.26,2696.08,UPI,Cancelled,Maharashtra,Mumbai
ORD001874,CUST0496,PROD0015,2025-06-05,1,0,11317.12,2380.21,Credit Card,Delivered,Bihar,Patna
ORD001875,CUST0311,PROD0021,2024-10-12,1,20,2978.57,139.34,Credit Card,Delivered,Uttar Pradesh,Kanpur
ORD001876,CUST0553,PROD0008,2025-01-13,5,0,53785.9,6529.0,Net Banking,Delivered,Tamil Nadu,Coimbatore
ORD001877,CUST0279,PROD0019,2023-08-14,2,0,33468.38,4445.82,Credit Card,Delivered,Rajasthan,Jaipur
ORD001878,CUST0084,PROD0035,2024-06-04,3,0,37629.12,5880.6,Net Banking,Returned,Madhya Pradesh,Indore
ORD001879,CUST0545,PROD0026,2023-10-19,1,5,16947.04,825.97,Cash on Delivery,Delivered,Delhi,Delhi
ORD001880,CUST0153,PROD0002,2025-06-21,1,10,18986.57,2661.29,Unknown,Delivered,Kerala,Kochi
ORD001881,CUST0225,PROD0024,2023-12-08,1,30,19894.52,-1257.59,UPI,Delivered,Tamil Nadu,Coimbatore
ORD001882,CUST0071,PROD0011,2025-02-04,3,10,8843.88,1194.99,Cash on Delivery,Delivered,Tamil Nadu,Chennai
ORD001883,CUST0366,PROD0001,2023-04-25,1,5,21943.22,4354.0,Unknown,Delivered,Assam,Guwahati
ORD001884,CUST0462,PROD0016,2025-03-27,1,0,24752.87,5958.31,Debit Card,Delivered,Assam,Guwahati
ORD001885,CUST0546,PROD0031,2025-03-18,2,20,43238.96,-293.22,Debit Card,Delivered,Madhya Pradesh,Bhopal
ORD001886,CUST0352,PROD0005,2024-01-01,1,15,8841.35,268.9,Net Banking,Delivered,Tamil Nadu,Chennai
ORD001887,CUST0007,PROD0004,2025-05-07,1,20,10526.25,-844.89,Net Banking,Returned,Chandigarh,Chandigarh
ORD001888,CUST0081,PROD0032,2024-01-06,1,20,9183.21,-926.28,Cash on Delivery,Delivered,Gujarat,Ahmedabad
ORD001889,CUST0398,PROD0031,2025-07-10,1,10,24321.92,2555.83,Credit Card,Delivered,Madhya Pradesh,Bhopal
ORD001890,CUST0408,PROD0002,2023-08-29,3,0,63288.57,14312.73,Cash on Delivery,Returned,Tamil Nadu,Chennai
ORD001891,CUST0324,PROD0003,2023-03-27,1,20,16672.11,-1390.76,Credit Card,Returned,Madhya Pradesh,Bhopal
ORD001892,CUST0108,PROD0033,2025-02-13,4,5,66859.06,3321.78,UPI,Cancelled,Telangana,Hyderabad
ORD001893,CUST0557,PROD0018,2023-08-10,5,0,89510.25,14159.3,Unknown,Delivered,Uttar Pradesh,Kanpur
ORD001894,CUST0518,PROD0014,2023-07-18,2,0,18861.54,2178.14,Credit Card,Delivered,Uttar Pradesh,Lucknow
ORD001895,CUST0116,PROD0006,2025-04-18,1,5,11196.1,708.76,UPI,Delivered,Maharashtra,Pune
ORD001896,CUST0207,PROD0022,2025-05-12,1,10,10784.04,1500.15,Net Banking,Returned,Karnataka,Bangalore
ORD001897,CUST0003,PROD0032,2024-08-17,1,10,10331.11,221.62,Net Banking,Delivered,Gujarat,Ahmedabad
ORD001898,CUST0314,PROD0015,2025-04-08,1,0,11317.12,2380.21,Credit Card,Returned,Chandigarh,Chandigarh
ORD001899,CUST0126,PROD0004,2024-12-23,1,10,11842.03,470.89,Net Banking,Delivered,Kerala,Kochi
ORD001900,CUST0325,PROD0004,2024-01-18,1,5,12499.92,1128.78,Net Banking,Delivered,Tamil Nadu,Chennai
ORD001901,CUST0073,PROD0018,2023-02-01,1,15,15216.74,146.55,Credit Card,Delivered,Tamil Nadu,Coimbatore
ORD001902,CUST0304,PROD0010,2025-03-27,3,10,63144.17,685.58,Debit Card,Delivered,Tamil Nadu,Coimbatore
ORD001903,CUST0312,PROD0010,2025-02-14,1,10,21048.06,228.53,UPI,Delivered,Bihar,Patna
ORD001904,CUST0443,PROD0025,2025-06-04,2,0,51358.82,10383.0,Credit Card,Delivered,Gujarat,Ahmedabad
ORD001905,CUST0579,PROD0005,2024-03-19,1,0,10401.59,1829.14,UPI,Returned,Maharashtra,Mumbai
ORD001906,CUST0577,PROD0035,2024-01-25,3,5,35747.66,3999.14,UPI,Delivered,Uttar Pradesh,Kanpur
ORD001907,CUST0482,PROD0024,2025-03-03,3,15,72472.91,9016.58,UPI,Returned,Delhi,Delhi
ORD001908,CUST0184,PROD0029,2024-11-06,1,0,20733.73,3121.67,Cash on Delivery,Delivered,Madhya Pradesh,Indore
ORD001909,CUST0336,PROD0020,2025-04-05,1,15,16184.18,-285.72,Credit Card,Delivered,Maharashtra,Pune
ORD001910,CUST0033,PROD0015,2025-02-11,1,0,11317.12,2380.21,UPI,Delivered,Tamil Nadu,Chennai
ORD001911,CUST0215,PROD0011,2025-02-15,1,30,2292.86,-256.77,Credit Card,Delivered,Tamil Nadu,Chennai
ORD001912,CUST0520,PROD0008,2024-10-19,2,0,21514.36,2611.6,Credit Card,Delivered,Kerala,Kochi
ORD001913,CUST0071,PROD0029,2024-04-21,2,0,41467.46,6243.34,UPI,Cancelled,Tamil Nadu,Chennai
ORD001914,CUST0202,PROD0003,2023-11-28,3,0,62520.42,8331.81,Credit Card,Returned,Assam,Guwahati
ORD001915,CUST0034,PROD0003,2024-07-21,2,20,33344.22,-2781.52,Net Banking,Delivered,Maharashtra,Pune
ORD001916,CUST0541,PROD0025,2025-02-05,1,0,25679.41,5191.5,Debit Card,Delivered,Karnataka,Bangalore
ORD001917,CUST0479,PROD0029,2024-11-25,1,5,19697.04,2084.98,UPI,Delivered,Telangana,Hyderabad
ORD001918,CUST0420,PROD0013,2024-03-02,1,5,17350.02,2626.36,Debit Card,Delivered,Maharashtra,Nagpur
ORD001919,CUST0264,PROD0008,2023-01-26,2,0,21514.36,2611.6,Credit Card,Delivered,Assam,Guwahati
ORD001920,CUST0268,PROD0033,2023-02-19,1,15,14955.32,-929.0,UPI,Delivered,Kerala,Kochi
ORD001921,CUST0481,PROD0007,2024-08-27,2,15,23152.16,1641.98,Credit Card,Cancelled,Delhi,Delhi
ORD001922,CUST0593,PROD0007,2024-08-16,1,0,13618.92,2863.83,Net Banking,Delivered,Karnataka,Bangalore
ORD001923,CUST0426,PROD0007,2025-01-15,2,30,19066.49,-2443.69,Credit Card,Returned,Delhi,Delhi
ORD001924,CUST0412,PROD0014,2023-05-09,1,10,8487.69,145.99,Debit Card,Returned,Uttar Pradesh,Lucknow
ORD001925,CUST0227,PROD0025,2024-01-13,5,10,115557.34,13117.79,Debit Card,Delivered,Maharashtra,Pune
ORD001926,CUST0119,PROD0032,2024-08-14,1,20,9183.21,-926.28,Net Banking,Delivered,Tamil Nadu,Chennai
ORD001927,CUST0309,PROD0023,2023-10-23,1,10,16890.6,2474.21,Cash on Delivery,Cancelled,Madhya Pradesh,Indore
ORD001928,CUST0335,PROD0022,2023-03-19,2,0,23964.54,5396.76,Cash on Delivery,Delivered,Maharashtra,Mumbai
ORD001929,CUST0444,PROD0034,2023-05-29,2,0,43130.44,5748.68,Net Banking,Delivered,Rajasthan,Jaipur
ORD001930,CUST0429,PROD0020,2024-05-01,2,10,34272.38,1332.58,Credit Card,Delivered,Madhya Pradesh,Bhopal
ORD001931,CUST0433,PROD0023,2025-07-02,1,0,18767.33,4350.94,Net Banking,Delivered,Karnataka,Bangalore
ORD001932,CUST0497,PROD0006,2025-02-21,1,0,11785.37,1298.03,Cash on Delivery,Returned,Assam,Guwahati
ORD001933,CUST0293,PROD0021,2024-12-19,5,5,17685.25,3489.1,Credit Card,Delivered,West Bengal,Kolkata
ORD001934,CUST0090,PROD0031,2025-03-08,1,10,24321.92,2555.83,Cash on Delivery,Delivered,Maharashtra,Pune
ORD001935,CUST0109,PROD0024,2024-10-07,2,5,53999.42,11695.2,UPI,Delivered,West Bengal,Kolkata
ORD001936,CUST0322,PROD0001,2025-01-16,1,10,20788.32,3199.1,Credit Card,Delivered,Bihar,Patna
ORD001937,CUST0147,PROD0025,2023-10-28,1,0,25679.41,5191.5,Credit Card,Returned,Gujarat,Ahmedabad
ORD001938,CUST0224,PROD0030,2024-03-26,3,10,25561.49,-222.43,Cash on Delivery,Delivered,Gujarat,Surat
ORD001939,CUST0218,PROD0024,2024-11-23,3,5,80999.14,17542.81,Net Banking,Delivered,West Bengal,Kolkata
ORD001940,CUST0365,PROD0035,2023-09-03,2,0,25086.08,3920.4,UPI,Delivered,Delhi,Delhi
ORD001941,CUST0090,PROD0016,2024-10-09,4,0,99011.48,23833.24,Credit Card,Delivered,Maharashtra,Pune
ORD001942,CUST0100,PROD0001,2025-02-17,1,0,23098.13,5508.91,Credit Card,Cancelled,Maharashtra,Pune
ORD001943,CUST0490,PROD0008,2025-01-23,1,0,10757.18,1305.8,Net Banking,Returned,Assam,Guwahati
ORD001944,CUST0074,PROD0027,2023-07-07,1,10,27342.19,4104.45,Net Banking,Delivered,Maharashtra,Mumbai
ORD001945,CUST0277,PROD0026,2024-01-26,1,0,17838.99,1717.92,Cash on Delivery,Delivered,Madhya Pradesh,Indore
ORD001946,CUST0374,PROD0034,2023-06-21,1,10,19408.7,717.82,Net Banking,Delivered,Gujarat,Surat
ORD001947,CUST0051,PROD0012,2025-04-05,1,30,17626.99,-2695.48,Net Banking,Delivered,Gujarat,Ahmedabad
ORD001948,CUST0529,PROD0004,2025-06-08,1,5,12499.92,1128.78,Cash on Delivery,Cancelled,Maharashtra,Pune
ORD001949,CUST0380,PROD0027,2025-04-13,2,15,51646.36,5170.88,UPI,Delivered,Kerala,Kochi
ORD001950,CUST0376,PROD0013,2023-07-31,2,5,34700.04,5252.72,Debit Card,Delivered,Telangana,Hyderabad
ORD001951,CUST0462,PROD0028,2025-06-12,2,0,15564.44,1972.28,Credit Card,Returned,Assam,Guwahati
ORD001952,CUST0594,PROD0027,2025-05-19,1,5,28861.2,5623.46,Debit Card,Delivered,Gujarat,Ahmedabad
ORD001953,CUST0220,PROD0008,2024-09-01,1,10,9681.46,230.08,Debit Card,Delivered,Uttar Pradesh,Lucknow
ORD001954,CUST0522,PROD0004,2024-08-13,1,5,12499.92,1128.78,Credit Card,Delivered,Rajasthan,Jaipur
ORD001955,CUST0074,PROD0017,2025-05-04,1,20,19399.63,1331.27,Debit Card,Returned,Maharashtra,Mumbai
ORD001956,CUST0115,PROD0013,2025-07-06,1,20,14610.54,-113.12,Debit Card,Delivered,Karnataka,Bangalore
ORD001957,CUST0071,PROD0021,2023-07-06,1,0,3723.21,883.98,UPI,Cancelled,Tamil Nadu,Chennai
ORD001958,CUST0254,PROD0025,2024-10-22,1,0,25679.41,5191.5,Net Banking,Delivered,Uttar Pradesh,Lucknow
ORD001959,CUST0017,PROD0005,2023-06-08,4,0,41606.36,7316.56,Debit Card,Delivered,Uttar Pradesh,Kanpur
ORD001960,CUST0529,PROD0008,2024-01-13,2,15,18287.21,-615.55,Cash on Delivery,Delivered,Maharashtra,Pune
ORD001961,CUST0447,PROD0024,2024-02-09,2,10,51157.35,8853.13,UPI,Delivered,Maharashtra,Mumbai
ORD001962,CUST0085,PROD0029,2023-09-03,2,20,33173.97,-2050.15,Credit Card,Returned,Kerala,Kochi
ORD001963,CUST0265,PROD0012,2023-03-25,1,0,25181.42,4858.95,UPI,Delivered,Maharashtra,Mumbai
ORD001964,CUST0456,PROD0024,2023-12-13,2,10,51157.35,8853.13,Cash on Delivery,Delivered,Maharashtra,Pune
ORD001965,CUST0369,PROD0005,2025-06-11,1,10,9361.43,788.98,Credit Card,Delivered,Madhya Pradesh,Indore
ORD001966,CUST0170,PROD0020,2023-04-21,2,30,26656.29,-6283.51,UPI,Delivered,Gujarat,Ahmedabad
ORD001967,CUST0319,PROD0006,2024-11-07,1,0,11785.37,1298.03,Net Banking,Returned,Maharashtra,Pune
ORD001968,CUST0379,PROD0009,2024-02-14,1,5,24493.15,1406.97,Unknown,Delivered,Tamil Nadu,Chennai
ORD001969,CUST0097,PROD0014,2025-05-16,4,20,30178.46,-3188.34,Net Banking,Delivered,Rajasthan,Jaipur
ORD001970,CUST0012,PROD0018,2024-03-03,1,0,17902.05,2831.86,Net Banking,Cancelled,Tamil Nadu,Chennai
ORD001971,CUST0063,PROD0025,2024-09-26,2,10,46222.94,5247.12,UPI,Returned,Madhya Pradesh,Indore
ORD001972,CUST0597,PROD0033,2023-04-22,1,5,16714.77,830.45,Credit Card,Delivered,Uttar Pradesh,Lucknow
ORD001973,CUST0061,PROD0028,2024-11-03,1,0,7782.22,986.14,Net Banking,Returned,Kerala,Kochi
ORD001974,CUST0555,PROD0018,2023-06-29,2,0,35804.1,5663.72,Net Banking,Delivered,Uttar Pradesh,Kanpur
ORD001975,CUST0151,PROD0008,2025-03-22,1,0,10757.18,1305.8,Net Banking,Returned,Gujarat,Surat
ORD001976,CUST0262,PROD0013,2025-01-06,1,10,16436.86,1713.2,Net Banking,Returned,Assam,Guwahati
ORD001977,CUST0445,PROD0028,2023-09-29,1,0,7782.22,986.14,Credit Card,Returned,Madhya Pradesh,Indore
ORD001978,CUST0120,PROD0004,2024-04-10,1,0,13157.81,1786.67,Net Banking,Delivered,Maharashtra,Nagpur
ORD001979,CUST0204,PROD0029,2023-05-03,2,0,41467.46,6243.34,UPI,Delivered,Maharashtra,Mumbai
ORD001980,CUST0274,PROD0014,2025-03-17,2,15,16032.31,-651.09,Debit Card,Delivered,Tamil Nadu,Coimbatore
ORD001981,CUST0144,PROD0032,2024-07-19,5,20,45916.04,-4631.41,Cash on Delivery,Delivered,Tamil Nadu,Coimbatore
ORD001982,CUST0230,PROD0002,2025-07-26,1,10,18986.57,2661.29,Debit Card,Delivered,Tamil Nadu,Coimbatore
ORD001983,CUST0160,PROD0021,2023-09-24,1,0,3723.21,883.98,Debit Card,Delivered,Rajasthan,Jaipur
ORD001984,CUST0262,PROD0019,2024-09-29,1,0,16734.19,2222.91,UPI,Delivered,Assam,Guwahati
ORD001985,CUST0392,PROD0025,2024-01-30,1,0,25679.41,5191.5,Cash on Delivery,Delivered,Tamil Nadu,Chennai
ORD001986,CUST0512,PROD0030,2024-01-20,2,0,18934.44,1745.16,Cash on Delivery,Delivered,West Bengal,Kolkata
ORD001987,CUST0180,PROD0008,2023-05-18,2,0,21514.36,2611.6,Debit Card,Cancelled,Maharashtra,Pune
ORD001988,CUST0268,PROD0027,2023-10-01,4,5,115444.8,22493.84,Cash on Delivery,Delivered,Kerala,Kochi
ORD001989,CUST0297,PROD0002,2023-09-04,1,0,21096.19,4770.91,Debit Card,Delivered,Tamil Nadu,Chennai
ORD001990,CUST0238,PROD0006,2024-08-04,3,20,28284.89,-3177.13,Unknown,Returned,Chandigarh,Chandigarh
ORD001991,CUST0021,PROD0001,2025-05-04,1,0,23098.13,5508.91,Debit Card,Delivered,Gujarat,Surat
ORD001992,CUST0059,PROD0029,2023-12-15,3,0,62201.19,9365.01,Net Banking,Returned,Maharashtra,Mumbai
ORD001993,CUST0198,PROD0022,2024-10-06,2,20,19171.63,603.85,UPI,Delivered,Rajasthan,Jaipur
ORD001994,CUST0282,PROD0014,2024-03-07,2,20,15089.23,-1594.17,Credit Card,Delivered,Maharashtra,Nagpur
ORD001995,CUST0598,PROD0009,2023-01-10,1,10,23204.03,117.85,Net Banking,Returned,Tamil Nadu,Coimbatore
ORD001996,CUST0223,PROD0004,2023-05-06,1,10,11842.03,470.89,Debit Card,Delivered,Tamil Nadu,Chennai
ORD001997,CUST0032,PROD0017,2023-11-01,1,0,24249.54,6181.18,Debit Card,Delivered,Karnataka,Bangalore
ORD001998,CUST0350,PROD0011,2024-10-14,2,0,6551.02,1451.76,Net Banking,Delivered,Telangana,Hyderabad
ORD001999,CUST0589,PROD0035,2024-10-09,2,15,21323.17,157.49,Net Banking,Delivered,Madhya Pradesh,Bhopal
ORD002000,CUST0012,PROD0005,2024-11-02,4,20,33285.09,-1004.71,UPI,Delivered,Tamil Nadu,Chennai
ORD002001,CUST0179,PROD0018,2024-10-29,2,0,35804.1,5663.72,Credit Card,Delivered,Gujarat,Ahmedabad
ORD002002,CUST0528,PROD0007,2024-11-24,3,20,32685.41,420.14,Cash on Delivery,Returned,Gujarat,Ahmedabad
ORD002003,CUST0549,PROD0018,2023-08-30,1,5,17006.95,1936.76,Debit Card,Delivered,Uttar Pradesh,Kanpur
ORD002004,CUST0246,PROD0016,2023-03-31,3,30,51981.03,-4402.65,Credit Card,Delivered,Tamil Nadu,Chennai
ORD002005,CUST0079,PROD0007,2023-02-25,3,30,28599.73,-3665.54,Cash on Delivery,Delivered,Madhya Pradesh,Bhopal
ORD002006,CUST0098,PROD0027,2023-11-10,1,0,30380.21,7142.47,UPI,Returned,West Bengal,Kolkata
ORD002007,CUST0457,PROD0026,2023-08-10,1,30,12487.29,-3633.78,Credit Card,Delivered,Madhya Pradesh,Indore
ORD002008,CUST0174,PROD0017,2025-05-05,4,0,96998.16,24724.72,Debit Card,Delivered,Delhi,Delhi
ORD002009,CUST0234,PROD0021,2025-07-27,1,0,3723.21,883.98,UPI,Delivered,Maharashtra,Pune
ORD002010,CUST0379,PROD0007,2025-06-03,2,20,21790.27,280.09,Net Banking,Returned,Tamil Nadu,Chennai
ORD002011,CUST0059,PROD0019,2025-06-30,1,10,15060.77,549.49,Cash on Delivery,Delivered,Maharashtra,Mumbai
ORD002012,CUST0473,PROD0029,2024-07-17,2,10,37320.71,2096.59,Debit Card,Returned,Madhya Pradesh,Bhopal
ORD002013,CUST0126,PROD0035,2024-12-05,1,10,11288.74,705.9,Net Banking,Returned,Kerala,Kochi
ORD002014,CUST0079,PROD0030,2023-02-12,2,15,16094.27,-1095.01,Credit Card,Delivered,Madhya Pradesh,Bhopal
ORD002015,CUST0297,PROD0022,2023-08-27,1,0,11982.27,2698.38,UPI,Delivered,Tamil Nadu,Chennai
ORD002016,CUST0450,PROD0033,2024-08-06,1,10,15835.04,-49.28,UPI,Delivered,Madhya Pradesh,Bhopal
ORD002017,CUST0276,PROD0011,2023-10-12,2,0,6551.02,1451.76,Net Banking,Delivered,Maharashtra,Mumbai
ORD002018,CUST0369,PROD0034,2024-01-07,2,0,43130.44,5748.68,Cash on Delivery,Delivered,Madhya Pradesh,Indore
ORD002019,CUST0172,PROD0020,2023-12-16,1,15,16184.18,-285.72,Debit Card,Delivered,Gujarat,Ahmedabad
ORD002020,CUST0194,PROD0030,2025-06-30,2,15,16094.27,-1095.01,Cash on Delivery,Delivered,Chandigarh,Chandigarh
ORD002021,CUST0066,PROD0007,2024-06-11,2,5,25875.95,4365.77,Net Banking,Delivered,Tamil Nadu,Chennai
ORD002022,CUST0198,PROD0022,2024-06-30,1,20,9585.82,301.93,Credit Card,Delivered,Rajasthan,Jaipur
ORD002023,CUST0103,PROD0009,2023-09-03,3,0,77346.78,8088.24,Net Banking,Delivered,Uttar Pradesh,Kanpur
ORD002024,CUST0124,PROD0011,2024-04-19,2,0,6551.02,1451.76,Credit Card,Delivered,Gujarat,Surat
ORD002025,CUST0356,PROD0013,2025-05-26,2,15,31047.41,1600.09,UPI,Returned,Gujarat,Ahmedabad
ORD002026,CUST0069,PROD0013,2025-04-06,2,0,36526.36,7079.04,UPI,Returned,Chandigarh,Chandigarh
ORD002027,CUST0092,PROD0015,2023-05-05,1,15,9619.55,682.64,Net Banking,Cancelled,Kerala,Kochi
ORD002028,CUST0572,PROD0015,2023-10-26,2,0,22634.24,4760.42,Net Banking,Delivered,Tamil Nadu,Coimbatore
ORD002029,CUST0054,PROD0008,2024-05-14,1,15,9143.6,-307.78,Credit Card,Delivered,Tamil Nadu,Chennai
ORD002030,CUST0478,PROD0034,2023-05-14,3,20,51756.53,-4316.11,UPI,Delivered,Telangana,Hyderabad
ORD002031,CUST0230,PROD0009,2023-04-21,4,15,87659.68,-4685.04,Net Banking,Delivered,Tamil Nadu,Coimbatore
ORD002032,CUST0197,PROD0021,2023-02-11,1,15,3164.73,325.5,UPI,Delivered,Rajasthan,Jaipur
ORD002033,CUST0567,PROD0029,2023-05-01,1,0,20733.73,3121.67,Net Banking,Returned,Assam,Guwahati
ORD002034,CUST0515,PROD0026,2025-04-01,5,15,75815.71,-4789.64,UPI,Delivered,Bihar,Patna
ORD002035,CUST0486,PROD0025,2025-02-25,1,0,25679.41,5191.5,Credit Card,Returned,Tamil Nadu,Chennai
ORD002036,CUST0065,PROD0003,2024-12-05,2,5,39596.27,3470.53,Credit Card,Delivered,Rajasthan,Jaipur
ORD002037,CUST0443,PROD0034,2025-05-22,1,15,18330.44,-360.44,Debit Card,Delivered,Gujarat,Ahmedabad
ORD002038,CUST0378,PROD0035,2023-09-24,1,0,12543.04,1960.2,Net Banking,Delivered,Rajasthan,Jaipur
ORD002039,CUST0242,PROD0034,2025-04-06,2,0,43130.44,5748.68,Credit Card,Delivered,Kerala,Kochi
ORD002040,CUST0182,PROD0030,2024-07-31,1,10,8520.5,-74.14,UPI,Returned,Maharashtra,Mumbai
ORD002041,CUST0477,PROD0016,2024-12-18,1,20,19802.3,1007.74,Credit Card,Delivered,Karnataka,Bangalore
ORD002042,CUST0377,PROD0023,2023-09-06,1,30,13137.13,-1279.26,Credit Card,Returned,West Bengal,Kolkata
ORD002043,CUST0316,PROD0003,2023-10-22,4,0,83360.56,11109.08,Credit Card,Delivered,Kerala,Kochi
ORD002044,CUST0595,PROD0001,2025-04-20,4,0,92392.52,22035.64,Debit Card,Cancelled,Rajasthan,Jaipur
ORD002045,CUST0182,PROD0023,2023-10-25,2,30,26274.26,-2558.52,Net Banking,Returned,Maharashtra,Mumbai
ORD002046,CUST0129,PROD0024,2025-07-25,1,0,28420.75,7268.64,Net Banking,Delivered,Chandigarh,Chandigarh
ORD002047,CUST0134,PROD0024,2024-12-20,1,5,26999.71,5847.6,Net Banking,Delivered,Assam,Guwahati
ORD002048,CUST0266,PROD0033,2023-05-23,2,30,24632.29,-7136.35,UPI,Returned,Gujarat,Surat
ORD002049,CUST0250,PROD0031,2025-03-14,2,20,43238.96,-293.22,Net Banking,Returned,Chandigarh,Chandigarh
ORD002050,CUST0597,PROD0006,2024-09-11,1,10,10606.83,119.49,UPI,Delivered,Uttar Pradesh,Lucknow
ORD002051,CUST0114,PROD0013,2025-01-21,1,0,18263.18,3539.52,Cash on Delivery,Delivered,Kerala,Kochi
ORD002052,CUST0124,PROD0003,2023-02-20,1,5,19798.13,1735.26,Net Banking,Cancelled,Gujarat,Surat
ORD002053,CUST0056,PROD0014,2023-05-21,1,10,8487.69,145.99,Unknown,Cancelled,Maharashtra,Nagpur
ORD002054,CUST0341,PROD0008,2023-08-05,1,30,7530.03,-1921.35,Net Banking,Returned,Kerala,Kochi
ORD002055,CUST0122,PROD0018,2023-02-03,1,0,17902.05,2831.86,UPI,Delivered,Kerala,Kochi
ORD002056,CUST0061,PROD0014,2023-09-03,2,20,15089.23,-1594.17,Credit Card,Cancelled,Kerala,Kochi
ORD002057,CUST0017,PROD0022,2024-10-27,1,10,10784.04,1500.15,Cash on Delivery,Delivered,Uttar Pradesh,Kanpur
ORD002058,CUST0014,PROD0020,2024-02-16,3,15,48552.54,-857.16,Net Banking,Cancelled,West Bengal,Kolkata
ORD002059,CUST0570,PROD0030,2025-07-26,1,15,8047.14,-547.5,UPI,Cancelled,Maharashtra,Pune
ORD002060,CUST0227,PROD0015,2025-05-23,2,0,22634.24,4760.42,UPI,Returned,Maharashtra,Pune
ORD002061,CUST0299,PROD0014,2023-02-08,1,5,8959.23,617.53,UPI,Delivered,Gujarat,Surat
ORD002062,CUST0271,PROD0031,2023-12-02,2,15,45941.4,2409.22,UPI,Delivered,Maharashtra,Mumbai
ORD002063,CUST0260,PROD0026,2024-10-29,1,0,17838.99,1717.92,UPI,Delivered,Madhya Pradesh,Indore
ORD002064,CUST0414,PROD0019,2024-04-02,2,20,26774.7,-2247.86,UPI,Delivered,Uttar Pradesh,Lucknow
ORD002065,CUST0313,PROD0011,2024-04-09,5,5,15558.67,2810.52,Cash on Delivery,Delivered,Madhya Pradesh,Indore
ORD002066,CUST0296,PROD0020,2025-03-07,1,30,13328.15,-3141.75,UPI,Returned,Telangana,Hyderabad
ORD002067,CUST0453,PROD0027,2025-03-27,1,0,30380.21,7142.47,Debit Card,Cancelled,Kerala,Kochi
ORD002068,CUST0070,PROD0019,2023-04-27,2,5,31794.96,2772.4,Net Banking,Cancelled,Gujarat,Ahmedabad
ORD002069,CUST0096,PROD0004,2023-03-30,2,5,24999.84,2257.56,Cash on Delivery,Delivered,Karnataka,Bangalore
ORD002070,CUST0123,PROD0014,2025-03-28,1,0,9430.77,1089.07,UPI,Delivered,Madhya Pradesh,Bhopal
ORD002071,CUST0282,PROD0018,2023-06-20,1,0,17902.05,2831.86,Credit Card,Delivered,Maharashtra,Nagpur
ORD002072,CUST0261,PROD0020,2023-06-08,4,10,68544.76,2665.16,Cash on Delivery,Delivered,Madhya Pradesh,Indore
ORD002073,CUST0381,PROD0020,2024-04-24,1,0,19040.21,2570.31,Net Banking,Cancelled,Maharashtra,Mumbai
ORD002074,CUST0534,PROD0010,2023-09-14,1,0,23386.73,2567.2,Credit Card,Delivered,Uttar Pradesh,Kanpur
ORD002075,CUST0440,PROD0013,2025-04-19,1,0,18263.18,3539.52,Net Banking,Delivered,Maharashtra,Pune
ORD002076,CUST0322,PROD0033,2024-07-05,4,0,70377.96,6840.68,UPI,Delivered,Bihar,Patna
ORD002077,CUST0209,PROD0028,2024-07-03,2,0,15564.44,1972.28,Credit Card,Returned,Telangana,Hyderabad
ORD002078,CUST0410,PROD0029,2025-07-04,2,5,39394.09,4169.97,Cash on Delivery,Returned,Madhya Pradesh,Bhopal
ORD002079,CUST0271,PROD0014,2024-05-10,2,5,17918.46,1235.06,Debit Card,Delivered,Maharashtra,Mumbai
ORD002080,CUST0504,PROD0023,2024-06-21,5,5,89144.82,17062.87,Cash on Delivery,Delivered,Gujarat,Surat
ORD002081,CUST0511,PROD0013,2024-01-28,1,0,18263.18,3539.52,UPI,Cancelled,Uttar Pradesh,Kanpur
ORD002082,CUST0295,PROD0008,2023-03-14,2,5,20438.64,1535.88,UPI,Delivered,Tamil Nadu,Chennai
ORD002083,CUST0329,PROD0010,2024-12-24,1,0,23386.73,2567.2,Credit Card,Delivered,Rajasthan,Jaipur
ORD002084,CUST0173,PROD0021,2024-09-29,3,0,11169.63,2651.94,UPI,Delivered,Delhi,Delhi
ORD002085,CUST0257,PROD0006,2025-04-15,1,30,8249.76,-2237.58,UPI,Delivered,Gujarat,Ahmedabad
ORD002086,CUST0080,PROD0021,2023-01-25,2,0,7446.42,1767.96,Debit Card,Cancelled,Kerala,Kochi
ORD002087,CUST0090,PROD0012,2024-10-03,2,15,42808.41,2163.47,Cash on Delivery,Delivered,Maharashtra,Pune
ORD002088,CUST0435,PROD0004,2024-10-03,1,5,12499.92,1128.78,Cash on Delivery,Delivered,Telangana,Hyderabad
ORD002089,CUST0501,PROD0009,2024-01-07,1,0,25782.26,2696.08,Credit Card,Delivered,Madhya Pradesh,Bhopal
ORD002090,CUST0047,PROD0018,2024-07-10,1,15,15216.74,146.55,Debit Card,Delivered,Kerala,Kochi
ORD002091,CUST0071,PROD0029,2025-06-15,3,10,55981.07,3144.89,Cash on Delivery,Cancelled,Tamil Nadu,Chennai
ORD002092,CUST0288,PROD0010,2025-02-27,2,15,39757.44,-1881.62,Cash on Delivery,Delivered,Delhi,Delhi
ORD002093,CUST0073,PROD0008,2023-05-25,1,0,10757.18,1305.8,Credit Card,Cancelled,Tamil Nadu,Coimbatore
ORD002094,CUST0439,PROD0026,2023-03-18,2,0,35677.98,3435.84,Debit Card,Cancelled,Madhya Pradesh,Bhopal
ORD002095,CUST0447,PROD0016,2025-02-21,1,10,22277.58,3483.02,Credit Card,Delivered,Maharashtra,Mumbai
ORD002096,CUST0340,PROD0008,2024-09-13,2,5,20438.64,1535.88,Credit Card,Delivered,Madhya Pradesh,Indore
ORD002097,CUST0298,PROD0016,2024-03-03,1,0,24752.87,5958.31,Cash on Delivery,Delivered,Telangana,Hyderabad
ORD002098,CUST0519,PROD0034,2025-06-18,1,30,15095.65,-3595.23,Credit Card,Cancelled,Tamil Nadu,Chennai
ORD002099,CUST0305,PROD0030,2024-07-13,1,20,7573.78,-1020.86,Net Banking,Delivered,Assam,Guwahati
ORD002100,CUST0207,PROD0006,2023-01-06,2,15,20035.13,-939.55,UPI,Returned,Karnataka,Bangalore
ORD002101,CUST0304,PROD0009,2025-07-02,1,0,25782.26,2696.08,Credit Card,Delivered,Tamil Nadu,Coimbatore
ORD002102,CUST0303,PROD0022,2024-09-10,2,0,23964.54,5396.76,Cash on Delivery,Delivered,Gujarat,Surat
ORD002103,CUST0184,PROD0022,2025-06-14,4,15,40739.72,3604.16,Net Banking,Delivered,Madhya Pradesh,Indore
ORD002104,CUST0445,PROD0008,2023-11-03,2,20,17211.49,-1691.27,Net Banking,Delivered,Madhya Pradesh,Indore
ORD002105,CUST0314,PROD0006,2024-11-20,1,10,10606.83,119.49,Cash on Delivery,Returned,Chandigarh,Chandigarh
ORD002106,CUST0589,PROD0025,2024-11-22,2,5,48790.88,7815.06,Credit Card,Cancelled,Madhya Pradesh,Bhopal
ORD002107,CUST0212,PROD0033,2025-06-20,4,10,63340.16,-197.12,Net Banking,Returned,Gujarat,Surat
ORD002108,CUST0282,PROD0008,2024-06-20,2,10,19362.92,460.16,Cash on Delivery,Delivered,Maharashtra,Nagpur
ORD002109,CUST0422,PROD0016,2023-07-19,2,0,49505.74,11916.62,Credit Card,Delivered,Kerala,Kochi
ORD002110,CUST0385,PROD0006,2023-02-15,2,20,18856.59,-2118.09,Credit Card,Cancelled,Bihar,Patna
ORD002111,CUST0178,PROD0025,2024-08-29,1,0,25679.41,5191.5,Cash on Delivery,Delivered,Madhya Pradesh,Indore
ORD002112,CUST0418,PROD0012,2023-11-01,1,0,25181.42,4858.95,Net Banking,Delivered,Karnataka,Bangalore
ORD002113,CUST0272,PROD0029,2023-02-22,1,30,14513.61,-3098.45,Credit Card,Delivered,Maharashtra,Nagpur
ORD002114,CUST0574,PROD0022,2023-03-08,3,20,28757.45,905.78,Debit Card,Delivered,Kerala,Kochi
ORD002115,CUST0189,PROD0011,2025-06-15,1,0,3275.51,725.88,UPI,Delivered,Bihar,Patna
ORD002116,CUST0594,PROD0015,2023-12-26,2,5,21502.53,3628.71,Debit Card,Delivered,Gujarat,Ahmedabad
ORD002117,CUST0567,PROD0011,2024-01-11,4,30,9171.43,-1027.09,UPI,Cancelled,Assam,Guwahati
ORD002118,CUST0122,PROD0008,2023-06-17,4,20,34422.98,-3382.54,UPI,Delivered,Kerala,Kochi
ORD002119,CUST0307,PROD0020,2025-06-28,1,10,17136.19,666.29,Debit Card,Delivered,Uttar Pradesh,Kanpur
ORD002120,CUST0558,PROD0012,2025-03-26,1,0,25181.42,4858.95,Credit Card,Returned,Uttar Pradesh,Kanpur
ORD002121,CUST0590,PROD0018,2023-03-26,1,0,17902.05,2831.86,Net Banking,Delivered,Madhya Pradesh,Indore
ORD002122,CUST0155,PROD0004,2025-03-13,1,5,12499.92,1128.78,Net Banking,Delivered,Gujarat,Ahmedabad
ORD002123,CUST0207,PROD0007,2023-06-03,1,5,12937.97,2182.88,Debit Card,Delivered,Karnataka,Bangalore
ORD002124,CUST0315,PROD0033,2025-01-04,1,0,17594.49,1710.17,Unknown,Delivered,Rajasthan,Jaipur
ORD002125,CUST0068,PROD0005,2023-09-26,1,0,10401.59,1829.14,UPI,Delivered,Gujarat,Surat
ORD002126,CUST0517,PROD0013,2024-12-09,5,10,82184.31,8566.01,Credit Card,Delivered,Karnataka,Bangalore
ORD002127,CUST0027,PROD0010,2024-09-08,1,10,21048.06,228.53,Debit Card,Delivered,Telangana,Hyderabad
ORD002128,CUST0465,PROD0021,2023-04-24,3,10,10052.67,1534.98,Credit Card,Delivered,Bihar,Patna
ORD002129,CUST0279,PROD0021,2024-04-07,1,0,3723.21,883.98,Debit Card,Delivered,Rajasthan,Jaipur
ORD002130,CUST0087,PROD0003,2024-02-12,4,0,83360.56,11109.08,Net Banking,Delivered,Maharashtra,Nagpur
ORD002131,CUST0289,PROD0029,2025-01-29,4,30,58054.44,-12393.8,Net Banking,Delivered,Maharashtra,Pune
ORD002132,CUST0102,PROD0005,2023-10-20,1,5,9881.51,1309.06,Credit Card,Returned,Telangana,Hyderabad
ORD002133,CUST0370,PROD0007,2024-10-07,1,15,11576.08,820.99,Cash on Delivery,Delivered,Tamil Nadu,Coimbatore
ORD002134,CUST0320,PROD0035,2023-05-04,2,10,22577.47,1411.79,Credit Card,Delivered,Karnataka,Bangalore
ORD002135,CUST0381,PROD0012,2024-09-18,1,0,25181.42,4858.95,Credit Card,Delivered,Maharashtra,Mumbai
ORD002136,CUST0583,PROD0029,2025-02-22,1,5,19697.04,2084.98,Credit Card,Returned,Uttar Pradesh,Kanpur
ORD002137,CUST0369,PROD0005,2024-04-27,1,15,8841.35,268.9,Cash on Delivery,Delivered,Madhya Pradesh,Indore
ORD002138,CUST0309,PROD0022,2024-04-06,2,5,22766.31,4198.53,Debit Card,Delivered,Madhya Pradesh,Indore
ORD002139,CUST0101,PROD0025,2025-04-14,1,15,21827.5,1339.59,Cash on Delivery,Delivered,Madhya Pradesh,Indore
ORD002140,CUST0069,PROD0005,2024-03-24,1,5,9881.51,1309.06,Debit Card,Delivered,Chandigarh,Chandigarh
ORD002141,CUST0388,PROD0034,2024-06-14,2,20,34504.35,-2877.41,Credit Card,Returned,West Bengal,Kolkata
ORD002142,CUST0294,PROD0011,2024-02-03,2,5,6223.47,1124.21,UPI,Delivered,Rajasthan,Jaipur
ORD002143,CUST0112,PROD0006,2024-12-13,2,5,22392.2,1417.52,Credit Card,Delivered,Karnataka,Bangalore
ORD002144,CUST0039,PROD0022,2025-02-02,5,5,56915.78,10496.33,Credit Card,Returned,Delhi,Delhi
ORD002145,CUST0286,PROD0016,2024-08-01,1,0,24752.87,5958.31,Debit Card,Delivered,Uttar Pradesh,Kanpur
ORD002146,CUST0462,PROD0006,2024-02-13,5,20,47141.48,-5295.22,UPI,Delivered,Assam,Guwahati
ORD002147,CUST0322,PROD0001,2024-02-06,2,0,46196.26,11017.82,Net Banking,Delivered,Bihar,Patna
ORD002148,CUST0210,PROD0003,2023-02-08,1,0,20840.14,2777.27,Credit Card,Returned,Gujarat,Surat
ORD002149,CUST0180,PROD0010,2023-11-18,1,5,22217.39,1397.86,Cash on Delivery,Delivered,Maharashtra,Pune
ORD002150,CUST0138,PROD0034,2024-03-12,1,0,21565.22,2874.34,Debit Card,Delivered,Uttar Pradesh,Lucknow
ORD002151,CUST0426,PROD0004,2023-07-31,1,20,10526.25,-844.89,Net Banking,Returned,Delhi,Delhi
ORD002152,CUST0428,PROD0030,2024-10-08,1,20,7573.78,-1020.86,UPI,Delivered,Gujarat,Surat
ORD002153,CUST0578,PROD0020,2023-05-27,1,10,17136.19,666.29,Credit Card,Delivered,Maharashtra,Pune
ORD002154,CUST0343,PROD0023,2024-04-11,1,0,18767.33,4350.94,UPI,Cancelled,Rajasthan,Jaipur
ORD002155,CUST0339,PROD0002,2024-08-16,1,0,21096.19,4770.91,Debit Card,Delivered,Kerala,Kochi
ORD002156,CUST0245,PROD0017,2024-05-09,1,0,24249.54,6181.18,UPI,Returned,Kerala,Kochi
ORD002157,CUST0057,PROD0026,2023-10-01,2,15,30326.28,-1915.86,Debit Card,Delivered,Bihar,Patna
ORD002158,CUST0264,PROD0033,2024-02-16,1,15,14955.32,-929.0,Cash on Delivery,Returned,Assam,Guwahati
ORD002159,CUST0480,PROD0003,2025-05-04,1,0,20840.14,2777.27,Debit Card,Returned,Gujarat,Surat
ORD002160,CUST0054,PROD0002,2024-03-25,1,0,21096.19,4770.91,Credit Card,Delivered,Tamil Nadu,Chennai
ORD002161,CUST0163,PROD0009,2023-05-20,2,10,46408.07,235.71,Cash on Delivery,Delivered,Madhya Pradesh,Indore
ORD002162,CUST0260,PROD0033,2023-05-01,5,20,70377.96,-9043.64,Credit Card,Delivered,Madhya Pradesh,Indore
ORD002163,CUST0316,PROD0019,2025-04-30,2,20,26774.7,-2247.86,Cash on Delivery,Delivered,Kerala,Kochi
ORD002164,CUST0305,PROD0015,2025-03-03,2,0,22634.24,4760.42,Credit Card,Delivered,Assam,Guwahati
ORD002165,CUST0593,PROD0003,2024-05-07,1,0,20840.14,2777.27,Credit Card,Delivered,Karnataka,Bangalore
ORD002166,CUST0565,PROD0018,2023-10-06,1,10,16111.84,1041.65,Debit Card,Cancelled,Delhi,Delhi
ORD002167,CUST0404,PROD0003,2023-02-14,3,5,59394.4,5205.79,UPI,Returned,Maharashtra,Mumbai
ORD002168,CUST0207,PROD0003,2023-03-14,4,0,83360.56,11109.08,Cash on Delivery,Delivered,Karnataka,Bangalore
ORD002169,CUST0494,PROD0003,2023-02-12,4,5,79192.53,6941.05,Credit Card,Delivered,Bihar,Patna
ORD002170,CUST0287,PROD0016,2023-04-12,2,10,44555.17,6966.05,Debit Card,Delivered,Karnataka,Bangalore
ORD002171,CUST0258,PROD0022,2024-02-05,1,5,11383.16,2099.27,Credit Card,Returned,Karnataka,Bangalore
ORD002172,CUST0059,PROD0022,2023-03-31,2,0,23964.54,5396.76,Cash on Delivery,Returned,Maharashtra,Mumbai
ORD002173,CUST0162,PROD0007,2024-09-14,3,30,28599.73,-3665.54,Net Banking,Delivered,Delhi,Delhi
ORD002174,CUST0203,PROD0019,2024-06-19,2,0,33468.38,4445.82,Net Banking,Delivered,Delhi,Delhi
ORD002175,CUST0297,PROD0009,2023-08-27,2,0,51564.52,5392.16,Credit Card,Delivered,Tamil Nadu,Chennai
ORD002176,CUST0271,PROD0001,2023-08-29,2,5,43886.45,8708.01,Cash on Delivery,Delivered,Maharashtra,Mumbai
ORD002177,CUST0089,PROD0016,2023-03-19,1,10,22277.58,3483.02,Debit Card,Cancelled,Chandigarh,Chandigarh
ORD002178,CUST0103,PROD0027,2024-04-19,1,0,30380.21,7142.47,Debit Card,Returned,Uttar Pradesh,Kanpur
ORD002179,CUST0136,PROD0023,2023-04-18,2,0,37534.66,8701.88,Cash on Delivery,Delivered,Karnataka,Bangalore
ORD002180,CUST0305,PROD0006,2024-09-15,1,0,11785.37,1298.03,Debit Card,Delivered,Assam,Guwahati
ORD002181,CUST0597,PROD0003,2023-06-19,4,0,83360.56,11109.08,Credit Card,Delivered,Uttar Pradesh,Lucknow
ORD002182,CUST0489,PROD0016,2023-06-21,5,0,123764.35,29791.55,UPI,Delivered,Maharashtra,Pune
ORD002183,CUST0247,PROD0027,2024-01-06,2,10,54684.38,8208.9,Debit Card,Delivered,Madhya Pradesh,Bhopal
ORD002184,CUST0113,PROD0023,2023-03-20,1,10,16890.6,2474.21,Debit Card,Cancelled,Kerala,Kochi
ORD002185,CUST0304,PROD0020,2025-04-05,2,5,36176.4,3236.6,Debit Card,Cancelled,Tamil Nadu,Coimbatore
ORD002186,CUST0250,PROD0027,2023-10-08,1,0,30380.21,7142.47,Debit Card,Delivered,Chandigarh,Chandigarh
ORD002187,CUST0515,PROD0006,2024-07-07,1,30,8249.76,-2237.58,Debit Card,Delivered,Bihar,Patna
ORD002188,CUST0221,PROD0015,2024-03-04,5,5,53756.32,9071.77,UPI,Cancelled,Bihar,Patna
ORD002189,CUST0148,PROD0008,2024-09-23,2,10,19362.92,460.16,Debit Card,Returned,Karnataka,Bangalore
ORD002190,CUST0487,PROD0027,2024-08-10,3,10,82026.57,12313.35,Credit Card,Cancelled,Karnataka,Bangalore
ORD002191,CUST0014,PROD0025,2023-09-07,3,0,77038.23,15574.5,Credit Card,Delivered,West Bengal,Kolkata
ORD002192,CUST0209,PROD0025,2025-06-29,2,15,43655.0,2679.18,Credit Card,Delivered,Telangana,Hyderabad
ORD002193,CUST0031,PROD0002,2025-03-31,1,10,18986.57,2661.29,Debit Card,Delivered,Rajasthan,Jaipur
ORD002194,CUST0389,PROD0008,2023-06-26,1,5,10219.32,767.94,Credit Card,Delivered,Kerala,Kochi
ORD002195,CUST0192,PROD0031,2023-06-24,1,15,22970.7,1204.61,Credit Card,Delivered,Rajasthan,Jaipur
ORD002196,CUST0445,PROD0014,2024-12-04,2,20,15089.23,-1594.17,Debit Card,Delivered,Madhya Pradesh,Indore
ORD002197,CUST0167,PROD0011,2024-07-23,1,0,3275.51,725.88,Net Banking,Delivered,Bihar,Patna
ORD002198,CUST0182,PROD0020,2025-04-01,2,0,38080.42,5140.62,UPI,Delivered,Maharashtra,Mumbai
ORD002199,CUST0036,PROD0028,2023-04-11,1,5,7393.11,597.03,Net Banking,Returned,Kerala,Kochi
ORD002200,CUST0526,PROD0005,2024-05-18,1,5,9881.51,1309.06,UPI,Returned,Uttar Pradesh,Lucknow
ORD002201,CUST0181,PROD0012,2023-01-06,2,0,50362.84,9717.9,UPI,Delivered,Tamil Nadu,Chennai
ORD002202,CUST0398,PROD0021,2023-04-20,3,15,9494.19,976.5,UPI,Returned,Madhya Pradesh,Bhopal
ORD002203,CUST0449,PROD0014,2023-06-11,1,15,8016.15,-325.55,Credit Card,Delivered,Assam,Guwahati
ORD002204,CUST0331,PROD0024,2024-03-25,4,5,107998.85,23390.41,UPI,Delivered,Karnataka,Bangalore
ORD002205,CUST0121,PROD0017,2024-10-13,1,15,20612.11,2543.75,UPI,Returned,Bihar,Patna
ORD002206,CUST0235,PROD0005,2025-03-29,1,5,9881.51,1309.06,Net Banking,Cancelled,Maharashtra,Mumbai
ORD002207,CUST0234,PROD0015,2025-06-28,3,0,33951.36,7140.63,Credit Card,Delivered,Maharashtra,Pune
ORD002208,CUST0150,PROD0004,2024-07-20,1,5,12499.92,1128.78,Cash on Delivery,Delivered,Bihar,Patna
ORD002209,CUST0545,PROD0035,2024-04-03,1,15,10661.58,78.74,Cash on Delivery,Delivered,Delhi,Delhi
ORD002210,CUST0538,PROD0002,2024-08-05,1,5,20041.38,3716.1,Unknown,Delivered,Tamil Nadu,Coimbatore
ORD002211,CUST0525,PROD0033,2025-07-06,1,0,17594.49,1710.17,Net Banking,Delivered,Gujarat,Surat
ORD002212,CUST0386,PROD0024,2023-12-06,1,0,28420.75,7268.64,Credit Card,Delivered,Maharashtra,Pune
ORD002213,CUST0010,PROD0003,2024-09-26,4,10,75024.5,2773.02,UPI,Returned,Bihar,Patna
ORD002214,CUST0572,PROD0032,2024-10-12,1,30,8035.31,-2074.18,UPI,Delivered,Tamil Nadu,Coimbatore
ORD002215,CUST0424,PROD0018,2024-01-08,4,0,71608.2,11327.44,Cash on Delivery,Delivered,Uttar Pradesh,Kanpur
ORD002216,CUST0069,PROD0021,2023-10-13,1,0,3723.21,883.98,UPI,Delivered,Chandigarh,Chandigarh
ORD002217,CUST0236,PROD0035,2023-04-28,2,0,25086.08,3920.4,Debit Card,Cancelled,Telangana,Hyderabad
ORD002218,CUST0487,PROD0002,2023-01-14,2,10,37973.14,5322.58,Debit Card,Delivered,Karnataka,Bangalore
ORD002219,CUST0470,PROD0021,2023-04-16,2,0,7446.42,1767.96,Debit Card,Delivered,Uttar Pradesh,Lucknow
ORD002220,CUST0541,PROD0008,2023-01-15,4,10,38725.85,920.33,UPI,Delivered,Karnataka,Bangalore
ORD002221,CUST0363,PROD0031,2025-07-03,2,20,43238.96,-293.22,Credit Card,Delivered,Karnataka,Bangalore
ORD002222,CUST0157,PROD0023,2025-03-20,1,0,18767.33,4350.94,Net Banking,Returned,Gujarat,Ahmedabad
ORD002223,CUST0324,PROD0007,2023-07-17,3,0,40856.76,8591.49,Debit Card,Delivered,Madhya Pradesh,Bhopal
ORD002224,CUST0409,PROD0022,2024-09-03,1,0,11982.27,2698.38,Credit Card,Delivered,Madhya Pradesh,Indore
ORD002225,CUST0446,PROD0034,2024-09-04,2,0,43130.44,5748.68,Net Banking,Delivered,Chandigarh,Chandigarh
ORD002226,CUST0495,PROD0004,2024-02-15,1,30,9210.47,-2160.67,Debit Card,Cancelled,Kerala,Kochi
ORD002227,CUST0196,PROD0002,2024-08-12,1,20,16876.95,551.67,Unknown,Delivered,Maharashtra,Mumbai
ORD002228,CUST0074,PROD0015,2025-01-14,1,5,10751.26,1814.35,Net Banking,Cancelled,Maharashtra,Mumbai
ORD002229,CUST0059,PROD0020,2023-06-29,1,15,16184.18,-285.72,UPI,Delivered,Maharashtra,Mumbai
ORD002230,CUST0038,PROD0012,2023-10-11,2,5,47844.7,7199.76,Credit Card,Cancelled,Delhi,Delhi
ORD002231,CUST0009,PROD0018,2024-03-12,2,0,35804.1,5663.72,Credit Card,Delivered,Kerala,Kochi
ORD002232,CUST0201,PROD0018,2024-03-22,5,0,89510.25,14159.3,Net Banking,Cancelled,Chandigarh,Chandigarh
ORD002233,CUST0037,PROD0004,2023-01-21,4,20,42104.99,-3379.57,Debit Card,Delivered,Uttar Pradesh,Lucknow
ORD002234,CUST0399,PROD0023,2023-06-06,1,15,15952.23,1535.84,Debit Card,Delivered,Tamil Nadu,Coimbatore
ORD002235,CUST0492,PROD0005,2023-05-24,1,15,8841.35,268.9,Net Banking,Cancelled,Bihar,Patna
ORD002236,CUST0223,PROD0035,2024-10-23,1,15,10661.58,78.74,Credit Card,Delivered,Tamil Nadu,Chennai
ORD002237,CUST0203,PROD0014,2025-06-26,1,10,8487.69,145.99,Net Banking,Delivered,Delhi,Delhi
ORD002238,CUST0414,PROD0010,2024-03-20,2,10,42096.11,457.05,Debit Card,Delivered,Uttar Pradesh,Lucknow
ORD002239,CUST0586,PROD0005,2025-03-20,1,0,10401.59,1829.14,UPI,Cancelled,Delhi,Delhi
ORD002240,CUST0072,PROD0025,2024-07-05,1,5,24395.44,3907.53,UPI,Delivered,Chandigarh,Chandigarh
ORD002241,CUST0009,PROD0026,2023-07-09,1,0,17838.99,1717.92,UPI,Delivered,Kerala,Kochi
ORD002242,CUST0189,PROD0035,2024-06-20,1,15,10661.58,78.74,Credit Card,Delivered,Bihar,Patna
ORD002243,CUST0013,PROD0022,2025-02-24,2,5,22766.31,4198.53,Cash on Delivery,Delivered,Uttar Pradesh,Lucknow
ORD002244,CUST0435,PROD0013,2023-02-17,2,0,36526.36,7079.04,Debit Card,Delivered,Telangana,Hyderabad
ORD002245,CUST0469,PROD0001,2023-01-08,1,10,20788.32,3199.1,Debit Card,Delivered,Maharashtra,Nagpur
ORD002246,CUST0130,PROD0001,2024-08-16,1,0,23098.13,5508.91,UPI,Returned,Chandigarh,Chandigarh
ORD002247,CUST0578,PROD0028,2024-11-02,2,0,15564.44,1972.28,UPI,Delivered,Maharashtra,Pune
ORD002248,CUST0354,PROD0004,2025-07-11,1,5,12499.92,1128.78,Unknown,Delivered,Delhi,Delhi
ORD002249,CUST0538,PROD0031,2025-03-10,2,0,54048.7,10516.52,Cash on Delivery,Cancelled,Tamil Nadu,Coimbatore
ORD002250,CUST0511,PROD0010,2024-11-25,1,0,23386.73,2567.2,Debit Card,Delivered,Uttar Pradesh,Kanpur
ORD002251,CUST0343,PROD0017,2024-07-15,5,5,115185.32,24843.52,Credit Card,Delivered,Rajasthan,Jaipur
ORD002252,CUST0366,PROD0005,2024-06-06,1,0,10401.59,1829.14,Credit Card,Delivered,Assam,Guwahati
ORD002253,CUST0206,PROD0013,2023-10-01,3,30,38352.68,-5818.3,UPI,Cancelled,West Bengal,Kolkata
ORD002254,CUST0395,PROD0023,2024-04-04,3,5,53486.89,10237.72,Net Banking,Delivered,Bihar,Patna
ORD002255,CUST0078,PROD0010,2024-04-02,3,0,70160.19,7701.6,Net Banking,Delivered,Karnataka,Bangalore
ORD002256,CUST0451,PROD0017,2024-07-10,1,0,24249.54,6181.18,Debit Card,Delivered,Bihar,Patna
ORD002257,CUST0600,PROD0005,2024-07-30,2,15,17682.7,537.8,Credit Card,Delivered,Madhya Pradesh,Indore
ORD002258,CUST0075,PROD0002,2024-10-01,1,5,20041.38,3716.1,Credit Card,Delivered,Uttar Pradesh,Kanpur
ORD002259,CUST0064,PROD0028,2025-02-08,2,15,13229.77,-362.39,Credit Card,Delivered,Maharashtra,Mumbai
ORD002260,CUST0500,PROD0021,2024-04-04,2,10,6701.78,1023.32,Credit Card,Delivered,West Bengal,Kolkata
ORD002261,CUST0575,PROD0014,2024-11-03,1,30,6601.54,-1740.16,UPI,Cancelled,Tamil Nadu,Chennai
ORD002262,CUST0024,PROD0015,2024-05-12,2,15,19239.1,1365.28,UPI,Delivered,Karnataka,Bangalore
ORD002263,CUST0441,PROD0020,2024-02-02,1,20,15232.17,-1237.73,Debit Card,Delivered,Gujarat,Ahmedabad
ORD002264,CUST0090,PROD0026,2023-10-25,2,30,24974.59,-7267.55,Credit Card,Cancelled,Maharashtra,Pune
ORD002265,CUST0281,PROD0029,2023-03-01,1,0,20733.73,3121.67,Credit Card,Delivered,Uttar Pradesh,Lucknow
ORD002266,CUST0523,PROD0030,2025-04-21,2,0,18934.44,1745.16,Cash on Delivery,Delivered,Rajasthan,Jaipur
ORD002267,CUST0391,PROD0027,2024-01-28,1,15,25823.18,2585.44,UPI,Delivered,Gujarat,Ahmedabad
ORD002268,CUST0165,PROD0027,2024-03-21,2,0,60760.42,14284.94,UPI,Cancelled,Gujarat,Ahmedabad
ORD002269,CUST0387,PROD0022,2024-04-11,1,0,11982.27,2698.38,UPI,Delivered,Assam,Guwahati
ORD002270,CUST0341,PROD0020,2025-06-03,3,0,57120.63,7710.93,Credit Card,Returned,Kerala,Kochi
ORD002271,CUST0350,PROD0028,2023-11-23,3,15,19844.66,-543.58,Credit Card,Returned,Telangana,Hyderabad
ORD002272,CUST0035,PROD0010,2024-10-19,2,0,46773.46,5134.4,Cash on Delivery,Cancelled,Maharashtra,Nagpur
ORD002273,CUST0254,PROD0027,2023-01-20,5,10,136710.94,20522.24,Debit Card,Cancelled,Uttar Pradesh,Lucknow
ORD002274,CUST0580,PROD0035,2023-09-29,1,0,12543.04,1960.2,Debit Card,Delivered,Delhi,Delhi
ORD002275,CUST0111,PROD0014,2023-07-01,2,20,15089.23,-1594.17,Net Banking,Delivered,Rajasthan,Jaipur
ORD002276,CUST0598,PROD0011,2023-11-20,1,30,2292.86,-256.77,UPI,Cancelled,Tamil Nadu,Coimbatore
ORD002277,CUST0580,PROD0020,2023-08-07,4,5,72352.8,6473.2,UPI,Delivered,Delhi,Delhi
ORD002278,CUST0367,PROD0001,2023-07-26,3,0,69294.39,16526.73,Cash on Delivery,Delivered,Karnataka,Bangalore
ORD002279,CUST0134,PROD0010,2025-05-06,3,15,59636.16,-2822.43,Net Banking,Delivered,Assam,Guwahati
ORD002280,CUST0409,PROD0009,2023-11-16,1,0,25782.26,2696.08,Credit Card,Delivered,Madhya Pradesh,Indore
ORD002281,CUST0288,PROD0007,2024-07-21,1,5,12937.97,2182.88,UPI,Delivered,Delhi,Delhi
ORD002282,CUST0440,PROD0002,2025-03-04,1,10,18986.57,2661.29,Debit Card,Delivered,Maharashtra,Pune
ORD002283,CUST0034,PROD0030,2024-09-10,5,30,33135.27,-9837.93,Credit Card,Delivered,Maharashtra,Pune
ORD002284,CUST0315,PROD0015,2023-05-04,4,30,31687.94,-4059.7,UPI,Delivered,Rajasthan,Jaipur
ORD002285,CUST0264,PROD0015,2023-10-04,1,0,11317.12,2380.21,Cash on Delivery,Delivered,Assam,Guwahati
ORD002286,CUST0520,PROD0013,2024-11-01,4,0,73052.72,14158.08,Cash on Delivery,Delivered,Kerala,Kochi
ORD002287,CUST0536,PROD0030,2025-06-23,3,30,19881.16,-5902.76,UPI,Delivered,Uttar Pradesh,Kanpur
ORD002288,CUST0017,PROD0022,2025-02-23,2,5,22766.31,4198.53,UPI,Delivered,Uttar Pradesh,Kanpur
ORD002289,CUST0487,PROD0032,2024-09-26,2,10,20662.22,443.24,Credit Card,Returned,Karnataka,Bangalore
ORD002290,CUST0032,PROD0025,2024-11-22,2,5,48790.88,7815.06,UPI,Delivered,Karnataka,Bangalore
ORD002291,CUST0222,PROD0027,2025-01-19,1,0,30380.21,7142.47,UPI,Delivered,Chandigarh,Chandigarh
ORD002292,CUST0381,PROD0033,2025-01-23,1,20,14075.59,-1808.73,UPI,Returned,Maharashtra,Mumbai
ORD002293,CUST0124,PROD0010,2025-03-06,1,5,22217.39,1397.86,Net Banking,Cancelled,Gujarat,Surat
ORD002294,CUST0458,PROD0003,2024-08-08,1,0,20840.14,2777.27,Net Banking,Delivered,Madhya Pradesh,Bhopal
ORD002295,CUST0134,PROD0014,2023-09-24,2,0,18861.54,2178.14,UPI,Delivered,Assam,Guwahati
ORD002296,CUST0355,PROD0008,2024-12-06,1,30,7530.03,-1921.35,Credit Card,Delivered,Kerala,Kochi
ORD002297,CUST0168,PROD0021,2024-09-20,2,5,7074.1,1395.64,Net Banking,Delivered,Madhya Pradesh,Indore
ORD002298,CUST0519,PROD0001,2023-05-02,1,0,23098.13,5508.91,Credit Card,Delivered,Tamil Nadu,Chennai
ORD002299,CUST0057,PROD0004,2023-07-07,2,0,26315.62,3573.34,Cash on Delivery,Delivered,Bihar,Patna
ORD002300,CUST0218,PROD0001,2024-07-24,2,0,46196.26,11017.82,Net Banking,Delivered,West Bengal,Kolkata
ORD002301,CUST0351,PROD0024,2023-04-06,5,0,142103.75,36343.2,UPI,Delivered,Gujarat,Surat
ORD002302,CUST0542,PROD0021,2024-01-27,4,10,13403.56,2046.64,Debit Card,Delivered,Bihar,Patna
ORD002303,CUST0032,PROD0017,2025-07-25,2,0,48499.08,12362.36,Debit Card,Delivered,Karnataka,Bangalore
ORD002304,CUST0450,PROD0015,2023-10-14,1,0,11317.12,2380.21,Net Banking,Returned,Madhya Pradesh,Bhopal
ORD002305,CUST0034,PROD0021,2023-07-17,3,5,10611.15,2093.46,Debit Card,Returned,Maharashtra,Pune
ORD002306,CUST0287,PROD0024,2023-02-14,1,0,28420.75,7268.64,Debit Card,Delivered,Karnataka,Bangalore
ORD002307,CUST0253,PROD0015,2023-01-18,5,0,56585.6,11901.05,Debit Card,Delivered,Maharashtra,Pune
ORD002308,CUST0081,PROD0004,2025-04-09,4,5,49999.68,4515.12,Credit Card,Cancelled,Gujarat,Ahmedabad
ORD002309,CUST0314,PROD0023,2023-12-03,5,5,89144.82,17062.87,Cash on Delivery,Returned,Chandigarh,Chandigarh
ORD002310,CUST0174,PROD0023,2023-05-30,1,0,18767.33,4350.94,Credit Card,Cancelled,Delhi,Delhi
ORD002311,CUST0354,PROD0002,2025-02-18,1,10,18986.57,2661.29,Credit Card,Cancelled,Delhi,Delhi
ORD002312,CUST0196,PROD0021,2025-04-22,1,30,2606.25,-232.98,Debit Card,Returned,Maharashtra,Mumbai
ORD002313,CUST0523,PROD0031,2023-01-31,1,20,21619.48,-146.61,Net Banking,Delivered,Rajasthan,Jaipur
ORD002314,CUST0035,PROD0018,2023-03-01,3,0,53706.15,8495.58,Net Banking,Returned,Maharashtra,Nagpur
ORD002315,CUST0279,PROD0006,2024-02-10,1,10,10606.83,119.49,Credit Card,Delivered,Rajasthan,Jaipur
ORD002316,CUST0272,PROD0017,2024-08-04,2,10,43649.17,7512.45,UPI,Cancelled,Maharashtra,Nagpur
ORD002317,CUST0165,PROD0004,2023-04-24,1,10,11842.03,470.89,Net Banking,Delivered,Gujarat,Ahmedabad
ORD002318,CUST0312,PROD0023,2023-07-31,2,15,31904.46,3071.68,Net Banking,Cancelled,Bihar,Patna
ORD002319,CUST0467,PROD0021,2023-08-31,1,0,3723.21,883.98,Cash on Delivery,Delivered,Gujarat,Ahmedabad
ORD002320,CUST0217,PROD0029,2023-11-17,4,0,82934.92,12486.68,UPI,Delivered,Maharashtra,Mumbai
ORD002321,CUST0333,PROD0022,2023-12-01,1,0,11982.27,2698.38,Net Banking,Delivered,Maharashtra,Pune
ORD002322,CUST0135,PROD0015,2023-02-13,2,5,21502.53,3628.71,Debit Card,Delivered,Tamil Nadu,Coimbatore
ORD002323,CUST0226,PROD0033,2025-04-06,1,5,16714.77,830.45,Debit Card,Cancelled,Maharashtra,Pune
ORD002324,CUST0426,PROD0020,2023-09-09,1,0,19040.21,2570.31,Debit Card,Delivered,Delhi,Delhi
ORD002325,CUST0018,PROD0023,2023-05-23,1,5,17828.96,3412.57,Net Banking,Cancelled,Delhi,Delhi
ORD002326,CUST0371,PROD0018,2024-10-12,1,15,15216.74,146.55,Net Banking,Returned,Chandigarh,Chandigarh
ORD002327,CUST0237,PROD0015,2024-04-30,2,10,20370.82,2497.0,UPI,Delivered,Maharashtra,Pune
ORD002328,CUST0236,PROD0034,2024-09-22,3,0,64695.66,8623.02,UPI,Returned,Telangana,Hyderabad
ORD002329,CUST0268,PROD0029,2024-10-27,2,5,39394.09,4169.97,Cash on Delivery,Delivered,Kerala,Kochi
ORD002330,CUST0041,PROD0028,2025-05-22,4,0,31128.88,3944.56,Cash on Delivery,Delivered,West Bengal,Kolkata
ORD002331,CUST0192,PROD0006,2024-02-17,2,0,23570.74,2596.06,Net Banking,Delivered,Rajasthan,Jaipur
ORD002332,CUST0160,PROD0005,2024-03-06,1,15,8841.35,268.9,Net Banking,Cancelled,Rajasthan,Jaipur
ORD002333,CUST0052,PROD0009,2025-03-03,1,20,20625.81,-2460.37,Debit Card,Delivered,Karnataka,Bangalore
ORD002334,CUST0332,PROD0022,2023-04-15,5,20,47929.08,1509.63,Net Banking,Delivered,Madhya Pradesh,Indore
ORD002335,CUST0176,PROD0003,2023-04-10,1,0,20840.14,2777.27,Cash on Delivery,Delivered,Telangana,Hyderabad
ORD002336,CUST0084,PROD0010,2024-07-29,1,20,18709.38,-2110.15,Debit Card,Delivered,Madhya Pradesh,Indore
ORD002337,CUST0241,PROD0020,2025-01-06,3,15,48552.54,-857.16,Credit Card,Delivered,Bihar,Patna
ORD002338,CUST0177,PROD0017,2025-06-11,1,20,19399.63,1331.27,UPI,Delivered,Kerala,Kochi
ORD002339,CUST0189,PROD0001,2025-02-14,1,15,19633.41,2044.19,Cash on Delivery,Cancelled,Bihar,Patna
ORD002340,CUST0158,PROD0026,2023-02-09,1,0,17838.99,1717.92,Net Banking,Cancelled,Tamil Nadu,Coimbatore
ORD002341,CUST0008,PROD0005,2023-04-10,1,30,7281.11,-1291.34,Cash on Delivery,Delivered,Kerala,Kochi
ORD002342,CUST0426,PROD0024,2024-08-16,2,15,48315.28,6011.06,Net Banking,Cancelled,Delhi,Delhi
ORD002343,CUST0591,PROD0021,2025-03-31,1,10,3350.89,511.66,Credit Card,Returned,Madhya Pradesh,Bhopal
ORD002344,CUST0201,PROD0035,2025-05-08,1,0,12543.04,1960.2,Net Banking,Delivered,Chandigarh,Chandigarh
ORD002345,CUST0279,PROD0011,2023-05-28,1,10,2947.96,398.33,Cash on Delivery,Delivered,Rajasthan,Jaipur
ORD002346,CUST0074,PROD0023,2023-10-03,1,5,17828.96,3412.57,Debit Card,Delivered,Maharashtra,Mumbai
ORD002347,CUST0460,PROD0014,2024-02-20,3,0,28292.31,3267.21,Credit Card,Delivered,Gujarat,Ahmedabad
ORD002348,CUST0324,PROD0001,2024-04-21,1,0,23098.13,5508.91,Cash on Delivery,Delivered,Madhya Pradesh,Bhopal
ORD002349,CUST0020,PROD0031,2024-11-21,1,10,24321.92,2555.83,UPI,Cancelled,Maharashtra,Nagpur
ORD002350,CUST0052,PROD0018,2023-04-04,2,0,35804.1,5663.72,Credit Card,Returned,Karnataka,Bangalore
ORD002351,CUST0323,PROD0010,2024-09-01,5,10,105240.28,1142.63,Credit Card,Delivered,Maharashtra,Nagpur
ORD002352,CUST0071,PROD0031,2023-11-12,1,20,21619.48,-146.61,Credit Card,Delivered,Tamil Nadu,Chennai
ORD002353,CUST0356,PROD0001,2023-05-10,1,0,23098.13,5508.91,Debit Card,Delivered,Gujarat,Ahmedabad
ORD002354,CUST0494,PROD0022,2025-03-10,2,0,23964.54,5396.76,UPI,Delivered,Bihar,Patna
ORD002355,CUST0432,PROD0009,2024-02-18,2,5,48986.29,2813.93,UPI,Delivered,Maharashtra,Mumbai
ORD002356,CUST0164,PROD0027,2024-01-27,1,5,28861.2,5623.46,Credit Card,Delivered,Delhi,Delhi
ORD002357,CUST0109,PROD0025,2024-12-25,1,20,20543.53,55.62,UPI,Delivered,West Bengal,Kolkata
ORD002358,CUST0188,PROD0005,2023-08-20,1,0,10401.59,1829.14,Net Banking,Delivered,Maharashtra,Pune
ORD002359,CUST0339,PROD0012,2025-02-01,1,15,21404.21,1081.74,UPI,Delivered,Kerala,Kochi
ORD002360,CUST0231,PROD0005,2023-11-18,1,10,9361.43,788.98,Net Banking,Delivered,Karnataka,Bangalore
ORD002361,CUST0029,PROD0008,2024-04-20,1,0,10757.18,1305.8,Credit Card,Delivered,Uttar Pradesh,Kanpur
ORD002362,CUST0431,PROD0002,2023-03-22,1,0,21096.19,4770.91,Cash on Delivery,Delivered,Tamil Nadu,Chennai
ORD002363,CUST0134,PROD0013,2023-12-17,2,20,29221.09,-226.23,Debit Card,Delivered,Assam,Guwahati
ORD002364,CUST0489,PROD0018,2024-12-12,5,5,85034.74,9683.79,Cash on Delivery,Cancelled,Maharashtra,Pune
ORD002365,CUST0180,PROD0009,2023-12-06,1,0,25782.26,2696.08,Debit Card,Returned,Maharashtra,Pune
ORD002366,CUST0479,PROD0023,2024-09-18,4,0,75069.32,17403.76,Cash on Delivery,Delivered,Telangana,Hyderabad
ORD002367,CUST0264,PROD0015,2023-05-23,1,5,10751.26,1814.35,Credit Card,Delivered,Assam,Guwahati
ORD002368,CUST0389,PROD0027,2024-12-10,3,0,91140.63,21427.41,UPI,Delivered,Kerala,Kochi
ORD002369,CUST0347,PROD0009,2024-02-02,1,0,25782.26,2696.08,Credit Card,Returned,Madhya Pradesh,Bhopal
ORD002370,CUST0089,PROD0009,2023-08-03,1,5,24493.15,1406.97,Debit Card,Delivered,Chandigarh,Chandigarh
ORD002371,CUST0541,PROD0012,2025-01-25,2,10,45326.56,4681.62,Net Banking,Delivered,Karnataka,Bangalore
ORD002372,CUST0316,PROD0017,2024-01-25,1,20,19399.63,1331.27,Debit Card,Delivered,Kerala,Kochi
ORD002373,CUST0133,PROD0017,2024-01-21,1,10,21824.59,3756.23,Debit Card,Returned,Maharashtra,Pune
ORD002374,CUST0316,PROD0033,2024-03-08,5,0,87972.45,8550.85,Debit Card,Cancelled,Kerala,Kochi
ORD002375,CUST0182,PROD0023,2025-03-13,1,0,18767.33,4350.94,Net Banking,Returned,Maharashtra,Mumbai
ORD002376,CUST0203,PROD0013,2025-01-18,1,5,17350.02,2626.36,Debit Card,Cancelled,Delhi,Delhi
ORD002377,CUST0581,PROD0013,2023-12-07,3,10,49310.59,5139.61,Net Banking,Cancelled,Madhya Pradesh,Indore
ORD002378,CUST0326,PROD0019,2023-01-29,1,5,15897.48,1386.2,UPI,Delivered,Uttar Pradesh,Kanpur
ORD002379,CUST0072,PROD0008,2023-05-18,1,20,8605.74,-845.64,Debit Card,Cancelled,Chandigarh,Chandigarh
ORD002380,CUST0178,PROD0029,2023-01-10,2,0,41467.46,6243.34,Cash on Delivery,Returned,Madhya Pradesh,Indore
ORD002381,CUST0504,PROD0035,2025-01-29,1,0,12543.04,1960.2,Debit Card,Delivered,Gujarat,Surat
ORD002382,CUST0391,PROD0026,2025-06-07,1,0,17838.99,1717.92,UPI,Delivered,Gujarat,Ahmedabad
ORD002383,CUST0039,PROD0031,2023-03-21,1,0,27024.35,5258.26,Debit Card,Delivered,Delhi,Delhi
ORD002384,CUST0595,PROD0018,2023-10-24,1,0,17902.05,2831.86,Debit Card,Delivered,Rajasthan,Jaipur
ORD002385,CUST0035,PROD0014,2025-07-13,1,5,8959.23,617.53,Credit Card,Delivered,Maharashtra,Nagpur
ORD002386,CUST0258,PROD0002,2023-06-04,2,0,42192.38,9541.82,Credit Card,Cancelled,Karnataka,Bangalore
ORD002387,CUST0439,PROD0026,2023-02-27,1,0,17838.99,1717.92,Cash on Delivery,Delivered,Madhya Pradesh,Bhopal
ORD002388,CUST0525,PROD0022,2024-12-16,4,15,40739.72,3604.16,UPI,Returned,Gujarat,Surat
ORD002389,CUST0464,PROD0031,2024-09-13,2,10,48643.83,5111.65,Net Banking,Returned,Bihar,Patna
ORD002390,CUST0499,PROD0023,2024-08-27,1,0,18767.33,4350.94,UPI,Delivered,Bihar,Patna
ORD002391,CUST0144,PROD0013,2025-04-30,3,5,52050.06,7879.08,Net Banking,Delivered,Tamil Nadu,Coimbatore
ORD002392,CUST0446,PROD0015,2023-02-24,1,5,10751.26,1814.35,Debit Card,Cancelled,Chandigarh,Chandigarh
ORD002393,CUST0366,PROD0013,2024-08-17,2,0,36526.36,7079.04,Debit Card,Delivered,Assam,Guwahati
ORD002394,CUST0448,PROD0005,2024-11-02,1,15,8841.35,268.9,UPI,Cancelled,Gujarat,Surat
ORD002395,CUST0023,PROD0011,2024-09-14,4,0,13102.04,2903.52,UPI,Delivered,Uttar Pradesh,Kanpur
ORD002396,CUST0563,PROD0005,2024-05-04,3,20,24963.82,-753.53,Debit Card,Delivered,West Bengal,Kolkata
ORD002397,CUST0207,PROD0025,2023-10-06,2,0,51358.82,10383.0,Net Banking,Delivered,Karnataka,Bangalore
ORD002398,CUST0092,PROD0012,2024-01-14,2,0,50362.84,9717.9,Net Banking,Delivered,Kerala,Kochi
ORD002399,CUST0139,PROD0015,2024-10-03,1,15,9619.55,682.64,Cash on Delivery,Delivered,West Bengal,Kolkata
ORD002400,CUST0342,PROD0026,2024-06-05,1,0,17838.99,1717.92,Net Banking,Delivered,Bihar,Patna
ORD002401,CUST0485,PROD0005,2023-10-14,3,30,21843.34,-3874.01,Debit Card,Delivered,Assam,Guwahati
ORD002402,CUST0164,PROD0002,2024-11-30,4,0,84384.76,19083.64,UPI,Delivered,Delhi,Delhi
ORD002403,CUST0442,PROD0022,2025-05-06,3,0,35946.81,8095.14,Net Banking,Delivered,Tamil Nadu,Coimbatore
ORD002404,CUST0568,PROD0010,2023-01-08,1,0,23386.73,2567.2,Debit Card,Returned,Kerala,Kochi
ORD002405,CUST0109,PROD0007,2023-09-21,3,5,38813.92,6548.65,UPI,Delivered,West Bengal,Kolkata
ORD002406,CUST0516,PROD0025,2024-05-12,1,15,21827.5,1339.59,UPI,Delivered,Uttar Pradesh,Kanpur
ORD002407,CUST0135,PROD0007,2025-05-17,4,0,54475.68,11455.32,Cash on Delivery,Delivered,Tamil Nadu,Coimbatore
ORD002408,CUST0551,PROD0015,2024-10-21,2,0,22634.24,4760.42,Credit Card,Returned,Gujarat,Ahmedabad
ORD002409,CUST0062,PROD0024,2024-02-25,4,5,107998.85,23390.41,Credit Card,Delivered,Uttar Pradesh,Lucknow
ORD002410,CUST0195,PROD0024,2023-07-13,1,0,28420.75,7268.64,Net Banking,Cancelled,Kerala,Kochi
ORD002411,CUST0141,PROD0010,2024-05-27,2,10,42096.11,457.05,Cash on Delivery,Cancelled,Maharashtra,Nagpur
ORD002412,CUST0586,PROD0004,2025-01-12,1,5,12499.92,1128.78,Debit Card,Delivered,Delhi,Delhi
ORD002413,CUST0018,PROD0021,2024-09-06,1,10,3350.89,511.66,UPI,Delivered,Delhi,Delhi
ORD002414,CUST0121,PROD0031,2024-10-19,1,0,27024.35,5258.26,Debit Card,Delivered,Bihar,Patna
ORD002415,CUST0157,PROD0023,2025-04-16,2,20,30027.73,1194.95,Unknown,Returned,Gujarat,Ahmedabad
ORD002416,CUST0361,PROD0010,2025-01-06,2,0,46773.46,5134.4,UPI,Delivered,Delhi,Delhi
ORD002417,CUST0105,PROD0017,2024-01-17,1,10,21824.59,3756.23,Net Banking,Delivered,Delhi,Delhi
ORD002418,CUST0412,PROD0021,2023-07-05,1,0,3723.21,883.98,Cash on Delivery,Delivered,Uttar Pradesh,Lucknow
ORD002419,CUST0305,PROD0023,2023-10-12,2,5,35657.93,6825.15,Debit Card,Delivered,Assam,Guwahati
ORD002420,CUST0039,PROD0023,2023-02-04,2,10,33781.19,4948.41,UPI,Cancelled,Delhi,Delhi
ORD002421,CUST0124,PROD0018,2023-11-12,4,0,71608.2,11327.44,Net Banking,Delivered,Gujarat,Surat
ORD002422,CUST0081,PROD0017,2024-11-14,5,20,96998.16,6656.36,Credit Card,Cancelled,Gujarat,Ahmedabad
ORD002423,CUST0164,PROD0006,2024-11-28,2,0,23570.74,2596.06,Net Banking,Delivered,Delhi,Delhi
ORD002424,CUST0586,PROD0034,2023-04-29,1,0,21565.22,2874.34,UPI,Cancelled,Delhi,Delhi
ORD002425,CUST0507,PROD0024,2025-07-23,1,20,22736.6,1584.49,UPI,Returned,Delhi,Delhi
ORD002426,CUST0505,PROD0031,2023-09-25,1,20,21619.48,-146.61,Debit Card,Delivered,Maharashtra,Nagpur
ORD002427,CUST0131,PROD0004,2023-03-29,1,10,11842.03,470.89,Debit Card,Delivered,Tamil Nadu,Chennai
ORD002428,CUST0241,PROD0013,2024-06-03,1,20,14610.54,-113.12,Debit Card,Delivered,Bihar,Patna
ORD002429,CUST0454,PROD0007,2024-05-06,1,0,13618.92,2863.83,Net Banking,Cancelled,Uttar Pradesh,Lucknow
ORD002430,CUST0087,PROD0032,2024-12-14,1,0,11479.01,1369.52,Debit Card,Delivered,Maharashtra,Nagpur
ORD002431,CUST0479,PROD0016,2023-05-31,1,10,22277.58,3483.02,Net Banking,Returned,Telangana,Hyderabad
ORD002432,CUST0489,PROD0025,2023-01-27,1,0,25679.41,5191.5,Cash on Delivery,Delivered,Maharashtra,Pune
ORD002433,CUST0520,PROD0019,2025-01-20,1,10,15060.77,549.49,Net Banking,Cancelled,Kerala,Kochi
ORD002434,CUST0159,PROD0029,2024-07-12,1,0,20733.73,3121.67,UPI,Delivered,Uttar Pradesh,Lucknow
ORD002435,CUST0163,PROD0003,2023-08-16,1,0,20840.14,2777.27,Cash on Delivery,Delivered,Madhya Pradesh,Indore
ORD002436,CUST0053,PROD0025,2024-12-30,1,0,25679.41,5191.5,Unknown,Delivered,Telangana,Hyderabad
ORD002437,CUST0277,PROD0016,2024-11-15,1,10,22277.58,3483.02,Net Banking,Returned,Madhya Pradesh,Indore
ORD002438,CUST0074,PROD0018,2025-07-18,1,0,17902.05,2831.86,Debit Card,Returned,Maharashtra,Mumbai
ORD002439,CUST0250,PROD0035,2023-04-15,1,0,12543.04,1960.2,Debit Card,Delivered,Chandigarh,Chandigarh
ORD002440,CUST0145,PROD0008,2023-02-26,2,10,19362.92,460.16,UPI,Delivered,Telangana,Hyderabad
ORD002441,CUST0029,PROD0020,2023-12-18,1,5,18088.2,1618.3,Cash on Delivery,Returned,Uttar Pradesh,Kanpur
ORD002442,CUST0199,PROD0005,2024-08-13,1,0,10401.59,1829.14,Credit Card,Returned,Tamil Nadu,Coimbatore
ORD002443,CUST0205,PROD0033,2023-11-30,1,10,15835.04,-49.28,Credit Card,Delivered,Kerala,Kochi
ORD002444,CUST0167,PROD0002,2023-02-14,1,5,20041.38,3716.1,Net Banking,Delivered,Bihar,Patna
ORD002445,CUST0399,PROD0021,2024-09-05,1,0,3723.21,883.98,UPI,Delivered,Tamil Nadu,Coimbatore
ORD002446,CUST0454,PROD0001,2023-04-28,1,15,19633.41,2044.19,Cash on Delivery,Delivered,Uttar Pradesh,Lucknow
ORD002447,CUST0082,PROD0009,2023-10-08,1,5,24493.15,1406.97,Net Banking,Delivered,Kerala,Kochi
ORD002448,CUST0024,PROD0008,2024-11-25,3,5,30657.96,2303.82,UPI,Delivered,Karnataka,Bangalore
ORD002449,CUST0321,PROD0018,2024-03-02,2,30,25062.87,-5077.51,Cash on Delivery,Delivered,Bihar,Patna
ORD002450,CUST0392,PROD0007,2025-07-14,1,15,11576.08,820.99,UPI,Delivered,Tamil Nadu,Chennai
ORD002451,CUST0032,PROD0005,2025-01-28,1,10,9361.43,788.98,Net Banking,Delivered,Karnataka,Bangalore
ORD002452,CUST0055,PROD0006,2025-07-20,2,30,16499.52,-4475.16,Net Banking,Delivered,Madhya Pradesh,Indore
ORD002453,CUST0081,PROD0035,2024-06-16,1,5,11915.89,1333.05,Debit Card,Delivered,Gujarat,Ahmedabad
ORD002454,CUST0389,PROD0029,2025-04-22,2,20,33173.97,-2050.15,Cash on Delivery,Returned,Kerala,Kochi
ORD002455,CUST0347,PROD0007,2024-08-14,1,0,13618.92,2863.83,UPI,Cancelled,Madhya Pradesh,Bhopal
ORD002456,CUST0114,PROD0030,2024-05-17,1,5,8993.86,399.22,Credit Card,Delivered,Kerala,Kochi
ORD002457,CUST0239,PROD0008,2024-07-15,1,0,10757.18,1305.8,Net Banking,Cancelled,Kerala,Kochi
ORD002458,CUST0211,PROD0035,2023-11-27,1,10,11288.74,705.9,Net Banking,Delivered,Madhya Pradesh,Indore
ORD002459,CUST0448,PROD0034,2023-09-26,2,30,30191.31,-7190.45,Cash on Delivery,Returned,Gujarat,Surat
ORD002460,CUST0084,PROD0002,2025-01-09,3,5,60124.14,11148.3,Credit Card,Cancelled,Madhya Pradesh,Indore
ORD002461,CUST0539,PROD0020,2024-11-04,1,10,17136.19,666.29,Net Banking,Delivered,Kerala,Kochi
ORD002462,CUST0173,PROD0003,2024-09-25,2,20,33344.22,-2781.52,Debit Card,Delivered,Delhi,Delhi
ORD002463,CUST0584,PROD0029,2024-11-03,1,5,19697.04,2084.98,Debit Card,Returned,Telangana,Hyderabad
ORD002464,CUST0252,PROD0001,2024-05-04,3,0,69294.39,16526.73,Cash on Delivery,Delivered,Karnataka,Bangalore
ORD002465,CUST0254,PROD0004,2023-08-22,5,15,55920.69,-935.01,UPI,Delivered,Uttar Pradesh,Lucknow
ORD002466,CUST0404,PROD0032,2023-11-05,5,5,54525.3,3977.85,Credit Card,Returned,Maharashtra,Mumbai
ORD002467,CUST0261,PROD0032,2024-07-02,1,0,11479.01,1369.52,Cash on Delivery,Delivered,Madhya Pradesh,Indore
ORD002468,CUST0134,PROD0033,2025-02-14,2,0,35188.98,3420.34,Debit Card,Delivered,Assam,Guwahati
ORD002469,CUST0235,PROD0014,2023-12-07,1,0,9430.77,1089.07,UPI,Delivered,Maharashtra,Mumbai
ORD002470,CUST0246,PROD0008,2023-04-03,1,15,9143.6,-307.78,UPI,Delivered,Tamil Nadu,Chennai
ORD002471,CUST0225,PROD0012,2024-11-01,1,0,25181.42,4858.95,UPI,Delivered,Tamil Nadu,Coimbatore
ORD002472,CUST0286,PROD0023,2025-02-19,1,0,18767.33,4350.94,Cash on Delivery,Delivered,Uttar Pradesh,Kanpur
ORD002473,CUST0421,PROD0030,2023-03-19,2,15,16094.27,-1095.01,UPI,Delivered,Maharashtra,Mumbai
ORD002474,CUST0302,PROD0019,2023-02-28,2,0,33468.38,4445.82,Credit Card,Returned,Maharashtra,Pune
ORD002475,CUST0030,PROD0021,2025-04-16,1,20,2978.57,139.34,Credit Card,Delivered,Uttar Pradesh,Kanpur
ORD002476,CUST0478,PROD0018,2024-03-24,1,20,14321.64,-748.55,Net Banking,Delivered,Telangana,Hyderabad
ORD002477,CUST0303,PROD0020,2024-02-25,1,30,13328.15,-3141.75,Debit Card,Delivered,Gujarat,Surat
ORD002478,CUST0271,PROD0018,2023-12-14,4,5,68027.79,7747.03,Cash on Delivery,Delivered,Maharashtra,Mumbai
ORD002479,CUST0302,PROD0019,2024-05-10,1,20,13387.35,-1123.93,Credit Card,Cancelled,Maharashtra,Pune
ORD002480,CUST0054,PROD0023,2024-07-08,2,0,37534.66,8701.88,Net Banking,Delivered,Tamil Nadu,Chennai
ORD002481,CUST0570,PROD0017,2024-05-03,2,0,48499.08,12362.36,Debit Card,Delivered,Maharashtra,Pune
ORD002482,CUST0274,PROD0029,2024-01-07,2,10,37320.71,2096.59,Credit Card,Cancelled,Tamil Nadu,Coimbatore
ORD002483,CUST0022,PROD0004,2023-09-06,1,20,10526.25,-844.89,UPI,Delivered,Tamil Nadu,Coimbatore
ORD002484,CUST0058,PROD0003,2024-04-14,1,5,19798.13,1735.26,Cash on Delivery,Delivered,Kerala,Kochi
ORD002485,CUST0478,PROD0030,2024-02-03,4,10,34081.99,-296.57,Debit Card,Delivered,Telangana,Hyderabad
ORD002486,CUST0134,PROD0010,2024-02-19,1,5,22217.39,1397.86,Net Banking,Delivered,Assam,Guwahati
ORD002487,CUST0417,PROD0026,2025-05-27,1,5,16947.04,825.97,UPI,Delivered,Kerala,Kochi
ORD002488,CUST0322,PROD0023,2024-04-06,2,10,33781.19,4948.41,Unknown,Delivered,Bihar,Patna
ORD002489,CUST0326,PROD0028,2025-07-05,2,0,15564.44,1972.28,Unknown,Cancelled,Uttar Pradesh,Kanpur
ORD002490,CUST0445,PROD0014,2025-02-15,3,20,22633.85,-2391.25,Net Banking,Delivered,Madhya Pradesh,Indore
ORD002491,CUST0482,PROD0011,2023-05-16,1,10,2947.96,398.33,Cash on Delivery,Delivered,Delhi,Delhi
ORD002492,CUST0444,PROD0016,2023-04-30,1,0,24752.87,5958.31,Debit Card,Delivered,Rajasthan,Jaipur
ORD002493,CUST0243,PROD0029,2024-10-31,3,10,55981.07,3144.89,Cash on Delivery,Delivered,Bihar,Patna
ORD002494,CUST0025,PROD0005,2023-05-02,1,0,10401.59,1829.14,Debit Card,Delivered,Maharashtra,Pune
ORD002495,CUST0106,PROD0035,2024-10-25,3,0,37629.12,5880.6,Cash on Delivery,Cancelled,Telangana,Hyderabad
ORD002496,CUST0487,PROD0001,2025-03-24,2,0,46196.26,11017.82,Cash on Delivery,Delivered,Karnataka,Bangalore
ORD002497,CUST0412,PROD0014,2023-04-22,1,10,8487.69,145.99,Credit Card,Delivered,Uttar Pradesh,Lucknow
ORD002498,CUST0173,PROD0006,2023-07-20,1,10,10606.83,119.49,Debit Card,Delivered,Delhi,Delhi
ORD002499,CUST0492,PROD0002,2024-03-21,2,10,37973.14,5322.58,Net Banking,Delivered,Bihar,Patna
ORD002500,CUST0464,PROD0003,2024-12-04,2,0,41680.28,5554.54,UPI,Delivered,Bihar,Patna
ORD002501,CUST0310,PROD0024,2025-06-08,1,20,22736.6,1584.49,UPI,Cancelled,Telangana,Hyderabad
ORD002502,CUST0241,PROD0012,2023-12-14,1,0,25181.42,4858.95,Cash on Delivery,Delivered,Bihar,Patna
ORD002503,CUST0259,PROD0028,2025-06-15,1,0,7782.22,986.14,Debit Card,Delivered,Uttar Pradesh,Lucknow
ORD002504,CUST0150,PROD0035,2024-07-20,1,30,8780.13,-1802.71,Cash on Delivery,Delivered,Bihar,Patna
ORD002505,CUST0347,PROD0032,2024-01-20,1,10,10331.11,221.62,Cash on Delivery,Delivered,Madhya Pradesh,Bhopal
ORD002506,CUST0090,PROD0027,2023-04-24,1,0,30380.21,7142.47,Credit Card,Delivered,Maharashtra,Pune
ORD002507,CUST0364,PROD0013,2024-06-22,1,10,16436.86,1713.2,Credit Card,Delivered,Karnataka,Bangalore
ORD002508,CUST0537,PROD0023,2023-02-07,1,10,16890.6,2474.21,Net Banking,Delivered,Maharashtra,Pune
ORD002509,CUST0242,PROD0005,2023-05-25,1,0,10401.59,1829.14,Cash on Delivery,Delivered,Kerala,Kochi
ORD002510,CUST0553,PROD0026,2023-12-16,1,10,16055.09,-65.98,Net Banking,Delivered,Tamil Nadu,Coimbatore
ORD002511,CUST0131,PROD0008,2025-07-22,2,0,21514.36,2611.6,Net Banking,Delivered,Tamil Nadu,Chennai
ORD002512,CUST0430,PROD0001,2023-10-13,1,0,23098.13,5508.91,Cash on Delivery,Delivered,Tamil Nadu,Coimbatore
ORD002513,CUST0222,PROD0018,2024-04-02,1,5,17006.95,1936.76,Cash on Delivery,Delivered,Chandigarh,Chandigarh
ORD002514,CUST0078,PROD0003,2025-01-15,1,20,16672.11,-1390.76,Credit Card,Delivered,Karnataka,Bangalore
ORD002515,CUST0347,PROD0023,2023-05-14,1,10,16890.6,2474.21,UPI,Delivered,Madhya Pradesh,Bhopal
ORD002516,CUST0191,PROD0001,2024-07-09,5,0,115490.65,27544.55,Credit Card,Cancelled,West Bengal,Kolkata
ORD002517,CUST0503,PROD0022,2023-02-15,1,10,10784.04,1500.15,Cash on Delivery,Delivered,Assam,Guwahati
ORD002518,CUST0313,PROD0006,2025-04-22,1,10,10606.83,119.49,Cash on Delivery,Delivered,Madhya Pradesh,Indore
ORD002519,CUST0294,PROD0031,2025-04-17,1,10,24321.92,2555.83,Debit Card,Delivered,Rajasthan,Jaipur
ORD002520,CUST0581,PROD0009,2023-07-23,2,10,46408.07,235.71,UPI,Delivered,Madhya Pradesh,Indore
ORD002521,CUST0119,PROD0025,2025-02-10,4,10,92445.88,10494.24,Net Banking,Delivered,Tamil Nadu,Chennai
ORD002522,CUST0178,PROD0011,2024-04-05,2,0,6551.02,1451.76,Cash on Delivery,Returned,Madhya Pradesh,Indore
ORD002523,CUST0319,PROD0011,2023-04-26,2,5,6223.47,1124.21,Debit Card,Delivered,Maharashtra,Pune
ORD002524,CUST0116,PROD0034,2023-11-25,2,5,40973.92,3592.16,Cash on Delivery,Cancelled,Maharashtra,Pune
ORD002525,CUST0061,PROD0027,2025-03-30,3,0,91140.63,21427.41,Unknown,Delivered,Kerala,Kochi
ORD002526,CUST0078,PROD0017,2024-01-29,1,10,21824.59,3756.23,Net Banking,Delivered,Karnataka,Bangalore
ORD002527,CUST0585,PROD0027,2024-06-23,1,0,30380.21,7142.47,Credit Card,Returned,Maharashtra,Pune
ORD002528,CUST0064,PROD0030,2024-06-16,1,20,7573.78,-1020.86,Net Banking,Returned,Maharashtra,Mumbai
ORD002529,CUST0074,PROD0005,2025-04-28,2,5,19763.02,2618.12,UPI,Delivered,Maharashtra,Mumbai
ORD002530,CUST0156,PROD0012,2025-01-06,2,0,50362.84,9717.9,UPI,Returned,Telangana,Hyderabad
ORD002531,CUST0596,PROD0003,2024-03-23,1,0,20840.14,2777.27,UPI,Returned,Assam,Guwahati
ORD002532,CUST0433,PROD0016,2024-11-09,4,0,99011.48,23833.24,Net Banking,Returned,Karnataka,Bangalore
ORD002533,CUST0511,PROD0006,2024-07-24,1,30,8249.76,-2237.58,Cash on Delivery,Cancelled,Uttar Pradesh,Kanpur
ORD002534,CUST0289,PROD0018,2024-12-18,1,0,17902.05,2831.86,Debit Card,Delivered,Maharashtra,Pune
ORD002535,CUST0154,PROD0020,2024-04-20,1,10,17136.19,666.29,Cash on Delivery,Delivered,Telangana,Hyderabad
ORD002536,CUST0474,PROD0024,2024-03-10,3,0,85262.25,21805.92,UPI,Cancelled,Delhi,Delhi
ORD002537,CUST0284,PROD0025,2024-02-28,2,10,46222.94,5247.12,UPI,Delivered,Karnataka,Bangalore
ORD002538,CUST0434,PROD0007,2024-02-28,3,20,32685.41,420.14,Net Banking,Delivered,Telangana,Hyderabad
ORD002539,CUST0403,PROD0017,2025-03-27,2,20,38799.26,2662.54,Credit Card,Delivered,Assam,Guwahati
ORD002540,CUST0206,PROD0001,2023-11-03,2,30,32337.38,-2841.06,Cash on Delivery,Returned,West Bengal,Kolkata
ORD002541,CUST0257,PROD0008,2025-01-23,1,15,9143.6,-307.78,Net Banking,Cancelled,Gujarat,Ahmedabad
ORD002542,CUST0402,PROD0021,2024-09-17,1,0,3723.21,883.98,Credit Card,Cancelled,Karnataka,Bangalore
ORD002543,CUST0205,PROD0020,2024-01-21,3,5,54264.6,4854.9,Net Banking,Returned,Kerala,Kochi
ORD002544,CUST0081,PROD0008,2023-08-08,3,5,30657.96,2303.82,Cash on Delivery,Delivered,Gujarat,Ahmedabad
ORD002545,CUST0355,PROD0019,2024-01-08,1,0,16734.19,2222.91,UPI,Delivered,Kerala,Kochi
ORD002546,CUST0567,PROD0021,2024-05-24,2,0,7446.42,1767.96,Debit Card,Delivered,Assam,Guwahati
ORD002547,CUST0382,PROD0014,2025-06-21,4,0,37723.08,4356.28,Debit Card,Returned,Tamil Nadu,Coimbatore
ORD002548,CUST0568,PROD0026,2025-04-18,1,20,14271.19,-1849.88,UPI,Delivered,Kerala,Kochi
ORD002549,CUST0064,PROD0032,2024-11-24,1,0,11479.01,1369.52,Cash on Delivery,Cancelled,Maharashtra,Mumbai
ORD002550,CUST0339,PROD0019,2024-08-31,1,0,16734.19,2222.91,Cash on Delivery,Delivered,Kerala,Kochi
ORD002551,CUST0392,PROD0027,2025-03-26,2,0,60760.42,14284.94,Debit Card,Delivered,Tamil Nadu,Chennai
ORD002552,CUST0421,PROD0002,2024-10-28,2,0,42192.38,9541.82,Debit Card,Delivered,Maharashtra,Mumbai
ORD002553,CUST0439,PROD0006,2024-06-22,1,20,9428.3,-1059.04,Credit Card,Delivered,Madhya Pradesh,Bhopal
ORD002554,CUST0340,PROD0002,2025-01-19,1,15,17931.76,1606.48,UPI,Delivered,Madhya Pradesh,Indore
ORD002555,CUST0080,PROD0003,2024-10-28,1,0,20840.14,2777.27,Cash on Delivery,Cancelled,Kerala,Kochi
ORD002556,CUST0494,PROD0020,2024-06-12,2,15,32368.36,-571.44,Debit Card,Delivered,Bihar,Patna
ORD002557,CUST0591,PROD0010,2023-04-27,5,20,93546.92,-10550.73,Cash on Delivery,Cancelled,Madhya Pradesh,Bhopal
ORD002558,CUST0252,PROD0012,2024-06-10,4,20,80580.54,-709.34,Credit Card,Delivered,Karnataka,Bangalore
ORD002559,CUST0049,PROD0006,2023-07-01,1,0,11785.37,1298.03,Net Banking,Delivered,Assam,Guwahati
ORD002560,CUST0444,PROD0020,2024-08-05,1,10,17136.19,666.29,Net Banking,Delivered,Rajasthan,Jaipur
ORD002561,CUST0170,PROD0006,2024-06-27,1,15,10017.56,-469.78,UPI,Delivered,Gujarat,Ahmedabad
ORD002562,CUST0391,PROD0012,2023-02-19,4,0,100725.68,19435.8,Cash on Delivery,Delivered,Gujarat,Ahmedabad
ORD002563,CUST0262,PROD0011,2024-06-21,2,0,6551.02,1451.76,UPI,Returned,Assam,Guwahati
ORD002564,CUST0550,PROD0023,2023-06-28,2,0,37534.66,8701.88,Credit Card,Delivered,Kerala,Kochi
ORD002565,CUST0483,PROD0033,2024-03-24,1,5,16714.77,830.45,UPI,Delivered,Uttar Pradesh,Kanpur
ORD002566,CUST0596,PROD0008,2025-04-24,1,20,8605.74,-845.64,Debit Card,Delivered,Assam,Guwahati
ORD002567,CUST0239,PROD0007,2023-04-24,1,5,12937.97,2182.88,Credit Card,Delivered,Kerala,Kochi
ORD002568,CUST0370,PROD0033,2025-05-31,1,5,16714.77,830.45,Net Banking,Delivered,Tamil Nadu,Coimbatore
ORD002569,CUST0469,PROD0003,2023-06-19,2,20,33344.22,-2781.52,Cash on Delivery,Cancelled,Maharashtra,Nagpur
ORD002570,CUST0221,PROD0011,2023-01-18,1,15,2784.18,234.55,Credit Card,Returned,Bihar,Patna
ORD002571,CUST0055,PROD0003,2025-01-11,3,0,62520.42,8331.81,Net Banking,Delivered,Madhya Pradesh,Indore
ORD002572,CUST0163,PROD0011,2023-08-20,1,0,3275.51,725.88,Cash on Delivery,Delivered,Madhya Pradesh,Indore
ORD002573,CUST0093,PROD0034,2024-10-26,2,0,43130.44,5748.68,Credit Card,Delivered,Maharashtra,Pune
ORD002574,CUST0503,PROD0031,2025-04-16,2,5,51346.26,7814.08,UPI,Delivered,Assam,Guwahati
ORD002575,CUST0015,PROD0027,2024-02-23,1,20,24304.17,1066.43,Net Banking,Delivered,Uttar Pradesh,Lucknow
ORD002576,CUST0558,PROD0014,2025-01-30,2,15,16032.31,-651.09,Unknown,Delivered,Uttar Pradesh,Kanpur
ORD002577,CUST0459,PROD0018,2024-07-25,2,20,28643.28,-1497.1,Debit Card,Cancelled,Maharashtra,Nagpur
ORD002578,CUST0105,PROD0031,2024-01-14,3,0,81073.05,15774.78,Debit Card,Delivered,Delhi,Delhi
ORD002579,CUST0337,PROD0011,2023-02-12,2,5,6223.47,1124.21,Debit Card,Delivered,Maharashtra,Pune
ORD002580,CUST0214,PROD0032,2025-03-22,4,10,41324.44,886.48,Net Banking,Cancelled,Maharashtra,Nagpur
ORD002581,CUST0429,PROD0023,2023-01-22,1,0,18767.33,4350.94,Cash on Delivery,Delivered,Madhya Pradesh,Bhopal
ORD002582,CUST0194,PROD0006,2024-02-16,1,10,10606.83,119.49,UPI,Delivered,Chandigarh,Chandigarh
ORD002583,CUST0322,PROD0006,2024-01-26,1,15,10017.56,-469.78,UPI,Delivered,Bihar,Patna
ORD002584,CUST0157,PROD0030,2025-03-20,5,10,42602.49,-370.71,Net Banking,Returned,Gujarat,Ahmedabad
ORD002585,CUST0557,PROD0016,2023-10-26,4,0,99011.48,23833.24,Debit Card,Delivered,Uttar Pradesh,Kanpur
ORD002586,CUST0343,PROD0024,2023-08-31,1,0,28420.75,7268.64,UPI,Delivered,Rajasthan,Jaipur
ORD002587,CUST0295,PROD0018,2023-04-18,1,10,16111.84,1041.65,UPI,Delivered,Tamil Nadu,Chennai
ORD002588,CUST0548,PROD0034,2023-04-04,3,0,64695.66,8623.02,Credit Card,Delivered,Gujarat,Ahmedabad
ORD002589,CUST0128,PROD0013,2023-06-08,1,0,18263.18,3539.52,Cash on Delivery,Delivered,Assam,Guwahati
ORD002590,CUST0146,PROD0012,2023-05-16,1,0,25181.42,4858.95,Unknown,Cancelled,West Bengal,Kolkata
ORD002591,CUST0582,PROD0025,2023-08-29,4,20,82174.11,222.47,Debit Card,Delivered,Karnataka,Bangalore
ORD002592,CUST0038,PROD0014,2023-03-26,3,5,26877.69,1852.59,Debit Card,Delivered,Delhi,Delhi
ORD002593,CUST0091,PROD0017,2023-10-17,2,10,43649.17,7512.45,UPI,Delivered,Uttar Pradesh,Lucknow
ORD002594,CUST0143,PROD0030,2024-01-19,3,5,26981.58,1197.66,Debit Card,Returned,Karnataka,Bangalore
ORD002595,CUST0246,PROD0032,2023-06-09,3,20,27549.62,-2778.85,Net Banking,Delivered,Tamil Nadu,Chennai
ORD002596,CUST0207,PROD0030,2024-08-01,2,5,17987.72,798.44,Debit Card,Cancelled,Karnataka,Bangalore
ORD002597,CUST0151,PROD0007,2023-11-03,1,0,13618.92,2863.83,Credit Card,Returned,Gujarat,Surat
ORD002598,CUST0318,PROD0006,2023-01-26,1,0,11785.37,1298.03,Debit Card,Returned,Assam,Guwahati
ORD002599,CUST0299,PROD0009,2023-02-25,1,0,25782.26,2696.08,Debit Card,Cancelled,Gujarat,Surat
ORD002600,CUST0559,PROD0004,2024-01-03,1,0,13157.81,1786.67,Debit Card,Cancelled,Uttar Pradesh,Kanpur
ORD002601,CUST0216,PROD0016,2023-10-29,1,10,22277.58,3483.02,Cash on Delivery,Returned,Gujarat,Surat
ORD002602,CUST0298,PROD0003,2024-01-24,1,0,20840.14,2777.27,Debit Card,Returned,Telangana,Hyderabad
ORD002603,CUST0396,PROD0017,2023-11-02,3,15,61836.33,7631.25,Net Banking,Delivered,Gujarat,Surat
ORD002604,CUST0103,PROD0031,2023-12-20,1,0,27024.35,5258.26,Unknown,Delivered,Uttar Pradesh,Kanpur
ORD002605,CUST0017,PROD0022,2025-02-18,1,15,10184.93,901.04,Net Banking,Delivered,Uttar Pradesh,Kanpur
ORD002606,CUST0142,PROD0005,2023-04-24,1,20,8321.27,-251.18,Unknown,Delivered,Gujarat,Surat
ORD002607,CUST0138,PROD0013,2023-07-10,2,30,25568.45,-3878.87,Credit Card,Delivered,Uttar Pradesh,Lucknow
ORD002608,CUST0544,PROD0033,2024-12-09,1,15,14955.32,-929.0,Net Banking,Delivered,Telangana,Hyderabad
ORD002609,CUST0213,PROD0014,2024-07-06,1,10,8487.69,145.99,Cash on Delivery,Delivered,West Bengal,Kolkata
ORD002610,CUST0545,PROD0008,2024-04-09,2,0,21514.36,2611.6,UPI,Returned,Delhi,Delhi
ORD002611,CUST0187,PROD0005,2024-12-09,1,5,9881.51,1309.06,Cash on Delivery,Delivered,Delhi,Delhi
ORD002612,CUST0375,PROD0033,2023-12-29,1,5,16714.77,830.45,UPI,Delivered,Delhi,Delhi
ORD002613,CUST0408,PROD0014,2023-04-19,4,30,26406.16,-6960.64,UPI,Delivered,Tamil Nadu,Chennai
ORD002614,CUST0172,PROD0028,2023-02-27,2,20,12451.55,-1140.61,Cash on Delivery,Delivered,Gujarat,Ahmedabad
ORD002615,CUST0148,PROD0009,2024-03-13,2,10,46408.07,235.71,UPI,Delivered,Karnataka,Bangalore
ORD002616,CUST0050,PROD0029,2024-01-19,1,5,19697.04,2084.98,UPI,Cancelled,Maharashtra,Pune
ORD002617,CUST0369,PROD0019,2024-04-01,1,0,16734.19,2222.91,Net Banking,Delivered,Madhya Pradesh,Indore
ORD002618,CUST0432,PROD0002,2024-01-19,1,5,20041.38,3716.1,Credit Card,Delivered,Maharashtra,Mumbai
ORD002619,CUST0184,PROD0026,2023-08-09,1,10,16055.09,-65.98,Debit Card,Delivered,Madhya Pradesh,Indore
ORD002620,CUST0136,PROD0005,2025-04-14,5,20,41606.36,-1255.89,Net Banking,Delivered,Karnataka,Bangalore
ORD002621,CUST0060,PROD0031,2023-09-11,4,0,108097.4,21033.04,Credit Card,Delivered,Telangana,Hyderabad
ORD002622,CUST0172,PROD0035,2025-06-26,1,0,12543.04,1960.2,Cash on Delivery,Delivered,Gujarat,Ahmedabad
ORD002623,CUST0004,PROD0009,2024-09-27,1,10,23204.03,117.85,Cash on Delivery,Delivered,Kerala,Kochi
ORD002624,CUST0331,PROD0021,2023-08-21,2,10,6701.78,1023.32,Debit Card,Cancelled,Karnataka,Bangalore
ORD002625,CUST0010,PROD0032,2024-06-06,4,0,45916.04,5478.08,UPI,Cancelled,Bihar,Patna
ORD002626,CUST0079,PROD0002,2025-01-09,2,0,42192.38,9541.82,UPI,Returned,Madhya Pradesh,Bhopal
ORD002627,CUST0473,PROD0035,2023-10-14,4,30,35120.51,-7210.85,Cash on Delivery,Delivered,Madhya Pradesh,Bhopal
ORD002628,CUST0053,PROD0014,2024-01-19,1,5,8959.23,617.53,Net Banking,Cancelled,Telangana,Hyderabad
ORD002629,CUST0080,PROD0028,2023-03-21,1,0,7782.22,986.14,UPI,Cancelled,Kerala,Kochi
ORD002630,CUST0312,PROD0014,2024-08-21,2,10,16975.39,291.99,Net Banking,Cancelled,Bihar,Patna
ORD002631,CUST0336,PROD0002,2023-07-11,1,0,21096.19,4770.91,Debit Card,Cancelled,Maharashtra,Pune
ORD002632,CUST0282,PROD0030,2025-06-30,4,0,37868.88,3490.32,Credit Card,Delivered,Maharashtra,Nagpur
ORD002633,CUST0063,PROD0003,2023-12-18,1,10,18756.13,693.26,Credit Card,Delivered,Madhya Pradesh,Indore
ORD002634,CUST0514,PROD0012,2025-07-17,1,30,17626.99,-2695.48,Debit Card,Delivered,Delhi,Delhi
ORD002635,CUST0582,PROD0013,2025-01-06,1,5,17350.02,2626.36,Debit Card,Delivered,Karnataka,Bangalore
ORD002636,CUST0088,PROD0005,2024-05-21,2,10,18722.86,1577.96,Net Banking,Delivered,Uttar Pradesh,Kanpur
ORD002637,CUST0103,PROD0025,2024-02-04,1,15,21827.5,1339.59,Cash on Delivery,Delivered,Uttar Pradesh,Kanpur
ORD002638,CUST0496,PROD0004,2025-05-08,1,20,10526.25,-844.89,Cash on Delivery,Returned,Bihar,Patna
ORD002639,CUST0242,PROD0011,2024-03-01,2,10,5895.92,796.66,Debit Card,Delivered,Kerala,Kochi
ORD002640,CUST0415,PROD0021,2023-01-01,1,0,3723.21,883.98,Cash on Delivery,Delivered,Madhya Pradesh,Bhopal
ORD002641,CUST0399,PROD0018,2024-03-13,5,5,85034.74,9683.79,Credit Card,Returned,Tamil Nadu,Coimbatore
ORD002642,CUST0119,PROD0009,2025-02-20,3,20,61877.42,-7381.12,Credit Card,Delivered,Tamil Nadu,Chennai
ORD002643,CUST0359,PROD0024,2023-09-30,1,0,28420.75,7268.64,Net Banking,Cancelled,Madhya Pradesh,Bhopal
ORD002644,CUST0543,PROD0017,2025-07-04,2,0,48499.08,12362.36,Net Banking,Delivered,Gujarat,Surat
ORD002645,CUST0216,PROD0029,2023-01-01,1,0,20733.73,3121.67,Credit Card,Delivered,Gujarat,Surat
ORD002646,CUST0071,PROD0025,2025-05-29,1,5,24395.44,3907.53,Net Banking,Delivered,Tamil Nadu,Chennai
ORD002647,CUST0003,PROD0033,2024-03-30,1,5,16714.77,830.45,Credit Card,Cancelled,Gujarat,Ahmedabad
ORD002648,CUST0059,PROD0009,2024-07-17,2,0,51564.52,5392.16,Cash on Delivery,Delivered,Maharashtra,Mumbai
ORD002649,CUST0311,PROD0022,2025-03-01,2,0,23964.54,5396.76,UPI,Returned,Uttar Pradesh,Kanpur
ORD002650,CUST0475,PROD0002,2023-12-25,1,20,16876.95,551.67,Net Banking,Delivered,Maharashtra,Pune
ORD002651,CUST0279,PROD0021,2023-11-28,2,10,6701.78,1023.32,Debit Card,Delivered,Rajasthan,Jaipur
ORD002652,CUST0269,PROD0013,2024-08-18,2,10,32873.72,3426.4,Credit Card,Returned,Maharashtra,Pune
ORD002653,CUST0260,PROD0023,2024-07-05,2,5,35657.93,6825.15,Unknown,Cancelled,Madhya Pradesh,Indore
ORD002654,CUST0346,PROD0012,2024-04-25,1,0,25181.42,4858.95,Debit Card,Cancelled,Tamil Nadu,Chennai
ORD002655,CUST0171,PROD0017,2023-02-12,2,5,46074.13,9937.41,Net Banking,Delivered,Uttar Pradesh,Kanpur
ORD002656,CUST0099,PROD0005,2024-11-27,1,10,9361.43,788.98,UPI,Delivered,Assam,Guwahati
ORD002657,CUST0349,PROD0025,2024-06-14,1,5,24395.44,3907.53,Cash on Delivery,Delivered,Chandigarh,Chandigarh
ORD002658,CUST0141,PROD0028,2023-10-11,1,5,7393.11,597.03,Net Banking,Cancelled,Maharashtra,Nagpur
ORD002659,CUST0060,PROD0013,2024-01-08,1,0,18263.18,3539.52,Credit Card,Delivered,Telangana,Hyderabad
ORD002660,CUST0439,PROD0026,2023-04-26,1,20,14271.19,-1849.88,Credit Card,Returned,Madhya Pradesh,Bhopal
ORD002661,CUST0132,PROD0020,2023-05-12,1,0,19040.21,2570.31,Debit Card,Cancelled,Karnataka,Bangalore
ORD002662,CUST0333,PROD0022,2024-06-08,1,0,11982.27,2698.38,Debit Card,Delivered,Maharashtra,Pune
ORD002663,CUST0008,PROD0031,2023-09-21,1,5,25673.13,3907.04,Debit Card,Delivered,Kerala,Kochi
ORD002664,CUST0251,PROD0003,2024-02-11,4,0,83360.56,11109.08,UPI,Cancelled,Maharashtra,Pune
ORD002665,CUST0523,PROD0007,2024-07-29,4,10,49028.11,6007.75,UPI,Delivered,Rajasthan,Jaipur
ORD002666,CUST0015,PROD0015,2025-06-20,1,15,9619.55,682.64,UPI,Delivered,Uttar Pradesh,Lucknow
ORD002667,CUST0365,PROD0003,2023-10-27,2,0,41680.28,5554.54,Cash on Delivery,Cancelled,Delhi,Delhi
ORD002668,CUST0564,PROD0031,2024-10-04,2,0,54048.7,10516.52,Debit Card,Delivered,Tamil Nadu,Coimbatore
ORD002669,CUST0552,PROD0003,2023-11-19,1,20,16672.11,-1390.76,Net Banking,Cancelled,Telangana,Hyderabad
ORD002670,CUST0165,PROD0028,2023-09-04,2,5,14786.22,1194.06,Debit Card,Delivered,Gujarat,Ahmedabad
ORD002671,CUST0453,PROD0031,2024-12-10,4,10,97287.66,10223.3,Net Banking,Delivered,Kerala,Kochi
ORD002672,CUST0295,PROD0011,2024-03-02,3,5,9335.2,1686.31,Credit Card,Delivered,Tamil Nadu,Chennai
ORD002673,CUST0593,PROD0010,2023-08-20,5,10,105240.28,1142.63,Debit Card,Delivered,Karnataka,Bangalore
ORD002674,CUST0122,PROD0033,2025-07-15,3,10,47505.12,-147.84,UPI,Delivered,Kerala,Kochi
ORD002675,CUST0475,PROD0024,2023-11-18,1,5,26999.71,5847.6,Net Banking,Delivered,Maharashtra,Pune
ORD002676,CUST0535,PROD0011,2024-03-09,2,5,6223.47,1124.21,Debit Card,Delivered,Rajasthan,Jaipur
ORD002677,CUST0295,PROD0010,2024-07-18,3,0,70160.19,7701.6,Cash on Delivery,Delivered,Tamil Nadu,Chennai
ORD002678,CUST0419,PROD0030,2023-01-15,1,15,8047.14,-547.5,UPI,Returned,Uttar Pradesh,Lucknow
ORD002679,CUST0324,PROD0011,2024-10-13,4,10,11791.84,1593.32,Credit Card,Delivered,Madhya Pradesh,Bhopal
ORD002680,CUST0199,PROD0022,2024-08-31,2,20,19171.63,603.85,Credit Card,Delivered,Tamil Nadu,Coimbatore
ORD002681,CUST0318,PROD0032,2023-01-02,1,0,11479.01,1369.52,Net Banking,Delivered,Assam,Guwahati
ORD002682,CUST0552,PROD0013,2024-03-24,1,0,18263.18,3539.52,Cash on Delivery,Delivered,Telangana,Hyderabad
ORD002683,CUST0164,PROD0027,2025-04-29,3,10,82026.57,12313.35,Net Banking,Delivered,Delhi,Delhi
ORD002684,CUST0343,PROD0001,2024-09-25,1,5,21943.22,4354.0,Credit Card,Delivered,Rajasthan,Jaipur
ORD002685,CUST0531,PROD0020,2024-01-25,1,10,17136.19,666.29,Net Banking,Cancelled,Kerala,Kochi
ORD002686,CUST0500,PROD0030,2025-04-23,2,0,18934.44,1745.16,Net Banking,Delivered,West Bengal,Kolkata
ORD002687,CUST0441,PROD0001,2024-10-24,1,30,16168.69,-1420.53,Credit Card,Delivered,Gujarat,Ahmedabad
ORD002688,CUST0457,PROD0004,2024-12-19,3,10,35526.09,1412.67,Net Banking,Delivered,Madhya Pradesh,Indore
ORD002689,CUST0272,PROD0021,2024-05-21,2,5,7074.1,1395.64,UPI,Delivered,Maharashtra,Nagpur
ORD002690,CUST0264,PROD0008,2025-01-11,1,30,7530.03,-1921.35,Net Banking,Delivered,Assam,Guwahati
ORD002691,CUST0160,PROD0035,2024-09-03,5,0,62715.2,9801.0,Net Banking,Returned,Rajasthan,Jaipur
ORD002692,CUST0553,PROD0001,2023-03-15,1,5,21943.22,4354.0,UPI,Delivered,Tamil Nadu,Coimbatore
ORD002693,CUST0430,PROD0004,2023-01-30,1,0,13157.81,1786.67,Net Banking,Delivered,Tamil Nadu,Coimbatore
ORD002694,CUST0354,PROD0031,2025-02-22,3,20,64858.44,-439.83,Net Banking,Cancelled,Delhi,Delhi
ORD002695,CUST0163,PROD0002,2024-09-24,2,0,42192.38,9541.82,Cash on Delivery,Delivered,Madhya Pradesh,Indore
ORD002696,CUST0386,PROD0030,2024-09-25,1,20,7573.78,-1020.86,UPI,Delivered,Maharashtra,Pune
ORD002697,CUST0370,PROD0027,2023-11-29,2,0,60760.42,14284.94,Debit Card,Returned,Tamil Nadu,Coimbatore
ORD002698,CUST0144,PROD0031,2025-02-04,1,15,22970.7,1204.61,Net Banking,Delivered,Tamil Nadu,Coimbatore
ORD002699,CUST0383,PROD0005,2025-02-18,1,0,10401.59,1829.14,Credit Card,Delivered,Delhi,Delhi
ORD002700,CUST0572,PROD0025,2023-12-04,1,15,21827.5,1339.59,Net Banking,Delivered,Tamil Nadu,Coimbatore
ORD002701,CUST0170,PROD0009,2023-06-16,1,5,24493.15,1406.97,Cash on Delivery,Delivered,Gujarat,Ahmedabad
ORD002702,CUST0406,PROD0012,2024-12-24,1,10,22663.28,2340.81,Cash on Delivery,Cancelled,Tamil Nadu,Chennai
ORD002703,CUST0299,PROD0018,2024-10-18,1,10,16111.84,1041.65,UPI,Delivered,Gujarat,Surat
ORD002704,CUST0111,PROD0008,2023-01-08,3,0,32271.54,3917.4,Debit Card,Returned,Rajasthan,Jaipur
ORD002705,CUST0068,PROD0018,2024-03-11,4,15,60866.97,586.21,UPI,Cancelled,Gujarat,Surat
ORD002706,CUST0294,PROD0011,2025-05-31,2,5,6223.47,1124.21,Cash on Delivery,Delivered,Rajasthan,Jaipur
ORD002707,CUST0229,PROD0024,2024-02-23,1,0,28420.75,7268.64,Net Banking,Cancelled,Maharashtra,Pune
ORD002708,CUST0418,PROD0004,2023-07-28,3,0,39473.43,5360.01,Unknown,Delivered,Karnataka,Bangalore
ORD002709,CUST0502,PROD0032,2023-01-19,1,0,11479.01,1369.52,Credit Card,Returned,Maharashtra,Nagpur
ORD002710,CUST0199,PROD0006,2023-09-22,4,0,47141.48,5192.12,Cash on Delivery,Delivered,Tamil Nadu,Coimbatore
ORD002711,CUST0432,PROD0025,2025-05-17,1,0,25679.41,5191.5,UPI,Delivered,Maharashtra,Mumbai
ORD002712,CUST0236,PROD0034,2023-12-04,1,0,21565.22,2874.34,Credit Card,Delivered,Telangana,Hyderabad
ORD002713,CUST0018,PROD0034,2023-03-26,1,10,19408.7,717.82,Net Banking,Delivered,Delhi,Delhi
ORD002714,CUST0193,PROD0020,2024-07-31,1,10,17136.19,666.29,UPI,Delivered,Rajasthan,Jaipur
ORD002715,CUST0203,PROD0034,2023-10-13,1,5,20486.96,1796.08,Net Banking,Returned,Delhi,Delhi
ORD002716,CUST0306,PROD0006,2024-11-07,1,10,10606.83,119.49,Cash on Delivery,Cancelled,Uttar Pradesh,Kanpur
ORD002717,CUST0066,PROD0001,2023-08-09,4,0,92392.52,22035.64,Net Banking,Cancelled,Tamil Nadu,Chennai
ORD002718,CUST0334,PROD0015,2024-04-10,1,10,10185.41,1248.5,Debit Card,Delivered,Madhya Pradesh,Bhopal
ORD002719,CUST0230,PROD0034,2023-12-08,1,10,19408.7,717.82,Debit Card,Delivered,Tamil Nadu,Coimbatore
ORD002720,CUST0575,PROD0028,2023-09-22,1,0,7782.22,986.14,Cash on Delivery,Returned,Tamil Nadu,Chennai
ORD002721,CUST0402,PROD0017,2025-05-02,1,0,24249.54,6181.18,Credit Card,Delivered,Karnataka,Bangalore
ORD002722,CUST0465,PROD0014,2024-10-27,5,5,44796.16,3087.66,Debit Card,Delivered,Bihar,Patna
ORD002723,CUST0294,PROD0035,2023-07-16,4,5,47663.55,5332.19,Net Banking,Delivered,Rajasthan,Jaipur
ORD002724,CUST0392,PROD0034,2023-07-04,1,5,20486.96,1796.08,Debit Card,Delivered,Tamil Nadu,Chennai
ORD002725,CUST0069,PROD0026,2025-02-12,2,10,32110.18,-131.96,Credit Card,Delivered,Chandigarh,Chandigarh
ORD002726,CUST0415,PROD0023,2024-01-09,2,0,37534.66,8701.88,Net Banking,Delivered,Madhya Pradesh,Bhopal
ORD002727,CUST0353,PROD0006,2025-03-30,1,5,11196.1,708.76,Debit Card,Returned,Kerala,Kochi
ORD002728,CUST0542,PROD0035,2024-06-20,1,15,10661.58,78.74,UPI,Delivered,Bihar,Patna
ORD002729,CUST0427,PROD0033,2024-04-10,2,0,35188.98,3420.34,Cash on Delivery,Delivered,Kerala,Kochi
ORD002730,CUST0506,PROD0012,2024-06-03,1,0,25181.42,4858.95,Unknown,Cancelled,Assam,Guwahati
ORD002731,CUST0170,PROD0025,2024-09-13,1,15,21827.5,1339.59,UPI,Delivered,Gujarat,Ahmedabad
ORD002732,CUST0020,PROD0021,2024-06-16,2,0,7446.42,1767.96,Debit Card,Delivered,Maharashtra,Nagpur
ORD002733,CUST0520,PROD0025,2024-10-04,3,0,77038.23,15574.5,Cash on Delivery,Returned,Kerala,Kochi
ORD002734,CUST0385,PROD0015,2024-06-16,2,20,18107.39,233.57,Credit Card,Delivered,Bihar,Patna
ORD002735,CUST0511,PROD0013,2023-03-03,2,15,31047.41,1600.09,Net Banking,Cancelled,Uttar Pradesh,Kanpur
ORD002736,CUST0253,PROD0026,2023-05-01,1,10,16055.09,-65.98,Net Banking,Delivered,Maharashtra,Pune
ORD002737,CUST0357,PROD0034,2023-03-03,2,5,40973.92,3592.16,UPI,Returned,Madhya Pradesh,Bhopal
ORD002738,CUST0021,PROD0016,2023-09-02,4,5,94060.91,18882.67,Net Banking,Delivered,Gujarat,Surat
ORD002739,CUST0155,PROD0021,2024-06-20,1,0,3723.21,883.98,UPI,Cancelled,Gujarat,Ahmedabad
ORD002740,CUST0589,PROD0026,2023-08-03,1,5,16947.04,825.97,UPI,Delivered,Madhya Pradesh,Bhopal
ORD002741,CUST0583,PROD0032,2024-05-07,3,5,32715.18,2386.71,Cash on Delivery,Returned,Uttar Pradesh,Kanpur
ORD002742,CUST0211,PROD0018,2025-01-06,1,10,16111.84,1041.65,Net Banking,Cancelled,Madhya Pradesh,Indore
ORD002743,CUST0128,PROD0023,2023-06-30,1,0,18767.33,4350.94,Unknown,Delivered,Assam,Guwahati
ORD002744,CUST0038,PROD0007,2024-09-30,2,20,21790.27,280.09,Cash on Delivery,Delivered,Delhi,Delhi
ORD002745,CUST0331,PROD0020,2025-07-23,1,20,15232.17,-1237.73,Credit Card,Cancelled,Karnataka,Bangalore
ORD002746,CUST0232,PROD0007,2024-10-14,1,5,12937.97,2182.88,Cash on Delivery,Delivered,Assam,Guwahati
ORD002747,CUST0055,PROD0034,2024-05-17,4,0,86260.88,11497.36,Debit Card,Cancelled,Madhya Pradesh,Indore
ORD002748,CUST0056,PROD0020,2023-08-27,1,0,19040.21,2570.31,Credit Card,Delivered,Maharashtra,Nagpur
ORD002749,CUST0250,PROD0020,2024-06-11,1,10,17136.19,666.29,UPI,Delivered,Chandigarh,Chandigarh
ORD002750,CUST0478,PROD0005,2024-03-03,1,0,10401.59,1829.14,UPI,Delivered,Telangana,Hyderabad
ORD002751,CUST0106,PROD0010,2025-06-02,5,0,116933.65,12836.0,Credit Card,Returned,Telangana,Hyderabad
ORD002752,CUST0256,PROD0009,2024-08-26,1,0,25782.26,2696.08,Debit Card,Delivered,Maharashtra,Pune
ORD002753,CUST0063,PROD0028,2025-06-07,1,10,7004.0,207.92,Credit Card,Cancelled,Madhya Pradesh,Indore
ORD002754,CUST0001,PROD0029,2023-02-18,1,10,18660.36,1048.3,Debit Card,Delivered,Telangana,Hyderabad
ORD002755,CUST0369,PROD0004,2025-06-03,2,20,21052.5,-1689.78,Debit Card,Delivered,Madhya Pradesh,Indore
ORD002756,CUST0372,PROD0018,2024-02-12,3,20,42964.92,-2245.65,Debit Card,Cancelled,Bihar,Patna
ORD002757,CUST0597,PROD0031,2025-07-26,1,15,22970.7,1204.61,Cash on Delivery,Delivered,Uttar Pradesh,Lucknow
ORD002758,CUST0076,PROD0018,2023-09-16,1,10,16111.84,1041.65,Cash on Delivery,Delivered,Gujarat,Surat
ORD002759,CUST0440,PROD0012,2024-10-02,1,10,22663.28,2340.81,Credit Card,Delivered,Maharashtra,Pune
ORD002760,CUST0282,PROD0032,2024-03-15,1,0,11479.01,1369.52,Cash on Delivery,Cancelled,Maharashtra,Nagpur
ORD002761,CUST0247,PROD0009,2023-12-07,2,0,51564.52,5392.16,Cash on Delivery,Cancelled,Madhya Pradesh,Bhopal
ORD002762,CUST0532,PROD0033,2024-12-15,2,30,24632.29,-7136.35,Cash on Delivery,Returned,Maharashtra,Nagpur
ORD002763,CUST0326,PROD0031,2025-04-12,2,5,51346.26,7814.08,UPI,Delivered,Uttar Pradesh,Kanpur
ORD002764,CUST0422,PROD0009,2023-07-31,2,30,36095.16,-10077.2,Cash on Delivery,Delivered,Kerala,Kochi
ORD002765,CUST0272,PROD0019,2023-09-19,1,0,16734.19,2222.91,Debit Card,Delivered,Maharashtra,Nagpur
ORD002766,CUST0032,PROD0022,2024-01-31,1,30,8387.59,-896.3,Cash on Delivery,Delivered,Karnataka,Bangalore
ORD002767,CUST0033,PROD0011,2024-02-27,3,5,9335.2,1686.31,Debit Card,Delivered,Tamil Nadu,Chennai
ORD002768,CUST0163,PROD0031,2023-01-05,1,15,22970.7,1204.61,Cash on Delivery,Delivered,Madhya Pradesh,Indore
ORD002769,CUST0305,PROD0018,2023-07-03,1,15,15216.74,146.55,Net Banking,Returned,Assam,Guwahati
ORD002770,CUST0589,PROD0029,2023-03-19,1,15,17623.67,11.61,Cash on Delivery,Delivered,Madhya Pradesh,Bhopal
ORD002771,CUST0107,PROD0031,2024-06-22,1,10,24321.92,2555.83,Credit Card,Delivered,Uttar Pradesh,Lucknow
ORD002772,CUST0449,PROD0014,2023-01-24,4,15,32064.62,-1302.18,Credit Card,Returned,Assam,Guwahati
ORD002773,CUST0538,PROD0015,2024-11-25,3,5,32253.79,5443.06,Debit Card,Delivered,Tamil Nadu,Coimbatore
ORD002774,CUST0568,PROD0014,2025-07-10,2,5,17918.46,1235.06,Debit Card,Delivered,Kerala,Kochi
ORD002775,CUST0549,PROD0001,2024-02-04,1,20,18478.5,889.28,Debit Card,Delivered,Uttar Pradesh,Kanpur
ORD002776,CUST0294,PROD0029,2023-03-12,2,0,41467.46,6243.34,Credit Card,Cancelled,Rajasthan,Jaipur
ORD002777,CUST0015,PROD0031,2023-08-24,1,0,27024.35,5258.26,UPI,Returned,Uttar Pradesh,Lucknow
ORD002778,CUST0420,PROD0008,2023-06-04,1,0,10757.18,1305.8,UPI,Delivered,Maharashtra,Nagpur
ORD002779,CUST0258,PROD0033,2023-10-20,2,0,35188.98,3420.34,Debit Card,Delivered,Karnataka,Bangalore
ORD002780,CUST0455,PROD0022,2024-08-12,1,0,11982.27,2698.38,UPI,Delivered,Maharashtra,Pune
ORD002781,CUST0531,PROD0021,2023-04-02,2,10,6701.78,1023.32,UPI,Delivered,Kerala,Kochi
ORD002782,CUST0581,PROD0025,2024-03-28,5,10,115557.34,13117.79,UPI,Delivered,Madhya Pradesh,Indore
ORD002783,CUST0063,PROD0008,2025-01-31,5,15,45718.02,-1538.88,Net Banking,Returned,Madhya Pradesh,Indore
ORD002784,CUST0158,PROD0010,2024-07-12,5,10,105240.28,1142.63,Credit Card,Delivered,Tamil Nadu,Coimbatore
ORD002785,CUST0477,PROD0026,2024-08-12,1,20,14271.19,-1849.88,UPI,Cancelled,Karnataka,Bangalore
ORD002786,CUST0549,PROD0003,2023-11-11,1,0,20840.14,2777.27,Credit Card,Returned,Uttar Pradesh,Kanpur
ORD002787,CUST0340,PROD0025,2023-08-24,2,0,51358.82,10383.0,UPI,Delivered,Madhya Pradesh,Indore
ORD002788,CUST0289,PROD0015,2023-04-12,1,15,9619.55,682.64,Net Banking,Delivered,Maharashtra,Pune
ORD002789,CUST0451,PROD0011,2023-08-13,2,0,6551.02,1451.76,Cash on Delivery,Delivered,Bihar,Patna
ORD002790,CUST0386,PROD0028,2023-11-18,1,20,6225.78,-570.3,Cash on Delivery,Returned,Maharashtra,Pune
ORD002791,CUST0356,PROD0032,2023-02-21,2,0,22958.02,2739.04,Debit Card,Returned,Gujarat,Ahmedabad
ORD002792,CUST0080,PROD0014,2023-11-11,3,0,28292.31,3267.21,Debit Card,Cancelled,Kerala,Kochi
ORD002793,CUST0279,PROD0018,2025-01-18,1,20,14321.64,-748.55,Net Banking,Delivered,Rajasthan,Jaipur
ORD002794,CUST0091,PROD0005,2025-06-07,3,10,28084.29,2366.94,Credit Card,Delivered,Uttar Pradesh,Lucknow
ORD002795,CUST0356,PROD0035,2024-12-31,3,5,35747.66,3999.14,Debit Card,Returned,Gujarat,Ahmedabad
ORD002796,CUST0575,PROD0010,2024-08-06,1,5,22217.39,1397.86,Cash on Delivery,Delivered,Tamil Nadu,Chennai
ORD002797,CUST0114,PROD0034,2024-12-20,1,5,20486.96,1796.08,UPI,Delivered,Kerala,Kochi
ORD002798,CUST0535,PROD0012,2024-08-12,1,5,23922.35,3599.88,Debit Card,Delivered,Rajasthan,Jaipur
ORD002799,CUST0356,PROD0031,2024-06-29,1,15,22970.7,1204.61,Cash on Delivery,Delivered,Gujarat,Ahmedabad
ORD002800,CUST0006,PROD0007,2023-03-22,4,0,54475.68,11455.32,Credit Card,Delivered,Karnataka,Bangalore
ORD002801,CUST0308,PROD0009,2023-02-27,2,0,51564.52,5392.16,UPI,Cancelled,Uttar Pradesh,Lucknow
ORD002802,CUST0181,PROD0026,2023-02-01,2,15,30326.28,-1915.86,Debit Card,Delivered,Tamil Nadu,Chennai
ORD002803,CUST0106,PROD0035,2023-10-23,1,20,10034.43,-548.41,Debit Card,Delivered,Telangana,Hyderabad
ORD002804,CUST0177,PROD0027,2025-03-09,3,10,82026.57,12313.35,Credit Card,Delivered,Kerala,Kochi
ORD002805,CUST0091,PROD0035,2023-03-03,1,0,12543.04,1960.2,Credit Card,Delivered,Uttar Pradesh,Lucknow
ORD002806,CUST0548,PROD0011,2023-05-01,1,5,3111.73,562.1,Credit Card,Delivered,Gujarat,Ahmedabad
ORD002807,CUST0572,PROD0004,2025-05-15,3,0,39473.43,5360.01,Credit Card,Delivered,Tamil Nadu,Coimbatore
ORD002808,CUST0569,PROD0031,2024-02-21,5,0,135121.75,26291.3,Debit Card,Delivered,West Bengal,Kolkata
ORD002809,CUST0392,PROD0018,2023-10-11,1,0,17902.05,2831.86,Debit Card,Delivered,Tamil Nadu,Chennai
ORD002810,CUST0192,PROD0018,2024-08-12,2,5,34013.89,3873.51,Credit Card,Returned,Rajasthan,Jaipur
ORD002811,CUST0412,PROD0029,2023-03-03,1,15,17623.67,11.61,Credit Card,Delivered,Uttar Pradesh,Lucknow
ORD002812,CUST0185,PROD0026,2024-09-30,1,0,17838.99,1717.92,Net Banking,Returned,Maharashtra,Pune
ORD002813,CUST0290,PROD0001,2024-06-10,1,15,19633.41,2044.19,Credit Card,Delivered,Maharashtra,Mumbai
ORD002814,CUST0193,PROD0002,2023-10-05,1,30,14767.33,-1557.95,Debit Card,Cancelled,Rajasthan,Jaipur
ORD002815,CUST0538,PROD0007,2023-12-26,1,15,11576.08,820.99,Credit Card,Delivered,Tamil Nadu,Coimbatore
ORD002816,CUST0065,PROD0028,2023-04-01,1,0,7782.22,986.14,Cash on Delivery,Delivered,Rajasthan,Jaipur
ORD002817,CUST0133,PROD0021,2024-12-09,2,0,7446.42,1767.96,Net Banking,Delivered,Maharashtra,Pune
ORD002818,CUST0203,PROD0024,2023-08-08,2,0,56841.5,14537.28,Cash on Delivery,Delivered,Delhi,Delhi
ORD002819,CUST0275,PROD0005,2024-07-18,4,0,41606.36,7316.56,Debit Card,Delivered,Maharashtra,Nagpur
ORD002820,CUST0224,PROD0011,2024-09-13,3,0,9826.53,2177.64,Net Banking,Delivered,Gujarat,Surat
ORD002821,CUST0041,PROD0015,2023-01-10,1,10,10185.41,1248.5,Credit Card,Delivered,West Bengal,Kolkata
ORD002822,CUST0323,PROD0008,2023-12-28,4,0,43028.72,5223.2,Cash on Delivery,Delivered,Maharashtra,Nagpur
ORD002823,CUST0491,PROD0030,2025-01-19,1,0,9467.22,872.58,Net Banking,Cancelled,Bihar,Patna
ORD002824,CUST0302,PROD0002,2025-04-08,2,10,37973.14,5322.58,Net Banking,Returned,Maharashtra,Pune
ORD002825,CUST0401,PROD0034,2024-08-06,1,0,21565.22,2874.34,Debit Card,Returned,Tamil Nadu,Coimbatore
ORD002826,CUST0231,PROD0003,2023-11-16,2,5,39596.27,3470.53,Debit Card,Delivered,Karnataka,Bangalore
ORD002827,CUST0181,PROD0018,2025-06-02,1,20,14321.64,-748.55,Cash on Delivery,Delivered,Tamil Nadu,Chennai
ORD002828,CUST0161,PROD0009,2025-01-07,1,5,24493.15,1406.97,Cash on Delivery,Delivered,Rajasthan,Jaipur
ORD002829,CUST0056,PROD0025,2024-03-03,1,0,25679.41,5191.5,Unknown,Cancelled,Maharashtra,Nagpur
ORD002830,CUST0449,PROD0024,2023-11-06,4,20,90946.4,6337.96,Cash on Delivery,Returned,Assam,Guwahati
ORD002831,CUST0526,PROD0005,2023-07-01,1,30,7281.11,-1291.34,Credit Card,Delivered,Uttar Pradesh,Lucknow
ORD002832,CUST0322,PROD0025,2023-04-07,2,15,43655.0,2679.18,UPI,Delivered,Bihar,Patna
ORD002833,CUST0128,PROD0012,2024-07-14,1,15,21404.21,1081.74,Net Banking,Delivered,Assam,Guwahati
ORD002834,CUST0583,PROD0003,2023-03-05,1,5,19798.13,1735.26,Credit Card,Returned,Uttar Pradesh,Kanpur
ORD002835,CUST0355,PROD0009,2025-01-13,1,0,25782.26,2696.08,UPI,Delivered,Kerala,Kochi
ORD002836,CUST0359,PROD0034,2023-07-02,1,20,17252.18,-1438.7,UPI,Delivered,Madhya Pradesh,Bhopal
ORD002837,CUST0445,PROD0022,2024-06-23,2,0,23964.54,5396.76,Debit Card,Cancelled,Madhya Pradesh,Indore
ORD002838,CUST0317,PROD0022,2024-08-23,1,0,11982.27,2698.38,Net Banking,Delivered,Bihar,Patna
ORD002839,CUST0117,PROD0033,2023-08-30,1,0,17594.49,1710.17,Net Banking,Delivered,Madhya Pradesh,Bhopal
ORD002840,CUST0242,PROD0034,2024-02-01,2,15,36660.87,-720.89,Credit Card,Returned,Kerala,Kochi
ORD002841,CUST0384,PROD0025,2024-11-13,2,0,51358.82,10383.0,Debit Card,Delivered,Gujarat,Surat
ORD002842,CUST0451,PROD0023,2024-02-23,2,0,37534.66,8701.88,Debit Card,Delivered,Bihar,Patna
ORD002843,CUST0488,PROD0029,2023-08-18,3,10,55981.07,3144.89,Cash on Delivery,Delivered,Maharashtra,Nagpur
ORD002844,CUST0226,PROD0012,2025-01-20,1,0,25181.42,4858.95,Cash on Delivery,Delivered,Maharashtra,Pune
ORD002845,CUST0279,PROD0032,2023-02-26,1,20,9183.21,-926.28,Credit Card,Delivered,Rajasthan,Jaipur
ORD002846,CUST0102,PROD0013,2023-10-21,1,0,18263.18,3539.52,Cash on Delivery,Delivered,Telangana,Hyderabad
ORD002847,CUST0494,PROD0014,2024-02-15,2,0,18861.54,2178.14,Credit Card,Delivered,Bihar,Patna
ORD002848,CUST0254,PROD0024,2025-06-23,1,0,28420.75,7268.64,Debit Card,Delivered,Uttar Pradesh,Lucknow
ORD002849,CUST0548,PROD0011,2024-12-11,1,0,3275.51,725.88,Credit Card,Returned,Gujarat,Ahmedabad
ORD002850,CUST0578,PROD0018,2023-10-21,1,0,17902.05,2831.86,Net Banking,Delivered,Maharashtra,Pune
ORD002851,CUST0136,PROD0009,2025-04-13,1,30,18047.58,-5038.6,Credit Card,Delivered,Karnataka,Bangalore
ORD002852,CUST0519,PROD0016,2024-12-31,1,10,22277.58,3483.02,Net Banking,Delivered,Tamil Nadu,Chennai
ORD002853,CUST0292,PROD0005,2023-05-19,3,0,31204.77,5487.42,UPI,Returned,Telangana,Hyderabad
ORD002854,CUST0507,PROD0017,2023-10-18,2,5,46074.13,9937.41,Credit Card,Delivered,Delhi,Delhi
ORD002855,CUST0401,PROD0002,2023-11-20,1,5,20041.38,3716.1,Net Banking,Delivered,Tamil Nadu,Coimbatore
ORD002856,CUST0223,PROD0006,2023-12-14,1,10,10606.83,119.49,Net Banking,Returned,Tamil Nadu,Chennai
ORD002857,CUST0357,PROD0022,2023-01-08,1,0,11982.27,2698.38,Unknown,Delivered,Madhya Pradesh,Bhopal
ORD002858,CUST0299,PROD0032,2024-07-06,2,0,22958.02,2739.04,Cash on Delivery,Delivered,Gujarat,Surat
ORD002859,CUST0002,PROD0004,2024-09-30,1,5,12499.92,1128.78,Cash on Delivery,Delivered,Rajasthan,Jaipur
ORD002860,CUST0377,PROD0014,2023-02-23,5,0,47153.85,5445.35,Net Banking,Delivered,West Bengal,Kolkata
ORD002861,CUST0045,PROD0009,2024-04-22,1,0,25782.26,2696.08,UPI,Returned,Bihar,Patna
ORD002862,CUST0019,PROD0010,2025-02-25,1,0,23386.73,2567.2,Cash on Delivery,Returned,Kerala,Kochi
ORD002863,CUST0300,PROD0013,2025-03-19,1,5,17350.02,2626.36,Net Banking,Cancelled,Maharashtra,Nagpur
ORD002864,CUST0156,PROD0028,2024-02-02,1,5,7393.11,597.03,UPI,Delivered,Telangana,Hyderabad
ORD002865,CUST0560,PROD0022,2023-07-04,3,5,34149.47,6297.8,Cash on Delivery,Delivered,Rajasthan,Jaipur
ORD002866,CUST0346,PROD0006,2023-07-08,2,0,23570.74,2596.06,Debit Card,Delivered,Tamil Nadu,Chennai
ORD002867,CUST0373,PROD0034,2025-05-05,2,0,43130.44,5748.68,Credit Card,Delivered,Assam,Guwahati
ORD002868,CUST0277,PROD0028,2025-01-09,1,5,7393.11,597.03,Debit Card,Delivered,Madhya Pradesh,Indore
ORD002869,CUST0103,PROD0035,2023-11-18,1,0,12543.04,1960.2,Debit Card,Delivered,Uttar Pradesh,Kanpur
ORD002870,CUST0441,PROD0018,2024-09-21,2,5,34013.89,3873.51,Credit Card,Delivered,Gujarat,Ahmedabad
ORD002871,CUST0136,PROD0035,2024-10-16,1,5,11915.89,1333.05,Credit Card,Delivered,Karnataka,Bangalore
ORD002872,CUST0259,PROD0010,2025-07-13,2,5,44434.79,2795.73,Debit Card,Delivered,Uttar Pradesh,Lucknow
ORD002873,CUST0223,PROD0018,2024-07-18,5,10,80559.23,5208.28,Cash on Delivery,Delivered,Tamil Nadu,Chennai
ORD002874,CUST0595,PROD0011,2023-11-08,2,0,6551.02,1451.76,Debit Card,Delivered,Rajasthan,Jaipur
ORD002875,CUST0209,PROD0009,2024-06-28,1,10,23204.03,117.85,UPI,Returned,Telangana,Hyderabad
ORD002876,CUST0370,PROD0020,2025-06-26,1,30,13328.15,-3141.75,Debit Card,Delivered,Tamil Nadu,Coimbatore
ORD002877,CUST0082,PROD0015,2024-08-03,4,10,40741.63,4993.99,Net Banking,Delivered,Kerala,Kochi
ORD002878,CUST0576,PROD0002,2024-01-30,1,30,14767.33,-1557.95,UPI,Delivered,Maharashtra,Mumbai
ORD002879,CUST0556,PROD0004,2023-06-02,3,5,37499.76,3386.34,Credit Card,Delivered,Bihar,Patna
ORD002880,CUST0101,PROD0002,2024-03-03,2,30,29534.67,-3115.89,Cash on Delivery,Cancelled,Madhya Pradesh,Indore
ORD002881,CUST0586,PROD0035,2025-01-13,1,15,10661.58,78.74,UPI,Returned,Delhi,Delhi
ORD002882,CUST0080,PROD0022,2023-02-09,1,5,11383.16,2099.27,Debit Card,Delivered,Kerala,Kochi
ORD002883,CUST0466,PROD0021,2023-07-26,2,15,6329.46,651.0,Cash on Delivery,Delivered,Gujarat,Ahmedabad
ORD002884,CUST0066,PROD0006,2023-01-04,2,10,21213.67,238.99,Debit Card,Delivered,Tamil Nadu,Chennai
ORD002885,CUST0506,PROD0015,2023-07-30,1,5,10751.26,1814.35,Net Banking,Delivered,Assam,Guwahati
ORD002886,CUST0013,PROD0023,2023-08-05,2,0,37534.66,8701.88,Unknown,Delivered,Uttar Pradesh,Lucknow
ORD002887,CUST0277,PROD0008,2024-08-10,2,10,19362.92,460.16,Credit Card,Delivered,Madhya Pradesh,Indore
ORD002888,CUST0365,PROD0004,2023-08-14,1,10,11842.03,470.89,UPI,Delivered,Delhi,Delhi
ORD002889,CUST0505,PROD0001,2024-11-22,2,10,41576.63,6398.19,Net Banking,Cancelled,Maharashtra,Nagpur
ORD002890,CUST0343,PROD0030,2025-06-16,2,10,17041.0,-148.28,Cash on Delivery,Delivered,Rajasthan,Jaipur
ORD002891,CUST0101,PROD0025,2023-11-09,1,20,20543.53,55.62,Debit Card,Delivered,Madhya Pradesh,Indore
ORD002892,CUST0059,PROD0018,2024-11-28,1,0,17902.05,2831.86,Credit Card,Delivered,Maharashtra,Mumbai
ORD002893,CUST0084,PROD0016,2023-07-13,1,10,22277.58,3483.02,Cash on Delivery,Delivered,Madhya Pradesh,Indore
ORD002894,CUST0504,PROD0010,2023-06-23,2,10,42096.11,457.05,Net Banking,Delivered,Gujarat,Surat
ORD002895,CUST0093,PROD0023,2025-07-21,1,20,15013.86,597.47,Net Banking,Delivered,Maharashtra,Pune
ORD002896,CUST0045,PROD0024,2023-12-08,2,0,56841.5,14537.28,Cash on Delivery,Delivered,Bihar,Patna
ORD002897,CUST0391,PROD0028,2023-03-11,1,0,7782.22,986.14,Net Banking,Delivered,Gujarat,Ahmedabad
ORD002898,CUST0059,PROD0028,2023-01-29,2,0,15564.44,1972.28,Cash on Delivery,Cancelled,Maharashtra,Mumbai
ORD002899,CUST0163,PROD0011,2023-04-19,1,0,3275.51,725.88,Net Banking,Delivered,Madhya Pradesh,Indore
ORD002900,CUST0091,PROD0023,2023-10-01,5,0,93836.65,21754.7,Cash on Delivery,Delivered,Uttar Pradesh,Lucknow
ORD002901,CUST0088,PROD0017,2023-07-03,2,30,33949.36,-2187.36,Cash on Delivery,Delivered,Uttar Pradesh,Kanpur
ORD002902,CUST0050,PROD0022,2024-07-05,1,10,10784.04,1500.15,UPI,Delivered,Maharashtra,Pune
ORD002903,CUST0346,PROD0033,2024-12-22,1,0,17594.49,1710.17,Cash on Delivery,Delivered,Tamil Nadu,Chennai
ORD002904,CUST0076,PROD0031,2023-02-11,1,20,21619.48,-146.61,Net Banking,Returned,Gujarat,Surat
ORD002905,CUST0479,PROD0035,2023-01-28,2,0,25086.08,3920.4,Net Banking,Delivered,Telangana,Hyderabad
ORD002906,CUST0132,PROD0032,2023-07-06,4,0,45916.04,5478.08,UPI,Delivered,Karnataka,Bangalore
ORD002907,CUST0580,PROD0011,2023-06-14,2,10,5895.92,796.66,Debit Card,Returned,Delhi,Delhi
ORD002908,CUST0364,PROD0007,2025-04-14,1,5,12937.97,2182.88,Net Banking,Delivered,Karnataka,Bangalore
ORD002909,CUST0224,PROD0010,2024-11-08,1,5,22217.39,1397.86,Credit Card,Delivered,Gujarat,Surat
ORD002910,CUST0520,PROD0035,2023-11-17,4,0,50172.16,7840.8,UPI,Delivered,Kerala,Kochi
ORD002911,CUST0447,PROD0035,2024-06-06,1,0,12543.04,1960.2,Credit Card,Delivered,Maharashtra,Mumbai
ORD002912,CUST0512,PROD0002,2023-06-18,2,0,42192.38,9541.82,Net Banking,Cancelled,West Bengal,Kolkata
ORD002913,CUST0084,PROD0007,2023-01-21,5,5,64689.87,10914.42,UPI,Returned,Madhya Pradesh,Indore
ORD002914,CUST0241,PROD0031,2025-03-04,2,0,54048.7,10516.52,Cash on Delivery,Cancelled,Bihar,Patna
ORD002915,CUST0180,PROD0025,2025-05-07,5,5,121977.2,19537.65,Net Banking,Returned,Maharashtra,Pune
ORD002916,CUST0011,PROD0025,2023-01-20,4,0,102717.64,20766.0,Credit Card,Delivered,Maharashtra,Mumbai
ORD002917,CUST0304,PROD0035,2024-09-30,2,5,23831.78,2666.1,Debit Card,Delivered,Tamil Nadu,Coimbatore
ORD002918,CUST0220,PROD0024,2023-12-23,1,10,25578.68,4426.57,Net Banking,Returned,Uttar Pradesh,Lucknow
ORD002919,CUST0384,PROD0017,2025-01-11,2,20,38799.26,2662.54,Net Banking,Delivered,Gujarat,Surat
ORD002920,CUST0155,PROD0035,2023-04-15,1,20,10034.43,-548.41,Net Banking,Delivered,Gujarat,Ahmedabad
ORD002921,CUST0048,PROD0013,2025-05-31,4,20,58442.18,-452.46,Credit Card,Delivered,Assam,Guwahati
ORD002922,CUST0570,PROD0020,2023-10-15,1,20,15232.17,-1237.73,Cash on Delivery,Delivered,Maharashtra,Pune
ORD002923,CUST0011,PROD0031,2023-08-15,1,0,27024.35,5258.26,Net Banking,Cancelled,Maharashtra,Mumbai
ORD002924,CUST0367,PROD0017,2025-02-01,5,15,103060.55,12718.75,Cash on Delivery,Delivered,Karnataka,Bangalore
ORD002925,CUST0410,PROD0027,2024-09-14,2,15,51646.36,5170.88,Credit Card,Delivered,Madhya Pradesh,Bhopal
ORD002926,CUST0564,PROD0001,2025-06-05,1,10,20788.32,3199.1,UPI,Delivered,Tamil Nadu,Coimbatore
ORD002927,CUST0575,PROD0024,2025-07-09,2,10,51157.35,8853.13,Cash on Delivery,Delivered,Tamil Nadu,Chennai
ORD002928,CUST0428,PROD0009,2025-07-28,5,20,103129.04,-12301.86,Net Banking,Delivered,Gujarat,Surat
ORD002929,CUST0343,PROD0001,2025-04-10,4,20,73914.02,3557.14,UPI,Cancelled,Rajasthan,Jaipur
ORD002930,CUST0069,PROD0026,2025-04-07,2,10,32110.18,-131.96,UPI,Cancelled,Chandigarh,Chandigarh
ORD002931,CUST0571,PROD0017,2023-03-03,1,15,20612.11,2543.75,Debit Card,Delivered,Gujarat,Ahmedabad
ORD002932,CUST0039,PROD0010,2023-05-17,3,15,59636.16,-2822.43,UPI,Returned,Delhi,Delhi
ORD002933,CUST0188,PROD0022,2025-05-20,1,10,10784.04,1500.15,Net Banking,Cancelled,Maharashtra,Pune
ORD002934,CUST0318,PROD0024,2025-01-18,1,0,28420.75,7268.64,Debit Card,Delivered,Assam,Guwahati
ORD002935,CUST0185,PROD0035,2023-06-30,2,5,23831.78,2666.1,Credit Card,Delivered,Maharashtra,Pune
ORD002936,CUST0467,PROD0015,2023-12-23,1,10,10185.41,1248.5,Credit Card,Delivered,Gujarat,Ahmedabad
ORD002937,CUST0515,PROD0022,2023-12-19,2,0,23964.54,5396.76,Debit Card,Delivered,Bihar,Patna
ORD002938,CUST0294,PROD0025,2024-07-18,2,0,51358.82,10383.0,Net Banking,Returned,Rajasthan,Jaipur
ORD002939,CUST0139,PROD0023,2025-07-09,2,15,31904.46,3071.68,Debit Card,Delivered,West Bengal,Kolkata
ORD002940,CUST0022,PROD0026,2023-08-19,2,0,35677.98,3435.84,Debit Card,Delivered,Tamil Nadu,Coimbatore
ORD002941,CUST0267,PROD0035,2023-02-13,2,5,23831.78,2666.1,Credit Card,Delivered,Madhya Pradesh,Indore
ORD002942,CUST0404,PROD0016,2024-08-03,1,0,24752.87,5958.31,Cash on Delivery,Delivered,Maharashtra,Mumbai
ORD002943,CUST0076,PROD0010,2023-06-28,1,0,23386.73,2567.2,Credit Card,Returned,Gujarat,Surat
ORD002944,CUST0533,PROD0027,2024-05-19,2,0,60760.42,14284.94,Net Banking,Returned,Kerala,Kochi
ORD002945,CUST0230,PROD0023,2025-01-13,2,0,37534.66,8701.88,Credit Card,Returned,Tamil Nadu,Coimbatore
ORD002946,CUST0466,PROD0034,2023-11-05,1,0,21565.22,2874.34,Debit Card,Delivered,Gujarat,Ahmedabad
ORD002947,CUST0333,PROD0028,2023-02-20,2,0,15564.44,1972.28,Cash on Delivery,Delivered,Maharashtra,Pune
ORD002948,CUST0097,PROD0028,2025-01-19,1,5,7393.11,597.03,Debit Card,Delivered,Rajasthan,Jaipur
ORD002949,CUST0237,PROD0006,2025-04-02,2,10,21213.67,238.99,Net Banking,Cancelled,Maharashtra,Pune
ORD002950,CUST0409,PROD0013,2025-03-13,1,20,14610.54,-113.12,Credit Card,Delivered,Madhya Pradesh,Indore
ORD002951,CUST0417,PROD0001,2025-07-01,2,5,43886.45,8708.01,Debit Card,Cancelled,Kerala,Kochi
ORD002952,CUST0167,PROD0021,2025-04-14,1,20,2978.57,139.34,Credit Card,Returned,Bihar,Patna
ORD002953,CUST0058,PROD0021,2023-07-17,3,5,10611.15,2093.46,Net Banking,Delivered,Kerala,Kochi
ORD002954,CUST0281,PROD0026,2023-03-18,1,20,14271.19,-1849.88,Credit Card,Delivered,Uttar Pradesh,Lucknow
ORD002955,CUST0221,PROD0034,2024-03-19,1,0,21565.22,2874.34,Cash on Delivery,Delivered,Bihar,Patna
ORD002956,CUST0076,PROD0032,2024-09-17,2,15,19514.32,-704.66,Credit Card,Returned,Gujarat,Surat
ORD002957,CUST0486,PROD0017,2023-03-03,1,5,23037.06,4968.7,UPI,Returned,Tamil Nadu,Chennai
ORD002958,CUST0497,PROD0012,2024-04-24,3,15,64212.62,3245.21,Credit Card,Cancelled,Assam,Guwahati
ORD002959,CUST0573,PROD0025,2024-12-08,2,0,51358.82,10383.0,Net Banking,Delivered,Gujarat,Ahmedabad
ORD002960,CUST0166,PROD0014,2024-08-30,2,30,13203.08,-3480.32,UPI,Cancelled,Rajasthan,Jaipur
ORD002961,CUST0170,PROD0026,2024-04-24,1,30,12487.29,-3633.78,Cash on Delivery,Returned,Gujarat,Ahmedabad
ORD002962,CUST0251,PROD0022,2024-04-14,3,30,25162.77,-2688.9,Net Banking,Delivered,Maharashtra,Pune
ORD002963,CUST0552,PROD0034,2024-03-13,2,0,43130.44,5748.68,Credit Card,Delivered,Telangana,Hyderabad
ORD002964,CUST0510,PROD0035,2023-10-31,2,10,22577.47,1411.79,Credit Card,Delivered,Maharashtra,Pune
ORD002965,CUST0334,PROD0031,2023-12-19,2,5,51346.26,7814.08,Cash on Delivery,Delivered,Madhya Pradesh,Bhopal
ORD002966,CUST0456,PROD0019,2024-10-16,1,0,16734.19,2222.91,Credit Card,Returned,Maharashtra,Pune
ORD002967,CUST0516,PROD0022,2024-11-05,2,20,19171.63,603.85,Cash on Delivery,Delivered,Uttar Pradesh,Kanpur
ORD002968,CUST0193,PROD0005,2024-04-11,1,0,10401.59,1829.14,Cash on Delivery,Delivered,Rajasthan,Jaipur
ORD002969,CUST0424,PROD0002,2023-09-10,2,5,40082.76,7432.2,Cash on Delivery,Delivered,Uttar Pradesh,Kanpur
ORD002970,CUST0045,PROD0034,2024-01-13,3,0,64695.66,8623.02,UPI,Returned,Bihar,Patna
ORD002971,CUST0348,PROD0009,2025-05-17,1,0,25782.26,2696.08,Net Banking,Delivered,Assam,Guwahati
ORD002972,CUST0147,PROD0013,2024-07-04,1,5,17350.02,2626.36,Cash on Delivery,Delivered,Gujarat,Ahmedabad
ORD002973,CUST0551,PROD0018,2023-02-04,1,5,17006.95,1936.76,Net Banking,Cancelled,Gujarat,Ahmedabad
ORD002974,CUST0297,PROD0031,2023-07-26,3,0,81073.05,15774.78,Credit Card,Delivered,Tamil Nadu,Chennai
ORD002975,CUST0154,PROD0001,2023-07-11,2,10,41576.63,6398.19,UPI,Delivered,Telangana,Hyderabad
ORD002976,CUST0332,PROD0024,2025-03-24,1,5,26999.71,5847.6,Unknown,Delivered,Madhya Pradesh,Indore
ORD002977,CUST0052,PROD0029,2024-01-08,2,0,41467.46,6243.34,Cash on Delivery,Delivered,Karnataka,Bangalore
ORD002978,CUST0028,PROD0031,2023-10-16,1,10,24321.92,2555.83,Cash on Delivery,Delivered,Bihar,Patna
ORD002979,CUST0315,PROD0001,2025-04-17,1,0,23098.13,5508.91,Cash on Delivery,Cancelled,Rajasthan,Jaipur
ORD002980,CUST0534,PROD0013,2024-06-22,1,5,17350.02,2626.36,Net Banking,Delivered,Uttar Pradesh,Kanpur
ORD002981,CUST0044,PROD0014,2025-05-31,1,20,7544.62,-797.08,Net Banking,Cancelled,Madhya Pradesh,Bhopal
ORD002982,CUST0553,PROD0032,2023-12-19,1,0,11479.01,1369.52,Debit Card,Delivered,Tamil Nadu,Coimbatore
ORD002983,CUST0076,PROD0034,2024-06-02,1,20,17252.18,-1438.7,Cash on Delivery,Delivered,Gujarat,Surat
ORD002984,CUST0494,PROD0027,2023-05-07,3,0,91140.63,21427.41,Credit Card,Delivered,Bihar,Patna
ORD002985,CUST0083,PROD0017,2023-03-21,1,5,23037.06,4968.7,Cash on Delivery,Delivered,Chandigarh,Chandigarh
ORD002986,CUST0534,PROD0005,2024-02-23,1,10,9361.43,788.98,Credit Card,Cancelled,Uttar Pradesh,Kanpur
ORD002987,CUST0469,PROD0022,2023-11-28,2,0,23964.54,5396.76,Credit Card,Delivered,Maharashtra,Nagpur
ORD002988,CUST0528,PROD0016,2024-07-04,2,15,42079.88,4490.76,Cash on Delivery,Delivered,Gujarat,Ahmedabad
ORD002989,CUST0089,PROD0025,2024-03-14,2,0,51358.82,10383.0,Net Banking,Cancelled,Chandigarh,Chandigarh
ORD002990,CUST0542,PROD0023,2024-08-08,2,15,31904.46,3071.68,Debit Card,Returned,Bihar,Patna
ORD002991,CUST0344,PROD0026,2024-02-06,1,0,17838.99,1717.92,Debit Card,Delivered,West Bengal,Kolkata
ORD002992,CUST0196,PROD0012,2024-03-16,1,0,25181.42,4858.95,Debit Card,Delivered,Maharashtra,Mumbai
ORD002993,CUST0237,PROD0026,2024-01-21,1,5,16947.04,825.97,Net Banking,Delivered,Maharashtra,Pune
ORD002994,CUST0481,PROD0002,2025-01-27,1,20,16876.95,551.67,Net Banking,Delivered,Delhi,Delhi
ORD002995,CUST0532,PROD0032,2023-10-26,1,15,9757.16,-352.33,Debit Card,Delivered,Maharashtra,Nagpur
ORD002996,CUST0117,PROD0012,2023-12-27,1,10,22663.28,2340.81,Debit Card,Delivered,Madhya Pradesh,Bhopal
ORD002997,CUST0356,PROD0014,2023-06-19,1,0,9430.77,1089.07,Net Banking,Delivered,Gujarat,Ahmedabad
ORD002998,CUST0206,PROD0005,2023-08-09,2,0,20803.18,3658.28,Credit Card,Cancelled,West Bengal,Kolkata
ORD002999,CUST0403,PROD0022,2024-08-30,2,10,21568.09,3000.31,Debit Card,Delivered,Assam,Guwahati
ORD003000,CUST0575,PROD0001,2023-12-05,1,0,23098.13,5508.91,Net Banking,Delivered,Tamil Nadu,Chennai
ORD003001,CUST0260,PROD0001,2023-03-19,4,5,87772.89,17416.01,Net Banking,Delivered,Madhya Pradesh,Indore
ORD003002,CUST0400,PROD0004,2025-03-04,2,20,21052.5,-1689.78,Credit Card,Delivered,Madhya Pradesh,Indore
ORD003003,CUST0488,PROD0004,2024-04-28,1,10,11842.03,470.89,UPI,Delivered,Maharashtra,Nagpur
ORD003004,CUST0251,PROD0022,2024-08-29,1,10,10784.04,1500.15,Cash on Delivery,Delivered,Maharashtra,Pune
ORD003005,CUST0026,PROD0024,2025-01-10,1,20,22736.6,1584.49,Net Banking,Delivered,Karnataka,Bangalore
ORD003006,CUST0044,PROD0022,2025-05-22,1,10,10784.04,1500.15,Net Banking,Delivered,Madhya Pradesh,Bhopal
ORD003007,CUST0048,PROD0032,2023-04-03,3,20,27549.62,-2778.85,Debit Card,Cancelled,Assam,Guwahati
ORD003008,CUST0360,PROD0032,2023-03-09,2,5,21810.12,1591.14,Credit Card,Delivered,Uttar Pradesh,Lucknow
ORD003009,CUST0406,PROD0031,2023-02-06,1,5,25673.13,3907.04,Debit Card,Returned,Tamil Nadu,Chennai
ORD003010,CUST0426,PROD0031,2023-07-08,2,15,45941.4,2409.22,UPI,Returned,Delhi,Delhi
ORD003011,CUST0560,PROD0031,2023-07-05,1,15,22970.7,1204.61,Debit Card,Returned,Rajasthan,Jaipur
ORD003012,CUST0196,PROD0029,2023-11-07,4,0,82934.92,12486.68,Credit Card,Delivered,Maharashtra,Mumbai
ORD003013,CUST0325,PROD0003,2023-10-13,1,5,19798.13,1735.26,Debit Card,Delivered,Tamil Nadu,Chennai
ORD003014,CUST0292,PROD0031,2025-02-07,1,10,24321.92,2555.83,Debit Card,Returned,Telangana,Hyderabad
ORD003015,CUST0070,PROD0030,2024-10-05,1,10,8520.5,-74.14,Credit Card,Delivered,Gujarat,Ahmedabad
ORD003016,CUST0461,PROD0020,2023-09-16,1,5,18088.2,1618.3,Net Banking,Delivered,Delhi,Delhi
ORD003017,CUST0389,PROD0024,2024-10-26,2,15,48315.28,6011.06,Cash on Delivery,Delivered,Kerala,Kochi
ORD003018,CUST0309,PROD0035,2025-07-29,1,5,11915.89,1333.05,Cash on Delivery,Delivered,Madhya Pradesh,Indore
ORD003019,CUST0419,PROD0004,2025-07-29,3,0,39473.43,5360.01,Net Banking,Cancelled,Uttar Pradesh,Lucknow
ORD003020,CUST0123,PROD0032,2024-12-09,1,0,11479.01,1369.52,UPI,Delivered,Madhya Pradesh,Bhopal
ORD003021,CUST0337,PROD0020,2024-11-27,2,30,26656.29,-6283.51,Cash on Delivery,Delivered,Maharashtra,Pune
ORD003022,CUST0534,PROD0006,2025-05-09,1,5,11196.1,708.76,Cash on Delivery,Delivered,Uttar Pradesh,Kanpur
ORD003023,CUST0211,PROD0021,2023-01-09,4,10,13403.56,2046.64,UPI,Delivered,Madhya Pradesh,Indore
ORD003024,CUST0529,PROD0028,2023-10-10,2,5,14786.22,1194.06,Net Banking,Delivered,Maharashtra,Pune
ORD003025,CUST0305,PROD0024,2025-02-13,1,20,22736.6,1584.49,Credit Card,Returned,Assam,Guwahati
ORD003026,CUST0359,PROD0031,2025-01-07,2,0,54048.7,10516.52,Cash on Delivery,Returned,Madhya Pradesh,Bhopal
ORD003027,CUST0342,PROD0012,2024-01-16,1,5,23922.35,3599.88,Net Banking,Returned,Bihar,Patna
ORD003028,CUST0406,PROD0017,2024-01-18,3,5,69111.19,14906.11,UPI,Delivered,Tamil Nadu,Chennai
ORD003029,CUST0095,PROD0018,2024-06-30,2,0,35804.1,5663.72,Credit Card,Delivered,Delhi,Delhi
ORD003030,CUST0514,PROD0013,2024-09-09,1,0,18263.18,3539.52,Cash on Delivery,Delivered,Delhi,Delhi
ORD003031,CUST0125,PROD0001,2024-03-20,2,0,46196.26,11017.82,Credit Card,Delivered,Delhi,Delhi
ORD003032,CUST0351,PROD0018,2024-04-27,2,5,34013.89,3873.51,Cash on Delivery,Delivered,Gujarat,Surat
ORD003033,CUST0370,PROD0028,2024-12-18,1,15,6614.89,-181.19,Debit Card,Delivered,Tamil Nadu,Coimbatore
ORD003034,CUST0206,PROD0030,2023-05-21,1,0,9467.22,872.58,UPI,Cancelled,West Bengal,Kolkata
ORD003035,CUST0369,PROD0027,2024-01-10,2,5,57722.4,11246.92,Debit Card,Delivered,Madhya Pradesh,Indore
ORD003036,CUST0109,PROD0024,2023-08-02,3,20,68209.8,4753.47,Credit Card,Returned,West Bengal,Kolkata
ORD003037,CUST0358,PROD0005,2024-12-06,1,0,10401.59,1829.14,Credit Card,Delivered,Maharashtra,Mumbai
ORD003038,CUST0407,PROD0008,2024-03-22,4,0,43028.72,5223.2,UPI,Delivered,Bihar,Patna
ORD003039,CUST0161,PROD0001,2024-04-30,1,20,18478.5,889.28,UPI,Delivered,Rajasthan,Jaipur
ORD003040,CUST0471,PROD0035,2025-01-10,3,0,37629.12,5880.6,Credit Card,Delivered,Kerala,Kochi
ORD003041,CUST0276,PROD0018,2024-12-14,1,5,17006.95,1936.76,Credit Card,Delivered,Maharashtra,Mumbai
ORD003042,CUST0567,PROD0031,2024-11-11,1,0,27024.35,5258.26,UPI,Delivered,Assam,Guwahati
ORD003043,CUST0432,PROD0017,2024-03-10,5,5,115185.32,24843.52,Cash on Delivery,Cancelled,Maharashtra,Mumbai
ORD003044,CUST0194,PROD0031,2025-01-15,1,15,22970.7,1204.61,Net Banking,Delivered,Chandigarh,Chandigarh
ORD003045,CUST0370,PROD0014,2023-10-22,2,0,18861.54,2178.14,Net Banking,Delivered,Tamil Nadu,Coimbatore
ORD003046,CUST0391,PROD0033,2023-06-26,1,30,12316.14,-3568.18,Debit Card,Cancelled,Gujarat,Ahmedabad
ORD003047,CUST0497,PROD0001,2024-12-26,1,5,21943.22,4354.0,UPI,Delivered,Assam,Guwahati
ORD003048,CUST0386,PROD0004,2024-10-19,1,15,11184.14,-187.0,UPI,Delivered,Maharashtra,Pune
ORD003049,CUST0084,PROD0005,2023-07-17,1,20,8321.27,-251.18,Net Banking,Delivered,Madhya Pradesh,Indore
ORD003050,CUST0584,PROD0032,2024-02-28,4,10,41324.44,886.48,UPI,Delivered,Telangana,Hyderabad
ORD003051,CUST0331,PROD0035,2024-06-10,2,15,21323.17,157.49,UPI,Delivered,Karnataka,Bangalore
ORD003052,CUST0051,PROD0005,2023-12-19,4,0,41606.36,7316.56,Debit Card,Returned,Gujarat,Ahmedabad
ORD003053,CUST0214,PROD0009,2024-06-28,1,15,21914.92,-1171.26,Cash on Delivery,Delivered,Maharashtra,Nagpur
ORD003054,CUST0431,PROD0010,2023-05-01,1,5,22217.39,1397.86,Net Banking,Delivered,Tamil Nadu,Chennai
ORD003055,CUST0155,PROD0002,2025-06-07,2,0,42192.38,9541.82,Debit Card,Delivered,Gujarat,Ahmedabad
ORD003056,CUST0174,PROD0031,2023-01-10,1,5,25673.13,3907.04,Net Banking,Delivered,Delhi,Delhi
ORD003057,CUST0124,PROD0004,2025-02-02,1,20,10526.25,-844.89,Credit Card,Delivered,Gujarat,Surat
ORD003058,CUST0227,PROD0001,2025-02-24,1,20,18478.5,889.28,UPI,Delivered,Maharashtra,Pune
ORD003059,CUST0595,PROD0028,2023-11-17,1,0,7782.22,986.14,Debit Card,Returned,Rajasthan,Jaipur
ORD003060,CUST0533,PROD0027,2024-01-30,4,0,121520.84,28569.88,UPI,Delivered,Kerala,Kochi
ORD003061,CUST0093,PROD0027,2024-10-07,2,0,60760.42,14284.94,UPI,Delivered,Maharashtra,Pune
ORD003062,CUST0040,PROD0030,2024-01-15,2,0,18934.44,1745.16,UPI,Delivered,Maharashtra,Nagpur
ORD003063,CUST0513,PROD0013,2025-01-03,1,15,15523.7,800.04,Cash on Delivery,Returned,Gujarat,Ahmedabad
ORD003064,CUST0152,PROD0009,2024-05-21,1,0,25782.26,2696.08,Credit Card,Delivered,Chandigarh,Chandigarh
ORD003065,CUST0037,PROD0015,2023-11-04,1,30,7921.98,-1014.93,Net Banking,Delivered,Uttar Pradesh,Lucknow
ORD003066,CUST0311,PROD0025,2023-01-22,1,5,24395.44,3907.53,Net Banking,Cancelled,Uttar Pradesh,Kanpur
ORD003067,CUST0268,PROD0011,2025-01-09,1,10,2947.96,398.33,UPI,Returned,Kerala,Kochi
ORD003068,CUST0075,PROD0013,2025-05-18,1,5,17350.02,2626.36,Credit Card,Delivered,Uttar Pradesh,Kanpur
ORD003069,CUST0557,PROD0025,2023-05-25,1,5,24395.44,3907.53,UPI,Cancelled,Uttar Pradesh,Kanpur
ORD003070,CUST0226,PROD0012,2025-06-16,1,10,22663.28,2340.81,Credit Card,Cancelled,Maharashtra,Pune
ORD003071,CUST0435,PROD0010,2023-11-08,1,5,22217.39,1397.86,Credit Card,Delivered,Telangana,Hyderabad
ORD003072,CUST0218,PROD0035,2024-08-16,2,10,22577.47,1411.79,Net Banking,Returned,West Bengal,Kolkata
ORD003073,CUST0258,PROD0023,2024-07-22,1,10,16890.6,2474.21,Credit Card,Delivered,Karnataka,Bangalore
ORD003074,CUST0198,PROD0024,2024-07-26,1,10,25578.68,4426.57,Debit Card,Delivered,Rajasthan,Jaipur
ORD003075,CUST0357,PROD0008,2025-03-27,2,5,20438.64,1535.88,Cash on Delivery,Cancelled,Madhya Pradesh,Bhopal
ORD003076,CUST0285,PROD0009,2025-07-12,1,30,18047.58,-5038.6,Credit Card,Delivered,Kerala,Kochi
ORD003077,CUST0072,PROD0003,2023-07-12,1,0,20840.14,2777.27,Cash on Delivery,Delivered,Chandigarh,Chandigarh
ORD003078,CUST0243,PROD0028,2024-01-03,2,20,12451.55,-1140.61,Net Banking,Returned,Bihar,Patna
ORD003079,CUST0599,PROD0028,2024-05-18,2,15,13229.77,-362.39,Unknown,Delivered,Bihar,Patna
ORD003080,CUST0309,PROD0032,2023-06-27,1,0,11479.01,1369.52,Credit Card,Delivered,Madhya Pradesh,Indore
ORD003081,CUST0576,PROD0003,2023-04-13,1,0,20840.14,2777.27,Net Banking,Delivered,Maharashtra,Mumbai
ORD003082,CUST0467,PROD0017,2024-06-20,3,0,72748.62,18543.54,Net Banking,Cancelled,Gujarat,Ahmedabad
ORD003083,CUST0485,PROD0010,2024-03-01,1,0,23386.73,2567.2,Debit Card,Cancelled,Assam,Guwahati
ORD003084,CUST0420,PROD0013,2025-04-22,1,0,18263.18,3539.52,Cash on Delivery,Delivered,Maharashtra,Nagpur
ORD003085,CUST0324,PROD0017,2023-03-29,4,0,96998.16,24724.72,Debit Card,Delivered,Madhya Pradesh,Bhopal
ORD003086,CUST0054,PROD0005,2023-04-09,1,20,8321.27,-251.18,Net Banking,Cancelled,Tamil Nadu,Chennai
ORD003087,CUST0315,PROD0016,2024-06-04,2,10,44555.17,6966.05,Cash on Delivery,Delivered,Rajasthan,Jaipur
ORD003088,CUST0540,PROD0003,2023-01-31,1,15,17714.12,-348.75,UPI,Delivered,Tamil Nadu,Coimbatore
ORD003089,CUST0252,PROD0024,2024-10-11,5,0,142103.75,36343.2,Net Banking,Delivered,Karnataka,Bangalore
ORD003090,CUST0280,PROD0006,2024-04-05,3,0,35356.11,3894.09,Debit Card,Returned,West Bengal,Kolkata
ORD003091,CUST0435,PROD0001,2023-06-25,1,0,23098.13,5508.91,Net Banking,Delivered,Telangana,Hyderabad
ORD003092,CUST0451,PROD0022,2023-03-07,2,20,19171.63,603.85,Credit Card,Cancelled,Bihar,Patna
ORD003093,CUST0253,PROD0001,2025-06-26,1,20,18478.5,889.28,Credit Card,Cancelled,Maharashtra,Pune
ORD003094,CUST0466,PROD0013,2023-09-25,1,10,16436.86,1713.2,Credit Card,Delivered,Gujarat,Ahmedabad
ORD003095,CUST0106,PROD0023,2023-08-08,2,0,37534.66,8701.88,Credit Card,Cancelled,Telangana,Hyderabad
ORD003096,CUST0509,PROD0016,2024-09-13,2,5,47030.45,9441.33,Cash on Delivery,Delivered,Gujarat,Surat
ORD003097,CUST0362,PROD0005,2023-03-07,1,0,10401.59,1829.14,Credit Card,Cancelled,Madhya Pradesh,Bhopal
ORD003098,CUST0393,PROD0016,2023-02-24,1,0,24752.87,5958.31,Cash on Delivery,Delivered,Tamil Nadu,Coimbatore
ORD003099,CUST0521,PROD0020,2024-05-03,1,20,15232.17,-1237.73,Credit Card,Returned,Uttar Pradesh,Kanpur
ORD003100,CUST0400,PROD0001,2023-06-11,1,30,16168.69,-1420.53,Credit Card,Delivered,Madhya Pradesh,Indore
ORD003101,CUST0366,PROD0013,2025-03-20,1,30,12784.23,-1939.43,Debit Card,Delivered,Assam,Guwahati
ORD003102,CUST0148,PROD0004,2024-01-23,1,5,12499.92,1128.78,Net Banking,Delivered,Karnataka,Bangalore
ORD003103,CUST0499,PROD0001,2023-05-28,1,0,23098.13,5508.91,UPI,Delivered,Bihar,Patna
ORD003104,CUST0553,PROD0035,2023-04-15,1,10,11288.74,705.9,Debit Card,Returned,Tamil Nadu,Coimbatore
ORD003105,CUST0361,PROD0003,2024-05-20,1,10,18756.13,693.26,UPI,Cancelled,Delhi,Delhi
ORD003106,CUST0512,PROD0017,2024-03-26,1,5,23037.06,4968.7,Net Banking,Delivered,West Bengal,Kolkata
ORD003107,CUST0267,PROD0034,2023-03-06,3,15,54991.31,-1081.33,Net Banking,Delivered,Madhya Pradesh,Indore
ORD003108,CUST0456,PROD0009,2025-06-18,2,10,46408.07,235.71,Cash on Delivery,Delivered,Maharashtra,Pune
ORD003109,CUST0227,PROD0015,2025-03-26,1,15,9619.55,682.64,Credit Card,Delivered,Maharashtra,Pune
ORD003110,CUST0507,PROD0012,2023-05-03,5,0,125907.1,24294.75,UPI,Delivered,Delhi,Delhi
ORD003111,CUST0477,PROD0034,2023-07-13,2,5,40973.92,3592.16,Credit Card,Returned,Karnataka,Bangalore
ORD003112,CUST0263,PROD0013,2024-02-12,1,0,18263.18,3539.52,Debit Card,Delivered,Maharashtra,Mumbai
ORD003113,CUST0439,PROD0024,2024-10-30,1,0,28420.75,7268.64,Cash on Delivery,Delivered,Madhya Pradesh,Bhopal
ORD003114,CUST0461,PROD0032,2024-03-23,1,10,10331.11,221.62,Credit Card,Delivered,Delhi,Delhi
ORD003115,CUST0229,PROD0003,2024-07-22,2,0,41680.28,5554.54,Cash on Delivery,Delivered,Maharashtra,Pune
ORD003116,CUST0466,PROD0002,2025-06-03,2,5,40082.76,7432.2,Debit Card,Delivered,Gujarat,Ahmedabad
ORD003117,CUST0329,PROD0009,2024-07-07,3,20,61877.42,-7381.12,Net Banking,Delivered,Rajasthan,Jaipur
ORD003118,CUST0567,PROD0027,2024-04-18,3,0,91140.63,21427.41,Net Banking,Returned,Assam,Guwahati
ORD003119,CUST0341,PROD0009,2024-10-07,1,0,25782.26,2696.08,Net Banking,Returned,Kerala,Kochi
ORD003120,CUST0452,PROD0020,2023-09-17,2,0,38080.42,5140.62,UPI,Delivered,Uttar Pradesh,Kanpur
ORD003121,CUST0486,PROD0004,2023-01-08,5,10,59210.14,2354.44,Debit Card,Cancelled,Tamil Nadu,Chennai
ORD003122,CUST0004,PROD0035,2023-05-15,1,15,10661.58,78.74,Net Banking,Delivered,Kerala,Kochi
ORD003123,CUST0168,PROD0021,2023-03-02,1,10,3350.89,511.66,Debit Card,Delivered,Madhya Pradesh,Indore
ORD003124,CUST0219,PROD0006,2024-01-12,4,10,42427.33,477.97,Net Banking,Delivered,Assam,Guwahati
ORD003125,CUST0089,PROD0013,2025-01-30,2,0,36526.36,7079.04,UPI,Delivered,Chandigarh,Chandigarh
ORD003126,CUST0538,PROD0002,2024-05-10,1,10,18986.57,2661.29,Credit Card,Delivered,Tamil Nadu,Coimbatore
ORD003127,CUST0128,PROD0028,2025-05-07,2,0,15564.44,1972.28,Debit Card,Delivered,Assam,Guwahati
ORD003128,CUST0301,PROD0005,2025-04-08,1,15,8841.35,268.9,Net Banking,Returned,West Bengal,Kolkata
ORD003129,CUST0369,PROD0015,2024-03-09,2,15,19239.1,1365.28,Cash on Delivery,Delivered,Madhya Pradesh,Indore
ORD003130,CUST0427,PROD0033,2024-06-26,1,20,14075.59,-1808.73,UPI,Delivered,Kerala,Kochi
ORD003131,CUST0059,PROD0019,2024-11-25,2,5,31794.96,2772.4,UPI,Returned,Maharashtra,Mumbai
ORD003132,CUST0282,PROD0034,2023-09-29,2,0,43130.44,5748.68,Debit Card,Delivered,Maharashtra,Nagpur
ORD003133,CUST0563,PROD0021,2025-04-09,2,10,6701.78,1023.32,Net Banking,Cancelled,West Bengal,Kolkata
ORD003134,CUST0167,PROD0023,2024-03-05,3,10,50671.79,7422.62,Debit Card,Delivered,Bihar,Patna
ORD003135,CUST0024,PROD0019,2024-10-21,2,5,31794.96,2772.4,Cash on Delivery,Delivered,Karnataka,Bangalore
ORD003136,CUST0198,PROD0010,2024-11-01,3,0,70160.19,7701.6,Net Banking,Delivered,Rajasthan,Jaipur
ORD003137,CUST0009,PROD0016,2023-10-08,2,0,49505.74,11916.62,Credit Card,Cancelled,Kerala,Kochi
ORD003138,CUST0279,PROD0016,2024-07-31,1,20,19802.3,1007.74,Debit Card,Delivered,Rajasthan,Jaipur
ORD003139,CUST0589,PROD0035,2025-02-02,4,15,42646.34,314.98,Net Banking,Returned,Madhya Pradesh,Bhopal
ORD003140,CUST0151,PROD0001,2023-06-14,3,0,69294.39,16526.73,Debit Card,Returned,Gujarat,Surat
ORD003141,CUST0095,PROD0010,2023-08-23,1,30,16370.71,-4448.82,Net Banking,Delivered,Delhi,Delhi
ORD003142,CUST0382,PROD0025,2025-04-27,2,0,51358.82,10383.0,Debit Card,Returned,Tamil Nadu,Coimbatore
ORD003143,CUST0438,PROD0006,2024-11-21,2,0,23570.74,2596.06,Cash on Delivery,Cancelled,Rajasthan,Jaipur
ORD003144,CUST0197,PROD0029,2024-03-07,2,10,37320.71,2096.59,Credit Card,Delivered,Rajasthan,Jaipur
ORD003145,CUST0350,PROD0025,2025-05-08,3,20,61630.58,166.85,Debit Card,Delivered,Telangana,Hyderabad
ORD003146,CUST0468,PROD0034,2023-06-22,2,10,38817.4,1435.64,Debit Card,Delivered,Rajasthan,Jaipur
ORD003147,CUST0194,PROD0030,2024-06-19,3,0,28401.66,2617.74,UPI,Returned,Chandigarh,Chandigarh
ORD003148,CUST0368,PROD0009,2024-01-06,2,0,51564.52,5392.16,Credit Card,Delivered,Telangana,Hyderabad
ORD003149,CUST0368,PROD0016,2025-06-09,2,0,49505.74,11916.62,Net Banking,Returned,Telangana,Hyderabad
ORD003150,CUST0113,PROD0021,2023-08-14,1,15,3164.73,325.5,Credit Card,Delivered,Kerala,Kochi
ORD003151,CUST0537,PROD0023,2025-03-31,4,0,75069.32,17403.76,Credit Card,Delivered,Maharashtra,Pune
ORD003152,CUST0109,PROD0015,2023-09-15,2,20,18107.39,233.57,Cash on Delivery,Returned,West Bengal,Kolkata
ORD003153,CUST0108,PROD0023,2024-08-14,1,5,17828.96,3412.57,Net Banking,Delivered,Telangana,Hyderabad
ORD003154,CUST0022,PROD0009,2023-10-02,2,0,51564.52,5392.16,UPI,Delivered,Tamil Nadu,Coimbatore
ORD003155,CUST0397,PROD0029,2025-05-13,2,20,33173.97,-2050.15,Net Banking,Returned,Rajasthan,Jaipur
ORD003156,CUST0063,PROD0007,2024-10-19,3,0,40856.76,8591.49,Cash on Delivery,Delivered,Madhya Pradesh,Indore
ORD003157,CUST0375,PROD0008,2024-11-11,1,0,10757.18,1305.8,UPI,Delivered,Delhi,Delhi
ORD003158,CUST0246,PROD0015,2023-07-24,3,10,30556.22,3745.49,Cash on Delivery,Delivered,Tamil Nadu,Chennai
ORD003159,CUST0101,PROD0002,2024-04-09,2,0,42192.38,9541.82,Net Banking,Delivered,Madhya Pradesh,Indore
ORD003160,CUST0002,PROD0004,2025-07-23,3,0,39473.43,5360.01,Debit Card,Delivered,Rajasthan,Jaipur
ORD003161,CUST0280,PROD0014,2024-06-04,1,0,9430.77,1089.07,Credit Card,Returned,West Bengal,Kolkata
ORD003162,CUST0559,PROD0028,2025-07-26,1,0,7782.22,986.14,Credit Card,Returned,Uttar Pradesh,Kanpur
ORD003163,CUST0338,PROD0008,2023-03-14,1,0,10757.18,1305.8,Cash on Delivery,Delivered,Assam,Guwahati
ORD003164,CUST0379,PROD0007,2023-04-10,1,5,12937.97,2182.88,Cash on Delivery,Cancelled,Tamil Nadu,Chennai
ORD003165,CUST0022,PROD0008,2024-12-23,5,0,53785.9,6529.0,Cash on Delivery,Delivered,Tamil Nadu,Coimbatore
ORD003166,CUST0447,PROD0027,2023-11-04,2,10,54684.38,8208.9,Debit Card,Delivered,Maharashtra,Mumbai
ORD003167,CUST0286,PROD0029,2024-02-29,2,30,29027.22,-6196.9,Net Banking,Delivered,Uttar Pradesh,Kanpur
ORD003168,CUST0062,PROD0001,2023-08-27,1,20,18478.5,889.28,Debit Card,Delivered,Uttar Pradesh,Lucknow
ORD003169,CUST0267,PROD0030,2024-04-21,1,0,9467.22,872.58,Credit Card,Returned,Madhya Pradesh,Indore
ORD003170,CUST0145,PROD0022,2024-03-11,1,15,10184.93,901.04,Credit Card,Returned,Telangana,Hyderabad
ORD003171,CUST0037,PROD0022,2023-03-10,2,5,22766.31,4198.53,Cash on Delivery,Delivered,Uttar Pradesh,Lucknow
ORD003172,CUST0478,PROD0012,2024-10-16,2,5,47844.7,7199.76,Cash on Delivery,Delivered,Telangana,Hyderabad
ORD003173,CUST0141,PROD0020,2024-12-07,1,0,19040.21,2570.31,Cash on Delivery,Returned,Maharashtra,Nagpur
ORD003174,CUST0306,PROD0004,2023-12-26,3,0,39473.43,5360.01,Cash on Delivery,Delivered,Uttar Pradesh,Kanpur
ORD003175,CUST0062,PROD0022,2024-12-03,3,5,34149.47,6297.8,Net Banking,Delivered,Uttar Pradesh,Lucknow
ORD003176,CUST0579,PROD0009,2025-03-17,2,0,51564.52,5392.16,UPI,Delivered,Maharashtra,Mumbai
ORD003177,CUST0515,PROD0003,2024-01-09,2,5,39596.27,3470.53,Debit Card,Delivered,Bihar,Patna
ORD003178,CUST0295,PROD0023,2023-01-11,1,10,16890.6,2474.21,Debit Card,Delivered,Tamil Nadu,Chennai
ORD003179,CUST0472,PROD0012,2023-04-19,1,10,22663.28,2340.81,Debit Card,Cancelled,Uttar Pradesh,Lucknow
ORD003180,CUST0479,PROD0012,2025-05-13,4,10,90653.11,9363.23,Cash on Delivery,Returned,Telangana,Hyderabad
ORD003181,CUST0248,PROD0014,2023-11-05,1,10,8487.69,145.99,Net Banking,Delivered,Maharashtra,Pune
ORD003182,CUST0436,PROD0023,2024-12-06,1,5,17828.96,3412.57,Debit Card,Cancelled,Gujarat,Ahmedabad
ORD003183,CUST0567,PROD0019,2024-04-01,1,5,15897.48,1386.2,Net Banking,Cancelled,Assam,Guwahati
ORD003184,CUST0119,PROD0023,2023-03-06,1,5,17828.96,3412.57,Cash on Delivery,Returned,Tamil Nadu,Chennai
ORD003185,CUST0342,PROD0021,2024-05-31,1,0,3723.21,883.98,UPI,Cancelled,Bihar,Patna
ORD003186,CUST0148,PROD0034,2023-08-17,2,0,43130.44,5748.68,UPI,Delivered,Karnataka,Bangalore
ORD003187,CUST0561,PROD0019,2025-06-13,2,5,31794.96,2772.4,Credit Card,Returned,Telangana,Hyderabad
ORD003188,CUST0417,PROD0006,2023-05-13,2,0,23570.74,2596.06,Credit Card,Cancelled,Kerala,Kochi
ORD003189,CUST0510,PROD0001,2025-02-11,3,0,69294.39,16526.73,Unknown,Delivered,Maharashtra,Pune
ORD003190,CUST0391,PROD0026,2025-03-03,1,0,17838.99,1717.92,Cash on Delivery,Delivered,Gujarat,Ahmedabad
ORD003191,CUST0189,PROD0014,2023-06-10,2,10,16975.39,291.99,Net Banking,Delivered,Bihar,Patna
ORD003192,CUST0098,PROD0018,2023-01-18,2,0,35804.1,5663.72,Credit Card,Delivered,West Bengal,Kolkata
ORD003193,CUST0355,PROD0023,2023-04-05,1,0,18767.33,4350.94,Net Banking,Returned,Kerala,Kochi
ORD003194,CUST0060,PROD0008,2023-10-05,3,5,30657.96,2303.82,Debit Card,Delivered,Telangana,Hyderabad
ORD003195,CUST0201,PROD0029,2024-05-18,1,0,20733.73,3121.67,UPI,Returned,Chandigarh,Chandigarh
ORD003196,CUST0461,PROD0010,2024-01-04,1,15,19878.72,-940.81,Debit Card,Cancelled,Delhi,Delhi
ORD003197,CUST0288,PROD0007,2023-03-15,1,10,12257.03,1501.94,UPI,Cancelled,Delhi,Delhi
ORD003198,CUST0474,PROD0029,2024-12-20,2,0,41467.46,6243.34,Cash on Delivery,Delivered,Delhi,Delhi
ORD003199,CUST0303,PROD0025,2024-09-30,1,0,25679.41,5191.5,UPI,Delivered,Gujarat,Surat
ORD003200,CUST0270,PROD0031,2023-05-25,3,5,77019.4,11721.13,UPI,Delivered,Rajasthan,Jaipur
ORD003201,CUST0184,PROD0030,2023-12-04,4,0,37868.88,3490.32,Net Banking,Cancelled,Madhya Pradesh,Indore
ORD003202,CUST0075,PROD0011,2023-07-24,1,0,3275.51,725.88,UPI,Delivered,Uttar Pradesh,Kanpur
ORD003203,CUST0113,PROD0015,2023-02-02,3,20,27161.09,350.36,Debit Card,Cancelled,Kerala,Kochi
ORD003204,CUST0565,PROD0016,2024-09-27,2,20,39604.59,2015.47,Credit Card,Returned,Delhi,Delhi
ORD003205,CUST0329,PROD0028,2023-07-23,1,15,6614.89,-181.19,UPI,Delivered,Rajasthan,Jaipur
ORD003206,CUST0387,PROD0021,2024-10-18,2,20,5957.14,278.68,Debit Card,Delivered,Assam,Guwahati
ORD003207,CUST0279,PROD0020,2025-02-26,4,0,76160.84,10281.24,Credit Card,Returned,Rajasthan,Jaipur
ORD003208,CUST0274,PROD0007,2025-02-03,2,0,27237.84,5727.66,Net Banking,Delivered,Tamil Nadu,Coimbatore
ORD003209,CUST0156,PROD0020,2024-08-26,1,0,19040.21,2570.31,Debit Card,Cancelled,Telangana,Hyderabad
ORD003210,CUST0124,PROD0012,2024-11-05,4,20,80580.54,-709.34,Net Banking,Cancelled,Gujarat,Surat
ORD003211,CUST0364,PROD0032,2025-04-24,2,20,18366.42,-1852.56,Cash on Delivery,Returned,Karnataka,Bangalore
ORD003212,CUST0296,PROD0031,2024-01-03,1,0,27024.35,5258.26,Credit Card,Delivered,Telangana,Hyderabad
ORD003213,CUST0333,PROD0022,2023-10-18,5,5,56915.78,10496.33,UPI,Delivered,Maharashtra,Pune
ORD003214,CUST0519,PROD0003,2023-02-19,1,20,16672.11,-1390.76,Cash on Delivery,Delivered,Tamil Nadu,Chennai
ORD003215,CUST0081,PROD0005,2023-01-05,1,5,9881.51,1309.06,Debit Card,Returned,Gujarat,Ahmedabad
ORD003216,CUST0534,PROD0031,2024-12-28,4,5,102692.53,15628.17,Cash on Delivery,Returned,Uttar Pradesh,Kanpur
ORD003217,CUST0390,PROD0004,2024-12-23,1,15,11184.14,-187.0,Credit Card,Returned,Gujarat,Ahmedabad
ORD003218,CUST0446,PROD0031,2025-05-24,1,0,27024.35,5258.26,Debit Card,Delivered,Chandigarh,Chandigarh
ORD003219,CUST0533,PROD0010,2023-12-19,4,5,88869.57,5591.45,Net Banking,Delivered,Kerala,Kochi
ORD003220,CUST0585,PROD0002,2023-08-13,1,0,21096.19,4770.91,Debit Card,Delivered,Maharashtra,Pune
ORD003221,CUST0187,PROD0008,2023-03-28,2,10,19362.92,460.16,Net Banking,Delivered,Delhi,Delhi
ORD003222,CUST0101,PROD0006,2024-02-02,5,15,50087.82,-2348.88,UPI,Returned,Madhya Pradesh,Indore
ORD003223,CUST0211,PROD0011,2025-07-20,1,0,3275.51,725.88,Debit Card,Delivered,Madhya Pradesh,Indore
ORD003224,CUST0565,PROD0005,2023-11-14,3,10,28084.29,2366.94,Cash on Delivery,Cancelled,Delhi,Delhi
ORD003225,CUST0009,PROD0030,2023-07-01,1,0,9467.22,872.58,Cash on Delivery,Delivered,Kerala,Kochi
ORD003226,CUST0208,PROD0024,2024-09-22,1,30,19894.52,-1257.59,Credit Card,Delivered,Uttar Pradesh,Lucknow
ORD003227,CUST0538,PROD0033,2023-07-27,1,5,16714.77,830.45,Net Banking,Returned,Tamil Nadu,Coimbatore
ORD003228,CUST0281,PROD0007,2025-04-11,2,5,25875.95,4365.77,Cash on Delivery,Delivered,Uttar Pradesh,Lucknow
ORD003229,CUST0269,PROD0005,2025-01-20,1,10,9361.43,788.98,UPI,Delivered,Maharashtra,Pune
ORD003230,CUST0423,PROD0034,2025-02-21,1,0,21565.22,2874.34,Debit Card,Delivered,Delhi,Delhi
ORD003231,CUST0437,PROD0010,2023-06-08,1,0,23386.73,2567.2,Cash on Delivery,Delivered,Gujarat,Surat
ORD003232,CUST0158,PROD0035,2023-06-07,2,0,25086.08,3920.4,Credit Card,Delivered,Tamil Nadu,Coimbatore
ORD003233,CUST0156,PROD0034,2024-01-27,4,0,86260.88,11497.36,UPI,Delivered,Telangana,Hyderabad
ORD003234,CUST0496,PROD0015,2023-04-12,4,10,40741.63,4993.99,Credit Card,Delivered,Bihar,Patna
ORD003235,CUST0336,PROD0014,2023-11-05,5,15,40080.77,-1627.73,Net Banking,Delivered,Maharashtra,Pune
ORD003236,CUST0233,PROD0004,2024-06-13,1,0,13157.81,1786.67,Cash on Delivery,Delivered,Maharashtra,Nagpur
ORD003237,CUST0441,PROD0011,2023-06-28,2,20,5240.82,141.56,Cash on Delivery,Delivered,Gujarat,Ahmedabad
ORD003238,CUST0321,PROD0013,2023-07-15,2,20,29221.09,-226.23,Credit Card,Delivered,Bihar,Patna
ORD003239,CUST0235,PROD0003,2024-05-25,4,10,75024.5,2773.02,Net Banking,Delivered,Maharashtra,Mumbai
ORD003240,CUST0592,PROD0021,2025-06-03,2,5,7074.1,1395.64,Net Banking,Delivered,Bihar,Patna
ORD003241,CUST0300,PROD0034,2023-04-24,1,20,17252.18,-1438.7,Debit Card,Delivered,Maharashtra,Nagpur
ORD003242,CUST0453,PROD0009,2023-07-21,2,10,46408.07,235.71,UPI,Delivered,Kerala,Kochi
ORD003243,CUST0125,PROD0033,2023-12-02,2,5,33429.53,1660.89,Credit Card,Returned,Delhi,Delhi
ORD003244,CUST0540,PROD0022,2023-06-13,1,0,11982.27,2698.38,Net Banking,Delivered,Tamil Nadu,Coimbatore
ORD003245,CUST0063,PROD0026,2024-01-14,1,5,16947.04,825.97,Debit Card,Delivered,Madhya Pradesh,Indore
ORD003246,CUST0390,PROD0019,2023-10-25,4,10,60243.08,2197.96,Net Banking,Returned,Gujarat,Ahmedabad
ORD003247,CUST0255,PROD0025,2024-01-02,1,0,25679.41,5191.5,Debit Card,Cancelled,Karnataka,Bangalore
ORD003248,CUST0114,PROD0031,2024-03-08,1,0,27024.35,5258.26,UPI,Delivered,Kerala,Kochi
ORD003249,CUST0264,PROD0016,2023-03-04,2,5,47030.45,9441.33,Unknown,Delivered,Assam,Guwahati
ORD003250,CUST0174,PROD0010,2025-02-06,5,5,111086.97,6989.32,UPI,Delivered,Delhi,Delhi
ORD003251,CUST0188,PROD0028,2024-09-04,1,15,6614.89,-181.19,UPI,Delivered,Maharashtra,Pune
ORD003252,CUST0516,PROD0022,2023-12-14,2,15,20369.86,1802.08,Net Banking,Delivered,Uttar Pradesh,Kanpur
ORD003253,CUST0147,PROD0018,2023-03-05,2,5,34013.89,3873.51,Net Banking,Delivered,Gujarat,Ahmedabad
ORD003254,CUST0163,PROD0033,2023-07-25,2,0,35188.98,3420.34,Credit Card,Cancelled,Madhya Pradesh,Indore
ORD003255,CUST0369,PROD0023,2023-10-12,2,10,33781.19,4948.41,Cash on Delivery,Delivered,Madhya Pradesh,Indore
ORD003256,CUST0303,PROD0033,2024-07-18,1,0,17594.49,1710.17,Credit Card,Delivered,Gujarat,Surat
ORD003257,CUST0009,PROD0002,2025-07-15,1,0,21096.19,4770.91,UPI,Returned,Kerala,Kochi
ORD003258,CUST0142,PROD0011,2023-04-06,1,0,3275.51,725.88,Cash on Delivery,Delivered,Gujarat,Surat
ORD003259,CUST0528,PROD0031,2024-05-20,1,0,27024.35,5258.26,Debit Card,Delivered,Gujarat,Ahmedabad
ORD003260,CUST0011,PROD0023,2025-07-22,2,5,35657.93,6825.15,UPI,Delivered,Maharashtra,Mumbai
ORD003261,CUST0222,PROD0024,2025-03-12,3,10,76736.03,13279.7,Cash on Delivery,Delivered,Chandigarh,Chandigarh
ORD003262,CUST0574,PROD0017,2023-06-11,1,5,23037.06,4968.7,UPI,Delivered,Kerala,Kochi
ORD003263,CUST0351,PROD0022,2025-06-22,1,0,11982.27,2698.38,Cash on Delivery,Cancelled,Gujarat,Surat
ORD003264,CUST0550,PROD0004,2024-07-19,1,10,11842.03,470.89,Debit Card,Returned,Kerala,Kochi
ORD003265,CUST0046,PROD0030,2025-07-13,1,0,9467.22,872.58,Credit Card,Delivered,Gujarat,Ahmedabad
ORD003266,CUST0493,PROD0021,2024-10-17,1,0,3723.21,883.98,Net Banking,Delivered,Maharashtra,Mumbai
ORD003267,CUST0447,PROD0030,2024-09-30,2,0,18934.44,1745.16,UPI,Delivered,Maharashtra,Mumbai
ORD003268,CUST0284,PROD0009,2025-07-04,2,0,51564.52,5392.16,Net Banking,Returned,Karnataka,Bangalore
ORD003269,CUST0337,PROD0006,2024-10-15,4,10,42427.33,477.97,Cash on Delivery,Delivered,Maharashtra,Pune
ORD003270,CUST0461,PROD0004,2023-11-09,1,20,10526.25,-844.89,Net Banking,Delivered,Delhi,Delhi
ORD003271,CUST0565,PROD0002,2024-08-21,2,0,42192.38,9541.82,Net Banking,Returned,Delhi,Delhi
ORD003272,CUST0595,PROD0019,2025-04-12,1,20,13387.35,-1123.93,Cash on Delivery,Delivered,Rajasthan,Jaipur
ORD003273,CUST0055,PROD0034,2023-10-27,3,0,64695.66,8623.02,Credit Card,Delivered,Madhya Pradesh,Indore
ORD003274,CUST0315,PROD0020,2025-03-13,5,0,95201.05,12851.55,Credit Card,Delivered,Rajasthan,Jaipur
ORD003275,CUST0483,PROD0025,2024-03-30,1,0,25679.41,5191.5,Credit Card,Delivered,Uttar Pradesh,Kanpur
ORD003276,CUST0060,PROD0017,2023-11-12,1,5,23037.06,4968.7,Credit Card,Cancelled,Telangana,Hyderabad
ORD003277,CUST0193,PROD0010,2024-07-27,5,0,116933.65,12836.0,Debit Card,Returned,Rajasthan,Jaipur
ORD003278,CUST0379,PROD0008,2024-07-05,1,5,10219.32,767.94,Unknown,Delivered,Tamil Nadu,Chennai
ORD003279,CUST0223,PROD0006,2023-12-27,2,5,22392.2,1417.52,Net Banking,Delivered,Tamil Nadu,Chennai
ORD003280,CUST0404,PROD0021,2024-08-26,1,0,3723.21,883.98,Credit Card,Delivered,Maharashtra,Mumbai
ORD003281,CUST0136,PROD0024,2023-08-07,2,0,56841.5,14537.28,Credit Card,Delivered,Karnataka,Bangalore
ORD003282,CUST0095,PROD0008,2024-07-07,2,20,17211.49,-1691.27,Cash on Delivery,Returned,Delhi,Delhi
ORD003283,CUST0005,PROD0008,2025-07-20,1,5,10219.32,767.94,Debit Card,Delivered,Madhya Pradesh,Indore
ORD003284,CUST0309,PROD0023,2023-08-08,2,0,37534.66,8701.88,Net Banking,Delivered,Madhya Pradesh,Indore
ORD003285,CUST0140,PROD0034,2024-08-03,1,10,19408.7,717.82,Cash on Delivery,Delivered,Uttar Pradesh,Lucknow
ORD003286,CUST0313,PROD0016,2025-04-24,1,0,24752.87,5958.31,Cash on Delivery,Delivered,Madhya Pradesh,Indore
ORD003287,CUST0061,PROD0015,2023-10-18,3,10,30556.22,3745.49,Net Banking,Cancelled,Kerala,Kochi
ORD003288,CUST0264,PROD0024,2024-11-26,1,5,26999.71,5847.6,Credit Card,Returned,Assam,Guwahati
ORD003289,CUST0552,PROD0024,2024-12-14,1,10,25578.68,4426.57,Cash on Delivery,Delivered,Telangana,Hyderabad
ORD003290,CUST0167,PROD0003,2024-08-06,2,10,37512.25,1386.51,Credit Card,Cancelled,Bihar,Patna
ORD003291,CUST0037,PROD0026,2023-02-26,1,0,17838.99,1717.92,Credit Card,Delivered,Uttar Pradesh,Lucknow
ORD003292,CUST0205,PROD0035,2023-12-19,2,5,23831.78,2666.1,Cash on Delivery,Cancelled,Kerala,Kochi
ORD003293,CUST0084,PROD0011,2023-10-07,1,10,2947.96,398.33,UPI,Delivered,Madhya Pradesh,Indore
ORD003294,CUST0588,PROD0011,2023-05-23,2,0,6551.02,1451.76,UPI,Delivered,Maharashtra,Mumbai
ORD003295,CUST0196,PROD0012,2023-07-12,1,0,25181.42,4858.95,Credit Card,Delivered,Maharashtra,Mumbai
ORD003296,CUST0485,PROD0032,2023-02-05,2,30,16070.61,-4148.37,UPI,Delivered,Assam,Guwahati
ORD003297,CUST0484,PROD0007,2025-05-19,1,20,10895.14,140.05,Net Banking,Cancelled,Maharashtra,Pune
ORD003298,CUST0409,PROD0003,2024-07-17,1,10,18756.13,693.26,Debit Card,Delivered,Madhya Pradesh,Indore
ORD003299,CUST0065,PROD0010,2025-06-10,1,5,22217.39,1397.86,Credit Card,Delivered,Rajasthan,Jaipur
ORD003300,CUST0518,PROD0024,2024-11-27,1,5,26999.71,5847.6,Net Banking,Cancelled,Uttar Pradesh,Lucknow
ORD003301,CUST0409,PROD0020,2023-11-06,1,5,18088.2,1618.3,Debit Card,Delivered,Madhya Pradesh,Indore
ORD003302,CUST0558,PROD0009,2023-09-19,2,20,41251.62,-4920.74,Unknown,Delivered,Uttar Pradesh,Kanpur
ORD003303,CUST0434,PROD0025,2024-08-29,4,0,102717.64,20766.0,Credit Card,Delivered,Telangana,Hyderabad
ORD003304,CUST0214,PROD0007,2024-12-17,3,5,38813.92,6548.65,Credit Card,Delivered,Maharashtra,Nagpur
ORD003305,CUST0171,PROD0017,2024-05-05,2,5,46074.13,9937.41,Net Banking,Delivered,Uttar Pradesh,Kanpur
ORD003306,CUST0214,PROD0008,2025-07-09,2,0,21514.36,2611.6,Unknown,Delivered,Maharashtra,Nagpur
ORD003307,CUST0469,PROD0003,2024-09-02,4,5,79192.53,6941.05,UPI,Delivered,Maharashtra,Nagpur
ORD003308,CUST0396,PROD0022,2023-09-29,3,0,35946.81,8095.14,Cash on Delivery,Delivered,Gujarat,Surat
ORD003309,CUST0331,PROD0035,2023-01-23,1,0,12543.04,1960.2,UPI,Delivered,Karnataka,Bangalore
ORD003310,CUST0220,PROD0008,2025-03-08,5,15,45718.02,-1538.88,Credit Card,Returned,Uttar Pradesh,Lucknow
ORD003311,CUST0062,PROD0018,2023-11-09,5,0,89510.25,14159.3,UPI,Returned,Uttar Pradesh,Lucknow
ORD003312,CUST0393,PROD0019,2023-08-17,1,30,11713.93,-2797.35,UPI,Delivered,Tamil Nadu,Coimbatore
ORD003313,CUST0534,PROD0018,2024-05-23,2,5,34013.89,3873.51,Debit Card,Delivered,Uttar Pradesh,Kanpur
ORD003314,CUST0327,PROD0028,2025-05-04,3,0,23346.66,2958.42,Cash on Delivery,Delivered,Uttar Pradesh,Lucknow
ORD003315,CUST0207,PROD0022,2024-09-18,4,0,47929.08,10793.52,Credit Card,Delivered,Karnataka,Bangalore
ORD003316,CUST0570,PROD0032,2023-08-22,1,0,11479.01,1369.52,Debit Card,Delivered,Maharashtra,Pune
ORD003317,CUST0589,PROD0030,2024-10-09,1,5,8993.86,399.22,Debit Card,Delivered,Madhya Pradesh,Bhopal
ORD003318,CUST0273,PROD0008,2024-11-08,2,15,18287.21,-615.55,UPI,Delivered,Bihar,Patna
ORD003319,CUST0308,PROD0009,2024-07-26,1,0,25782.26,2696.08,UPI,Cancelled,Uttar Pradesh,Lucknow
ORD003320,CUST0596,PROD0003,2023-12-26,2,0,41680.28,5554.54,Credit Card,Delivered,Assam,Guwahati
ORD003321,CUST0300,PROD0020,2023-10-30,4,0,76160.84,10281.24,Debit Card,Delivered,Maharashtra,Nagpur
ORD003322,CUST0413,PROD0022,2024-02-21,2,0,23964.54,5396.76,Net Banking,Cancelled,Telangana,Hyderabad
ORD003323,CUST0417,PROD0010,2023-01-06,1,0,23386.73,2567.2,Debit Card,Delivered,Kerala,Kochi
ORD003324,CUST0091,PROD0025,2025-03-30,2,5,48790.88,7815.06,UPI,Delivered,Uttar Pradesh,Lucknow
ORD003325,CUST0478,PROD0019,2023-03-07,4,20,53549.41,-4495.71,Debit Card,Delivered,Telangana,Hyderabad
ORD003326,CUST0071,PROD0030,2023-07-01,3,20,22721.33,-3062.59,Credit Card,Delivered,Tamil Nadu,Chennai
ORD003327,CUST0564,PROD0030,2024-08-20,3,0,28401.66,2617.74,Credit Card,Delivered,Tamil Nadu,Coimbatore
ORD003328,CUST0512,PROD0016,2023-05-14,1,0,24752.87,5958.31,UPI,Delivered,West Bengal,Kolkata
ORD003329,CUST0515,PROD0001,2023-07-12,3,0,69294.39,16526.73,Debit Card,Delivered,Bihar,Patna
ORD003330,CUST0276,PROD0003,2023-03-28,3,10,56268.38,2079.77,Cash on Delivery,Delivered,Maharashtra,Mumbai
ORD003331,CUST0269,PROD0006,2024-07-12,2,20,18856.59,-2118.09,Debit Card,Delivered,Maharashtra,Pune
ORD003332,CUST0012,PROD0025,2025-02-22,2,0,51358.82,10383.0,UPI,Delivered,Tamil Nadu,Chennai
ORD003333,CUST0087,PROD0014,2025-05-27,2,0,18861.54,2178.14,UPI,Returned,Maharashtra,Nagpur
ORD003334,CUST0413,PROD0027,2023-08-11,1,10,27342.19,4104.45,UPI,Delivered,Telangana,Hyderabad
ORD003335,CUST0532,PROD0020,2023-03-15,1,10,17136.19,666.29,UPI,Delivered,Maharashtra,Nagpur
ORD003336,CUST0287,PROD0035,2024-11-13,2,0,25086.08,3920.4,Cash on Delivery,Returned,Karnataka,Bangalore
ORD003337,CUST0060,PROD0008,2023-10-21,1,15,9143.6,-307.78,Net Banking,Returned,Telangana,Hyderabad
ORD003338,CUST0421,PROD0009,2024-11-10,2,0,51564.52,5392.16,Cash on Delivery,Delivered,Maharashtra,Mumbai
ORD003339,CUST0499,PROD0030,2023-08-19,3,0,28401.66,2617.74,Cash on Delivery,Delivered,Bihar,Patna
ORD003340,CUST0168,PROD0031,2023-06-16,1,0,27024.35,5258.26,Debit Card,Delivered,Madhya Pradesh,Indore
ORD003341,CUST0224,PROD0017,2023-08-23,1,5,23037.06,4968.7,UPI,Delivered,Gujarat,Surat
ORD003342,CUST0367,PROD0004,2023-09-26,2,0,26315.62,3573.34,Debit Card,Delivered,Karnataka,Bangalore
ORD003343,CUST0160,PROD0004,2024-02-27,2,0,26315.62,3573.34,Cash on Delivery,Delivered,Rajasthan,Jaipur
ORD003344,CUST0136,PROD0003,2024-08-21,1,5,19798.13,1735.26,Debit Card,Returned,Karnataka,Bangalore
ORD003345,CUST0163,PROD0032,2023-09-14,1,0,11479.01,1369.52,Credit Card,Delivered,Madhya Pradesh,Indore
ORD003346,CUST0404,PROD0034,2025-01-05,1,10,19408.7,717.82,Debit Card,Returned,Maharashtra,Mumbai
ORD003347,CUST0273,PROD0013,2023-03-17,1,0,18263.18,3539.52,UPI,Delivered,Bihar,Patna
ORD003348,CUST0237,PROD0001,2025-07-05,1,20,18478.5,889.28,Cash on Delivery,Delivered,Maharashtra,Pune
ORD003349,CUST0156,PROD0021,2024-01-11,2,5,7074.1,1395.64,Net Banking,Returned,Telangana,Hyderabad
ORD003350,CUST0401,PROD0014,2023-06-08,1,10,8487.69,145.99,Debit Card,Delivered,Tamil Nadu,Coimbatore
ORD003351,CUST0009,PROD0034,2024-02-20,2,20,34504.35,-2877.41,Cash on Delivery,Delivered,Kerala,Kochi
ORD003352,CUST0535,PROD0001,2024-04-20,2,0,46196.26,11017.82,Debit Card,Delivered,Rajasthan,Jaipur
ORD003353,CUST0433,PROD0021,2024-11-23,1,10,3350.89,511.66,Debit Card,Delivered,Karnataka,Bangalore
ORD003354,CUST0189,PROD0022,2024-12-17,1,15,10184.93,901.04,Cash on Delivery,Delivered,Bihar,Patna
ORD003355,CUST0445,PROD0008,2025-02-11,5,0,53785.9,6529.0,Credit Card,Cancelled,Madhya Pradesh,Indore
ORD003356,CUST0434,PROD0016,2025-01-17,1,0,24752.87,5958.31,Net Banking,Delivered,Telangana,Hyderabad
ORD003357,CUST0017,PROD0012,2023-01-19,1,15,21404.21,1081.74,Net Banking,Delivered,Uttar Pradesh,Kanpur
ORD003358,CUST0554,PROD0032,2023-12-26,3,5,32715.18,2386.71,Credit Card,Delivered,Rajasthan,Jaipur
ORD003359,CUST0470,PROD0024,2025-03-15,2,0,56841.5,14537.28,Credit Card,Delivered,Uttar Pradesh,Lucknow
ORD003360,CUST0585,PROD0013,2024-12-15,2,0,36526.36,7079.04,Credit Card,Returned,Maharashtra,Pune
ORD003361,CUST0088,PROD0034,2025-05-18,1,0,21565.22,2874.34,Credit Card,Returned,Uttar Pradesh,Kanpur
ORD003362,CUST0328,PROD0013,2024-07-14,1,20,14610.54,-113.12,UPI,Delivered,Tamil Nadu,Coimbatore
ORD003363,CUST0125,PROD0012,2023-05-24,1,5,23922.35,3599.88,Debit Card,Delivered,Delhi,Delhi
ORD003364,CUST0054,PROD0022,2024-11-15,1,5,11383.16,2099.27,Debit Card,Delivered,Tamil Nadu,Chennai
ORD003365,CUST0083,PROD0034,2023-08-31,3,20,51756.53,-4316.11,Credit Card,Delivered,Chandigarh,Chandigarh
ORD003366,CUST0316,PROD0022,2024-03-12,1,10,10784.04,1500.15,Net Banking,Delivered,Kerala,Kochi
ORD003367,CUST0526,PROD0020,2024-03-03,1,20,15232.17,-1237.73,UPI,Delivered,Uttar Pradesh,Lucknow
ORD003368,CUST0479,PROD0002,2023-12-20,1,0,21096.19,4770.91,Net Banking,Delivered,Telangana,Hyderabad
ORD003369,CUST0424,PROD0002,2024-07-24,2,0,42192.38,9541.82,Net Banking,Cancelled,Uttar Pradesh,Kanpur
ORD003370,CUST0417,PROD0021,2023-03-09,3,5,10611.15,2093.46,Debit Card,Delivered,Kerala,Kochi
ORD003371,CUST0420,PROD0029,2023-05-09,2,0,41467.46,6243.34,Cash on Delivery,Delivered,Maharashtra,Nagpur
ORD003372,CUST0230,PROD0004,2024-03-18,1,0,13157.81,1786.67,Cash on Delivery,Delivered,Tamil Nadu,Coimbatore
ORD003373,CUST0386,PROD0033,2023-05-26,1,10,15835.04,-49.28,Credit Card,Returned,Maharashtra,Pune
ORD003374,CUST0313,PROD0003,2023-06-28,1,30,14588.1,-3474.77,UPI,Delivered,Madhya Pradesh,Indore
ORD003375,CUST0390,PROD0021,2023-01-13,1,5,3537.05,697.82,Debit Card,Delivered,Gujarat,Ahmedabad
ORD003376,CUST0126,PROD0028,2024-04-16,2,20,12451.55,-1140.61,Net Banking,Delivered,Kerala,Kochi
ORD003377,CUST0253,PROD0021,2024-11-14,2,5,7074.1,1395.64,Debit Card,Cancelled,Maharashtra,Pune
ORD003378,CUST0103,PROD0026,2024-04-07,2,20,28542.38,-3699.76,Cash on Delivery,Delivered,Uttar Pradesh,Kanpur
ORD003379,CUST0173,PROD0020,2025-05-22,5,0,95201.05,12851.55,Cash on Delivery,Cancelled,Delhi,Delhi
ORD003380,CUST0141,PROD0019,2025-06-04,1,15,14224.06,-287.22,Cash on Delivery,Delivered,Maharashtra,Nagpur
ORD003381,CUST0132,PROD0020,2025-07-03,1,0,19040.21,2570.31,UPI,Cancelled,Karnataka,Bangalore
ORD003382,CUST0528,PROD0016,2023-12-18,1,0,24752.87,5958.31,UPI,Delivered,Gujarat,Ahmedabad
ORD003383,CUST0400,PROD0016,2024-04-06,1,5,23515.23,4720.67,Debit Card,Returned,Madhya Pradesh,Indore
ORD003384,CUST0095,PROD0002,2024-08-26,1,0,21096.19,4770.91,Debit Card,Delivered,Delhi,Delhi
ORD003385,CUST0360,PROD0002,2024-07-08,2,0,42192.38,9541.82,Net Banking,Delivered,Uttar Pradesh,Lucknow
ORD003386,CUST0535,PROD0023,2024-01-21,1,10,16890.6,2474.21,Debit Card,Delivered,Rajasthan,Jaipur
ORD003387,CUST0106,PROD0012,2023-02-06,3,5,71767.05,10799.64,Debit Card,Delivered,Telangana,Hyderabad
ORD003388,CUST0452,PROD0024,2025-05-18,4,5,107998.85,23390.41,Cash on Delivery,Delivered,Uttar Pradesh,Kanpur
ORD003389,CUST0361,PROD0027,2023-12-29,3,0,91140.63,21427.41,Credit Card,Returned,Delhi,Delhi
ORD003390,CUST0183,PROD0013,2024-06-16,4,5,69400.08,10505.44,Debit Card,Delivered,Uttar Pradesh,Lucknow
ORD003391,CUST0497,PROD0014,2023-07-02,2,10,16975.39,291.99,Cash on Delivery,Delivered,Assam,Guwahati
ORD003392,CUST0127,PROD0028,2024-02-15,2,0,15564.44,1972.28,Net Banking,Delivered,Uttar Pradesh,Lucknow
ORD003393,CUST0180,PROD0025,2023-08-29,2,20,41087.06,111.24,Debit Card,Delivered,Maharashtra,Pune
ORD003394,CUST0263,PROD0023,2025-05-10,1,0,18767.33,4350.94,Net Banking,Delivered,Maharashtra,Mumbai
ORD003395,CUST0336,PROD0035,2024-11-11,1,5,11915.89,1333.05,Net Banking,Delivered,Maharashtra,Pune
ORD003396,CUST0267,PROD0027,2024-04-25,2,5,57722.4,11246.92,Net Banking,Cancelled,Madhya Pradesh,Indore
ORD003397,CUST0574,PROD0009,2024-04-05,2,0,51564.52,5392.16,Net Banking,Delivered,Kerala,Kochi
ORD003398,CUST0376,PROD0018,2024-10-10,1,10,16111.84,1041.65,Debit Card,Delivered,Telangana,Hyderabad
ORD003399,CUST0328,PROD0030,2024-10-18,1,0,9467.22,872.58,UPI,Delivered,Tamil Nadu,Coimbatore
ORD003400,CUST0069,PROD0026,2024-09-05,1,0,17838.99,1717.92,Debit Card,Delivered,Chandigarh,Chandigarh
ORD003401,CUST0121,PROD0003,2025-05-22,1,15,17714.12,-348.75,Cash on Delivery,Delivered,Bihar,Patna
ORD003402,CUST0117,PROD0022,2024-11-23,1,5,11383.16,2099.27,Net Banking,Delivered,Madhya Pradesh,Bhopal
ORD003403,CUST0248,PROD0018,2023-08-17,1,10,16111.84,1041.65,Debit Card,Delivered,Maharashtra,Pune
ORD003404,CUST0145,PROD0015,2023-02-02,1,15,9619.55,682.64,Cash on Delivery,Delivered,Telangana,Hyderabad
ORD003405,CUST0125,PROD0026,2025-02-04,1,10,16055.09,-65.98,Net Banking,Delivered,Delhi,Delhi
ORD003406,CUST0274,PROD0020,2024-08-17,1,0,19040.21,2570.31,UPI,Delivered,Tamil Nadu,Coimbatore
ORD003407,CUST0015,PROD0004,2024-09-29,1,20,10526.25,-844.89,UPI,Delivered,Uttar Pradesh,Lucknow
ORD003408,CUST0380,PROD0010,2024-10-19,2,30,32741.42,-8897.64,UPI,Delivered,Kerala,Kochi
ORD003409,CUST0110,PROD0018,2024-08-30,1,15,15216.74,146.55,Net Banking,Delivered,Gujarat,Ahmedabad
ORD003410,CUST0521,PROD0009,2023-09-04,1,5,24493.15,1406.97,Net Banking,Returned,Uttar Pradesh,Kanpur
ORD003411,CUST0285,PROD0026,2024-03-05,2,5,33894.08,1651.94,Credit Card,Delivered,Kerala,Kochi
ORD003412,CUST0315,PROD0012,2024-10-03,1,0,25181.42,4858.95,Credit Card,Delivered,Rajasthan,Jaipur
ORD003413,CUST0545,PROD0003,2023-08-28,1,10,18756.13,693.26,UPI,Cancelled,Delhi,Delhi
ORD003414,CUST0525,PROD0034,2024-07-21,1,15,18330.44,-360.44,Net Banking,Delivered,Gujarat,Surat
ORD003415,CUST0381,PROD0014,2025-06-15,1,0,9430.77,1089.07,Credit Card,Delivered,Maharashtra,Mumbai
ORD003416,CUST0052,PROD0030,2025-03-03,4,0,37868.88,3490.32,Debit Card,Delivered,Karnataka,Bangalore
ORD003417,CUST0371,PROD0024,2023-01-12,1,10,25578.68,4426.57,UPI,Delivered,Chandigarh,Chandigarh
ORD003418,CUST0408,PROD0008,2024-12-27,1,0,10757.18,1305.8,Net Banking,Delivered,Tamil Nadu,Chennai
ORD003419,CUST0370,PROD0029,2024-08-30,2,0,41467.46,6243.34,UPI,Cancelled,Tamil Nadu,Coimbatore
ORD003420,CUST0216,PROD0027,2025-05-13,1,5,28861.2,5623.46,Debit Card,Delivered,Gujarat,Surat
ORD003421,CUST0597,PROD0029,2024-01-10,2,5,39394.09,4169.97,Cash on Delivery,Delivered,Uttar Pradesh,Lucknow
ORD003422,CUST0377,PROD0026,2024-07-06,3,0,53516.97,5153.76,Credit Card,Delivered,West Bengal,Kolkata
ORD003423,CUST0578,PROD0017,2025-04-28,1,20,19399.63,1331.27,Cash on Delivery,Returned,Maharashtra,Pune
ORD003424,CUST0349,PROD0023,2024-05-03,1,5,17828.96,3412.57,Net Banking,Cancelled,Chandigarh,Chandigarh
ORD003425,CUST0270,PROD0022,2023-06-27,1,0,11982.27,2698.38,Debit Card,Cancelled,Rajasthan,Jaipur
ORD003426,CUST0029,PROD0014,2024-02-03,1,0,9430.77,1089.07,Net Banking,Delivered,Uttar Pradesh,Kanpur
ORD003427,CUST0243,PROD0006,2025-02-20,1,0,11785.37,1298.03,Net Banking,Delivered,Bihar,Patna
ORD003428,CUST0382,PROD0035,2023-08-27,2,10,22577.47,1411.79,Net Banking,Cancelled,Tamil Nadu,Coimbatore
ORD003429,CUST0392,PROD0032,2023-10-12,1,0,11479.01,1369.52,UPI,Delivered,Tamil Nadu,Chennai
ORD003430,CUST0333,PROD0010,2025-06-30,2,20,37418.77,-4220.29,Cash on Delivery,Delivered,Maharashtra,Pune
ORD003431,CUST0581,PROD0015,2024-09-12,2,0,22634.24,4760.42,Credit Card,Returned,Madhya Pradesh,Indore
ORD003432,CUST0198,PROD0014,2023-12-27,3,15,24048.46,-976.64,Net Banking,Delivered,Rajasthan,Jaipur
ORD003433,CUST0382,PROD0026,2023-10-18,1,10,16055.09,-65.98,Debit Card,Cancelled,Tamil Nadu,Coimbatore
ORD003434,CUST0330,PROD0028,2024-01-23,1,0,7782.22,986.14,Credit Card,Delivered,Chandigarh,Chandigarh
ORD003435,CUST0202,PROD0034,2025-04-05,3,20,51756.53,-4316.11,Net Banking,Delivered,Assam,Guwahati
ORD003436,CUST0303,PROD0032,2024-11-16,4,0,45916.04,5478.08,Net Banking,Delivered,Gujarat,Surat
ORD003437,CUST0240,PROD0027,2023-03-25,5,10,136710.94,20522.24,Net Banking,Delivered,Telangana,Hyderabad
ORD003438,CUST0050,PROD0016,2024-08-22,1,5,23515.23,4720.67,Credit Card,Returned,Maharashtra,Pune
ORD003439,CUST0480,PROD0013,2025-01-01,1,0,18263.18,3539.52,UPI,Delivered,Gujarat,Surat
ORD003440,CUST0504,PROD0015,2023-11-21,2,20,18107.39,233.57,UPI,Delivered,Gujarat,Surat
ORD003441,CUST0177,PROD0003,2023-05-15,1,0,20840.14,2777.27,Credit Card,Cancelled,Kerala,Kochi
ORD003442,CUST0500,PROD0014,2024-12-06,1,0,9430.77,1089.07,Credit Card,Returned,West Bengal,Kolkata
ORD003443,CUST0182,PROD0016,2025-05-26,5,10,111387.92,17415.12,UPI,Delivered,Maharashtra,Mumbai
ORD003444,CUST0163,PROD0029,2024-01-10,1,10,18660.36,1048.3,UPI,Delivered,Madhya Pradesh,Indore
ORD003445,CUST0314,PROD0031,2023-10-18,3,0,81073.05,15774.78,Net Banking,Delivered,Chandigarh,Chandigarh
ORD003446,CUST0575,PROD0005,2025-07-18,4,20,33285.09,-1004.71,UPI,Delivered,Tamil Nadu,Chennai
ORD003447,CUST0552,PROD0033,2025-02-08,4,10,63340.16,-197.12,UPI,Returned,Telangana,Hyderabad
ORD003448,CUST0147,PROD0025,2023-01-02,3,20,61630.58,166.85,UPI,Delivered,Gujarat,Ahmedabad
ORD003449,CUST0396,PROD0004,2023-03-07,1,10,11842.03,470.89,Cash on Delivery,Delivered,Gujarat,Surat
ORD003450,CUST0515,PROD0008,2024-10-17,2,0,21514.36,2611.6,Cash on Delivery,Delivered,Bihar,Patna
ORD003451,CUST0202,PROD0012,2024-05-09,1,10,22663.28,2340.81,Credit Card,Delivered,Assam,Guwahati
ORD003452,CUST0223,PROD0017,2024-09-08,1,10,21824.59,3756.23,UPI,Delivered,Tamil Nadu,Chennai
ORD003453,CUST0337,PROD0019,2024-11-21,1,15,14224.06,-287.22,Credit Card,Delivered,Maharashtra,Pune
ORD003454,CUST0446,PROD0012,2023-06-10,5,5,119611.74,17999.39,UPI,Delivered,Chandigarh,Chandigarh
ORD003455,CUST0134,PROD0024,2023-12-19,4,20,90946.4,6337.96,Debit Card,Returned,Assam,Guwahati
ORD003456,CUST0056,PROD0014,2024-10-25,2,0,18861.54,2178.14,UPI,Delivered,Maharashtra,Nagpur
ORD003457,CUST0004,PROD0020,2023-07-06,2,30,26656.29,-6283.51,Credit Card,Delivered,Kerala,Kochi
ORD003458,CUST0122,PROD0025,2023-06-21,2,15,43655.0,2679.18,UPI,Returned,Kerala,Kochi
ORD003459,CUST0465,PROD0027,2025-06-12,3,15,77469.54,7756.32,Cash on Delivery,Delivered,Bihar,Patna
ORD003460,CUST0083,PROD0026,2024-02-29,4,5,67788.16,3303.88,UPI,Delivered,Chandigarh,Chandigarh
ORD003461,CUST0583,PROD0030,2025-02-06,1,0,9467.22,872.58,Net Banking,Delivered,Uttar Pradesh,Kanpur
ORD003462,CUST0343,PROD0001,2023-06-24,3,5,65829.67,13062.01,Debit Card,Delivered,Rajasthan,Jaipur
ORD003463,CUST0505,PROD0016,2023-02-25,2,5,47030.45,9441.33,Debit Card,Delivered,Maharashtra,Nagpur
ORD003464,CUST0052,PROD0034,2023-06-22,1,5,20486.96,1796.08,Net Banking,Delivered,Karnataka,Bangalore
ORD003465,CUST0117,PROD0016,2024-12-16,5,15,105199.7,11226.9,Net Banking,Delivered,Madhya Pradesh,Bhopal
ORD003466,CUST0134,PROD0013,2023-09-02,2,5,34700.04,5252.72,UPI,Delivered,Assam,Guwahati
ORD003467,CUST0360,PROD0019,2025-04-29,2,20,26774.7,-2247.86,Debit Card,Delivered,Uttar Pradesh,Lucknow
ORD003468,CUST0556,PROD0028,2024-01-21,2,5,14786.22,1194.06,Credit Card,Cancelled,Bihar,Patna
ORD003469,CUST0528,PROD0031,2024-08-13,3,0,81073.05,15774.78,Credit Card,Returned,Gujarat,Ahmedabad
ORD003470,CUST0042,PROD0029,2024-08-11,2,5,39394.09,4169.97,Credit Card,Returned,Assam,Guwahati
ORD003471,CUST0111,PROD0033,2025-03-28,3,5,50144.3,2491.34,Net Banking,Delivered,Rajasthan,Jaipur
ORD003472,CUST0464,PROD0023,2023-06-06,1,5,17828.96,3412.57,Cash on Delivery,Delivered,Bihar,Patna
ORD003473,CUST0131,PROD0002,2023-10-04,1,5,20041.38,3716.1,UPI,Cancelled,Tamil Nadu,Chennai
ORD003474,CUST0426,PROD0015,2023-12-22,1,5,10751.26,1814.35,Credit Card,Delivered,Delhi,Delhi
ORD003475,CUST0490,PROD0034,2023-09-18,2,15,36660.87,-720.89,UPI,Delivered,Assam,Guwahati
ORD003476,CUST0403,PROD0014,2023-11-19,1,15,8016.15,-325.55,Cash on Delivery,Delivered,Assam,Guwahati
ORD003477,CUST0083,PROD0023,2024-07-05,4,5,71315.85,13650.29,Credit Card,Delivered,Chandigarh,Chandigarh
ORD003478,CUST0273,PROD0022,2024-03-26,2,10,21568.09,3000.31,UPI,Returned,Bihar,Patna
ORD003479,CUST0454,PROD0027,2024-09-25,1,10,27342.19,4104.45,Credit Card,Delivered,Uttar Pradesh,Lucknow
ORD003480,CUST0109,PROD0001,2023-04-05,2,20,36957.01,1778.57,UPI,Cancelled,West Bengal,Kolkata
ORD003481,CUST0160,PROD0006,2023-02-27,1,20,9428.3,-1059.04,Debit Card,Returned,Rajasthan,Jaipur
ORD003482,CUST0026,PROD0035,2024-12-09,1,5,11915.89,1333.05,Cash on Delivery,Delivered,Karnataka,Bangalore
ORD003483,CUST0108,PROD0016,2023-01-07,2,30,34654.02,-2935.1,UPI,Delivered,Telangana,Hyderabad
ORD003484,CUST0537,PROD0005,2024-07-02,1,0,10401.59,1829.14,Credit Card,Delivered,Maharashtra,Pune
ORD003485,CUST0438,PROD0002,2025-07-19,3,10,56959.71,7983.87,Debit Card,Delivered,Rajasthan,Jaipur
ORD003486,CUST0512,PROD0004,2023-04-02,1,0,13157.81,1786.67,Net Banking,Delivered,West Bengal,Kolkata
ORD003487,CUST0455,PROD0034,2024-05-07,1,5,20486.96,1796.08,Net Banking,Delivered,Maharashtra,Pune
ORD003488,CUST0207,PROD0026,2023-01-07,1,0,17838.99,1717.92,Cash on Delivery,Cancelled,Karnataka,Bangalore
ORD003489,CUST0475,PROD0024,2024-07-22,4,10,102314.7,17706.26,UPI,Cancelled,Maharashtra,Pune
ORD003490,CUST0242,PROD0020,2025-07-18,2,30,26656.29,-6283.51,Debit Card,Delivered,Kerala,Kochi
ORD003491,CUST0230,PROD0018,2024-12-18,1,0,17902.05,2831.86,Net Banking,Delivered,Tamil Nadu,Coimbatore
ORD003492,CUST0183,PROD0006,2025-05-28,2,15,20035.13,-939.55,Cash on Delivery,Delivered,Uttar Pradesh,Lucknow
ORD003493,CUST0389,PROD0027,2024-03-21,2,0,60760.42,14284.94,Net Banking,Returned,Kerala,Kochi
ORD003494,CUST0313,PROD0014,2023-11-14,5,0,47153.85,5445.35,UPI,Delivered,Madhya Pradesh,Indore
ORD003495,CUST0027,PROD0013,2024-02-09,1,5,17350.02,2626.36,Credit Card,Delivered,Telangana,Hyderabad
ORD003496,CUST0038,PROD0017,2023-12-16,2,10,43649.17,7512.45,Net Banking,Delivered,Delhi,Delhi
ORD003497,CUST0216,PROD0016,2025-04-18,1,0,24752.87,5958.31,Net Banking,Cancelled,Gujarat,Surat
ORD003498,CUST0262,PROD0007,2025-07-30,1,0,13618.92,2863.83,Net Banking,Returned,Assam,Guwahati
ORD003499,CUST0479,PROD0012,2025-02-08,1,5,23922.35,3599.88,Credit Card,Delivered,Telangana,Hyderabad
ORD003500,CUST0381,PROD0006,2025-06-05,2,10,21213.67,238.99,Cash on Delivery,Delivered,Maharashtra,Mumbai
ORD003501,CUST0372,PROD0009,2024-09-18,1,5,24493.15,1406.97,Debit Card,Delivered,Bihar,Patna
ORD003502,CUST0440,PROD0017,2023-12-23,2,0,48499.08,12362.36,UPI,Cancelled,Maharashtra,Pune
ORD003503,CUST0029,PROD0006,2023-02-23,1,0,11785.37,1298.03,Net Banking,Cancelled,Uttar Pradesh,Kanpur
ORD003504,CUST0086,PROD0012,2023-12-02,1,5,23922.35,3599.88,UPI,Delivered,West Bengal,Kolkata
ORD003505,CUST0549,PROD0028,2023-11-08,1,0,7782.22,986.14,Credit Card,Delivered,Uttar Pradesh,Kanpur
ORD003506,CUST0015,PROD0022,2023-04-05,5,0,59911.35,13491.9,Unknown,Delivered,Uttar Pradesh,Lucknow
ORD003507,CUST0538,PROD0005,2024-03-06,1,0,10401.59,1829.14,Credit Card,Returned,Tamil Nadu,Coimbatore
ORD003508,CUST0232,PROD0014,2024-10-19,2,0,18861.54,2178.14,Credit Card,Delivered,Assam,Guwahati
ORD003509,CUST0574,PROD0027,2024-11-14,1,10,27342.19,4104.45,Credit Card,Delivered,Kerala,Kochi
ORD003510,CUST0297,PROD0023,2025-04-16,2,15,31904.46,3071.68,UPI,Delivered,Tamil Nadu,Chennai
ORD003511,CUST0596,PROD0031,2023-05-11,1,0,27024.35,5258.26,Cash on Delivery,Cancelled,Assam,Guwahati
ORD003512,CUST0122,PROD0026,2024-07-20,1,5,16947.04,825.97,Net Banking,Returned,Kerala,Kochi
ORD003513,CUST0416,PROD0018,2025-03-29,1,5,17006.95,1936.76,Debit Card,Returned,Maharashtra,Nagpur
ORD003514,CUST0043,PROD0025,2023-09-21,2,0,51358.82,10383.0,UPI,Delivered,Uttar Pradesh,Lucknow
ORD003515,CUST0454,PROD0008,2024-10-20,1,5,10219.32,767.94,UPI,Delivered,Uttar Pradesh,Lucknow
ORD003516,CUST0551,PROD0020,2025-02-06,1,0,19040.21,2570.31,Debit Card,Returned,Gujarat,Ahmedabad
ORD003517,CUST0513,PROD0032,2023-12-14,1,5,10905.06,795.57,Credit Card,Delivered,Gujarat,Ahmedabad
ORD003518,CUST0402,PROD0013,2024-08-05,1,0,18263.18,3539.52,Credit Card,Cancelled,Karnataka,Bangalore
ORD003519,CUST0507,PROD0015,2024-09-12,2,5,21502.53,3628.71,Debit Card,Cancelled,Delhi,Delhi
ORD003520,CUST0486,PROD0021,2024-03-23,2,5,7074.1,1395.64,Credit Card,Returned,Tamil Nadu,Chennai
ORD003521,CUST0046,PROD0002,2024-01-25,2,0,42192.38,9541.82,Credit Card,Delivered,Gujarat,Ahmedabad
ORD003522,CUST0028,PROD0028,2023-06-27,1,0,7782.22,986.14,Net Banking,Returned,Bihar,Patna
ORD003523,CUST0102,PROD0026,2025-07-17,1,0,17838.99,1717.92,UPI,Delivered,Telangana,Hyderabad
ORD003524,CUST0057,PROD0025,2025-06-21,1,0,25679.41,5191.5,UPI,Cancelled,Bihar,Patna
ORD003525,CUST0178,PROD0018,2025-02-04,1,15,15216.74,146.55,Credit Card,Delivered,Madhya Pradesh,Indore
ORD003526,CUST0578,PROD0029,2023-01-16,3,15,52871.01,34.83,Net Banking,Delivered,Maharashtra,Pune
ORD003527,CUST0077,PROD0031,2023-12-06,1,0,27024.35,5258.26,Net Banking,Delivered,Maharashtra,Pune
ORD003528,CUST0519,PROD0019,2023-02-13,2,10,30121.54,1098.98,Credit Card,Delivered,Tamil Nadu,Chennai
ORD003529,CUST0463,PROD0030,2025-01-30,2,20,15147.55,-2041.73,UPI,Delivered,Telangana,Hyderabad
ORD003530,CUST0013,PROD0027,2023-11-03,1,30,21266.15,-1971.59,Cash on Delivery,Delivered,Uttar Pradesh,Lucknow
ORD003531,CUST0342,PROD0028,2024-02-23,1,10,7004.0,207.92,Debit Card,Delivered,Bihar,Patna
ORD003532,CUST0179,PROD0003,2024-07-25,4,15,70856.48,-1395.0,UPI,Delivered,Gujarat,Ahmedabad
ORD003533,CUST0480,PROD0020,2024-01-12,2,0,38080.42,5140.62,Net Banking,Delivered,Gujarat,Surat
ORD003534,CUST0089,PROD0025,2024-07-31,1,10,23111.47,2623.56,Net Banking,Delivered,Chandigarh,Chandigarh
ORD003535,CUST0172,PROD0013,2023-03-18,1,15,15523.7,800.04,Credit Card,Delivered,Gujarat,Ahmedabad
ORD003536,CUST0422,PROD0030,2024-02-08,1,20,7573.78,-1020.86,Net Banking,Cancelled,Kerala,Kochi
ORD003537,CUST0553,PROD0029,2025-05-27,2,15,35247.34,23.22,Credit Card,Delivered,Tamil Nadu,Coimbatore
ORD003538,CUST0241,PROD0011,2025-05-26,2,0,6551.02,1451.76,Net Banking,Delivered,Bihar,Patna
ORD003539,CUST0299,PROD0019,2025-07-18,2,5,31794.96,2772.4,UPI,Cancelled,Gujarat,Surat
ORD003540,CUST0199,PROD0016,2025-03-18,2,15,42079.88,4490.76,UPI,Returned,Tamil Nadu,Coimbatore
ORD003541,CUST0072,PROD0009,2025-05-02,1,0,25782.26,2696.08,Debit Card,Delivered,Chandigarh,Chandigarh
ORD003542,CUST0227,PROD0002,2024-11-22,1,5,20041.38,3716.1,Debit Card,Delivered,Maharashtra,Pune
ORD003543,CUST0248,PROD0027,2023-10-04,3,5,86583.6,16870.38,Net Banking,Delivered,Maharashtra,Pune
ORD003544,CUST0353,PROD0012,2023-07-03,2,15,42808.41,2163.47,Cash on Delivery,Cancelled,Kerala,Kochi
ORD003545,CUST0129,PROD0004,2023-05-15,4,10,47368.12,1883.56,Cash on Delivery,Returned,Chandigarh,Chandigarh
ORD003546,CUST0081,PROD0030,2024-05-04,1,0,9467.22,872.58,Net Banking,Returned,Gujarat,Ahmedabad
ORD003547,CUST0121,PROD0009,2024-06-22,5,5,122465.73,7034.83,UPI,Cancelled,Bihar,Patna
ORD003548,CUST0359,PROD0006,2025-03-18,1,0,11785.37,1298.03,Debit Card,Delivered,Madhya Pradesh,Bhopal
ORD003549,CUST0015,PROD0029,2024-04-20,2,0,41467.46,6243.34,Credit Card,Delivered,Uttar Pradesh,Lucknow
ORD003550,CUST0050,PROD0005,2023-05-01,2,0,20803.18,3658.28,Credit Card,Delivered,Maharashtra,Pune
ORD003551,CUST0484,PROD0011,2025-01-20,3,5,9335.2,1686.31,Debit Card,Delivered,Maharashtra,Pune
ORD003552,CUST0163,PROD0018,2023-10-11,1,5,17006.95,1936.76,Credit Card,Returned,Madhya Pradesh,Indore
ORD003553,CUST0106,PROD0002,2024-09-26,2,20,33753.9,1103.34,Debit Card,Delivered,Telangana,Hyderabad
ORD003554,CUST0155,PROD0008,2024-05-31,1,10,9681.46,230.08,Cash on Delivery,Returned,Gujarat,Ahmedabad
ORD003555,CUST0394,PROD0009,2025-04-04,2,0,51564.52,5392.16,Cash on Delivery,Delivered,Assam,Guwahati
ORD003556,CUST0590,PROD0004,2023-06-08,1,0,13157.81,1786.67,Debit Card,Returned,Madhya Pradesh,Indore
ORD003557,CUST0440,PROD0010,2024-02-25,2,0,46773.46,5134.4,Debit Card,Returned,Maharashtra,Pune
ORD003558,CUST0160,PROD0018,2023-04-19,1,10,16111.84,1041.65,Debit Card,Delivered,Rajasthan,Jaipur
ORD003559,CUST0260,PROD0017,2024-09-16,1,5,23037.06,4968.7,Cash on Delivery,Delivered,Madhya Pradesh,Indore
ORD003560,CUST0371,PROD0009,2023-08-15,1,0,25782.26,2696.08,Cash on Delivery,Delivered,Chandigarh,Chandigarh
ORD003561,CUST0553,PROD0026,2023-07-19,1,0,17838.99,1717.92,Cash on Delivery,Delivered,Tamil Nadu,Coimbatore
ORD003562,CUST0386,PROD0020,2024-12-10,5,0,95201.05,12851.55,Debit Card,Delivered,Maharashtra,Pune
ORD003563,CUST0471,PROD0002,2024-09-13,4,5,80165.52,14864.4,Cash on Delivery,Cancelled,Kerala,Kochi
ORD003564,CUST0212,PROD0028,2023-03-26,3,5,22179.33,1791.09,Credit Card,Delivered,Gujarat,Surat
ORD003565,CUST0036,PROD0029,2024-02-14,1,30,14513.61,-3098.45,Net Banking,Returned,Kerala,Kochi
ORD003566,CUST0407,PROD0003,2024-11-05,2,5,39596.27,3470.53,Debit Card,Delivered,Bihar,Patna
ORD003567,CUST0366,PROD0033,2023-05-31,1,0,17594.49,1710.17,UPI,Delivered,Assam,Guwahati
ORD003568,CUST0095,PROD0001,2025-05-25,1,0,23098.13,5508.91,Cash on Delivery,Delivered,Delhi,Delhi
ORD003569,CUST0336,PROD0027,2025-04-30,1,0,30380.21,7142.47,Net Banking,Delivered,Maharashtra,Pune
ORD003570,CUST0115,PROD0021,2024-12-22,1,20,2978.57,139.34,UPI,Cancelled,Karnataka,Bangalore
ORD003571,CUST0235,PROD0007,2023-07-27,1,0,13618.92,2863.83,Debit Card,Cancelled,Maharashtra,Mumbai
ORD003572,CUST0475,PROD0010,2023-08-31,1,0,23386.73,2567.2,Cash on Delivery,Delivered,Maharashtra,Pune
ORD003573,CUST0023,PROD0015,2024-03-24,2,15,19239.1,1365.28,Debit Card,Cancelled,Uttar Pradesh,Kanpur
ORD003574,CUST0121,PROD0032,2025-04-25,3,0,34437.03,4108.56,Cash on Delivery,Cancelled,Bihar,Patna
ORD003575,CUST0505,PROD0018,2023-04-26,1,0,17902.05,2831.86,Credit Card,Delivered,Maharashtra,Nagpur
ORD003576,CUST0346,PROD0021,2023-05-08,1,0,3723.21,883.98,UPI,Delivered,Tamil Nadu,Chennai
ORD003577,CUST0456,PROD0013,2024-05-18,2,10,32873.72,3426.4,Net Banking,Delivered,Maharashtra,Pune
ORD003578,CUST0372,PROD0010,2024-11-14,1,0,23386.73,2567.2,Credit Card,Delivered,Bihar,Patna
ORD003579,CUST0257,PROD0019,2023-03-27,1,10,15060.77,549.49,Credit Card,Delivered,Gujarat,Ahmedabad
ORD003580,CUST0468,PROD0019,2024-10-13,1,0,16734.19,2222.91,Debit Card,Returned,Rajasthan,Jaipur
ORD003581,CUST0240,PROD0026,2025-04-01,1,20,14271.19,-1849.88,Net Banking,Delivered,Telangana,Hyderabad
ORD003582,CUST0311,PROD0023,2025-05-27,1,0,18767.33,4350.94,Net Banking,Delivered,Uttar Pradesh,Kanpur
ORD003583,CUST0240,PROD0029,2024-12-22,2,5,39394.09,4169.97,Net Banking,Returned,Telangana,Hyderabad
ORD003584,CUST0485,PROD0032,2024-07-19,3,15,29271.48,-1056.99,Cash on Delivery,Delivered,Assam,Guwahati
ORD003585,CUST0488,PROD0017,2024-08-29,2,0,48499.08,12362.36,Net Banking,Returned,Maharashtra,Nagpur
ORD003586,CUST0100,PROD0002,2023-12-22,1,20,16876.95,551.67,Debit Card,Delivered,Maharashtra,Pune
ORD003587,CUST0044,PROD0026,2024-11-06,1,5,16947.04,825.97,Net Banking,Delivered,Madhya Pradesh,Bhopal
ORD003588,CUST0131,PROD0034,2024-11-24,2,0,43130.44,5748.68,UPI,Returned,Tamil Nadu,Chennai
ORD003589,CUST0528,PROD0028,2023-12-26,2,10,14008.0,415.84,Credit Card,Delivered,Gujarat,Ahmedabad
ORD003590,CUST0352,PROD0022,2024-08-27,2,0,23964.54,5396.76,Debit Card,Delivered,Tamil Nadu,Chennai
ORD003591,CUST0565,PROD0007,2024-06-13,1,0,13618.92,2863.83,Credit Card,Delivered,Delhi,Delhi
ORD003592,CUST0394,PROD0002,2025-03-17,1,20,16876.95,551.67,Cash on Delivery,Delivered,Assam,Guwahati
ORD003593,CUST0584,PROD0009,2025-01-31,1,10,23204.03,117.85,UPI,Delivered,Telangana,Hyderabad
ORD003594,CUST0216,PROD0024,2023-07-30,1,0,28420.75,7268.64,UPI,Delivered,Gujarat,Surat
ORD003595,CUST0044,PROD0029,2023-04-19,1,10,18660.36,1048.3,UPI,Delivered,Madhya Pradesh,Bhopal
ORD003596,CUST0359,PROD0027,2023-03-24,1,0,30380.21,7142.47,Debit Card,Delivered,Madhya Pradesh,Bhopal
ORD003597,CUST0365,PROD0004,2023-03-25,4,0,52631.24,7146.68,Credit Card,Delivered,Delhi,Delhi
ORD003598,CUST0395,PROD0034,2024-11-28,1,5,20486.96,1796.08,Cash on Delivery,Cancelled,Bihar,Patna
ORD003599,CUST0555,PROD0020,2025-06-01,1,0,19040.21,2570.31,Net Banking,Delivered,Uttar Pradesh,Kanpur
ORD003600,CUST0556,PROD0021,2024-12-02,1,15,3164.73,325.5,Credit Card,Delivered,Bihar,Patna
ORD003601,CUST0401,PROD0006,2023-04-20,1,10,10606.83,119.49,Debit Card,Delivered,Tamil Nadu,Coimbatore
ORD003602,CUST0328,PROD0033,2023-12-13,1,20,14075.59,-1808.73,Credit Card,Delivered,Tamil Nadu,Coimbatore
ORD003603,CUST0084,PROD0010,2025-03-14,1,20,18709.38,-2110.15,Credit Card,Delivered,Madhya Pradesh,Indore
ORD003604,CUST0503,PROD0025,2025-06-17,1,0,25679.41,5191.5,UPI,Cancelled,Assam,Guwahati
ORD003605,CUST0270,PROD0028,2024-06-27,1,0,7782.22,986.14,Cash on Delivery,Delivered,Rajasthan,Jaipur
ORD003606,CUST0420,PROD0022,2023-01-02,2,15,20369.86,1802.08,Credit Card,Returned,Maharashtra,Nagpur
ORD003607,CUST0293,PROD0030,2023-02-28,1,5,8993.86,399.22,Credit Card,Delivered,West Bengal,Kolkata
ORD003608,CUST0477,PROD0028,2024-05-19,1,15,6614.89,-181.19,Cash on Delivery,Delivered,Karnataka,Bangalore
ORD003609,CUST0371,PROD0016,2025-03-08,2,0,49505.74,11916.62,Debit Card,Delivered,Chandigarh,Chandigarh
ORD003610,CUST0561,PROD0001,2025-07-12,3,0,69294.39,16526.73,Net Banking,Delivered,Telangana,Hyderabad
ORD003611,CUST0388,PROD0009,2023-10-29,2,0,51564.52,5392.16,Credit Card,Delivered,West Bengal,Kolkata
ORD003612,CUST0063,PROD0026,2023-12-10,1,0,17838.99,1717.92,Debit Card,Delivered,Madhya Pradesh,Indore
ORD003613,CUST0251,PROD0025,2024-10-01,3,15,65482.5,4018.77,UPI,Cancelled,Maharashtra,Pune
ORD003614,CUST0585,PROD0023,2025-01-20,1,20,15013.86,597.47,Credit Card,Delivered,Maharashtra,Pune
ORD003615,CUST0033,PROD0016,2024-05-04,1,5,23515.23,4720.67,Credit Card,Delivered,Tamil Nadu,Chennai
ORD003616,CUST0378,PROD0020,2024-07-20,3,15,48552.54,-857.16,Debit Card,Cancelled,Rajasthan,Jaipur
ORD003617,CUST0341,PROD0012,2023-07-29,1,5,23922.35,3599.88,UPI,Returned,Kerala,Kochi
ORD003618,CUST0186,PROD0011,2024-01-08,2,0,6551.02,1451.76,UPI,Cancelled,Telangana,Hyderabad
ORD003619,CUST0101,PROD0029,2024-05-22,1,0,20733.73,3121.67,Debit Card,Delivered,Madhya Pradesh,Indore
ORD003620,CUST0217,PROD0021,2024-03-09,1,15,3164.73,325.5,Net Banking,Returned,Maharashtra,Mumbai
ORD003621,CUST0141,PROD0018,2023-05-17,2,10,32223.69,2083.31,Net Banking,Cancelled,Maharashtra,Nagpur
ORD003622,CUST0174,PROD0021,2025-06-07,5,20,14892.84,696.69,Cash on Delivery,Delivered,Delhi,Delhi
ORD003623,CUST0574,PROD0007,2025-02-27,2,15,23152.16,1641.98,Debit Card,Delivered,Kerala,Kochi
ORD003624,CUST0448,PROD0035,2024-04-15,1,5,11915.89,1333.05,Net Banking,Cancelled,Gujarat,Surat
ORD003625,CUST0345,PROD0022,2024-03-05,1,0,11982.27,2698.38,Cash on Delivery,Delivered,Kerala,Kochi
ORD003626,CUST0068,PROD0001,2024-07-20,5,15,98167.05,10220.95,Cash on Delivery,Delivered,Gujarat,Surat
ORD003627,CUST0058,PROD0034,2023-05-18,4,0,86260.88,11497.36,Debit Card,Delivered,Kerala,Kochi
ORD003628,CUST0541,PROD0016,2024-09-18,1,5,23515.23,4720.67,Credit Card,Delivered,Karnataka,Bangalore
ORD003629,CUST0004,PROD0027,2025-01-24,1,10,27342.19,4104.45,Unknown,Delivered,Kerala,Kochi
ORD003630,CUST0059,PROD0024,2024-10-24,3,15,72472.91,9016.58,Credit Card,Returned,Maharashtra,Mumbai
ORD003631,CUST0165,PROD0016,2024-07-18,2,0,49505.74,11916.62,Credit Card,Delivered,Gujarat,Ahmedabad
ORD003632,CUST0227,PROD0032,2023-10-18,1,0,11479.01,1369.52,Unknown,Delivered,Maharashtra,Pune
ORD003633,CUST0573,PROD0005,2025-07-21,1,5,9881.51,1309.06,Unknown,Delivered,Gujarat,Ahmedabad
ORD003634,CUST0440,PROD0011,2023-04-27,3,5,9335.2,1686.31,UPI,Delivered,Maharashtra,Pune
ORD003635,CUST0210,PROD0029,2025-07-28,1,0,20733.73,3121.67,UPI,Returned,Gujarat,Surat
ORD003636,CUST0206,PROD0017,2024-10-27,1,0,24249.54,6181.18,Net Banking,Delivered,West Bengal,Kolkata
ORD003637,CUST0108,PROD0003,2024-03-26,3,20,50016.34,-4172.27,Cash on Delivery,Delivered,Telangana,Hyderabad
ORD003638,CUST0581,PROD0034,2025-02-19,1,15,18330.44,-360.44,Net Banking,Cancelled,Madhya Pradesh,Indore
ORD003639,CUST0104,PROD0002,2024-04-11,1,30,14767.33,-1557.95,UPI,Delivered,Bihar,Patna
ORD003640,CUST0062,PROD0003,2024-10-25,1,0,20840.14,2777.27,Credit Card,Cancelled,Uttar Pradesh,Lucknow
ORD003641,CUST0149,PROD0023,2023-12-21,1,0,18767.33,4350.94,Cash on Delivery,Returned,Uttar Pradesh,Kanpur
ORD003642,CUST0072,PROD0007,2025-07-13,1,0,13618.92,2863.83,Cash on Delivery,Delivered,Chandigarh,Chandigarh
ORD003643,CUST0078,PROD0001,2023-11-10,1,5,21943.22,4354.0,Cash on Delivery,Delivered,Karnataka,Bangalore
ORD003644,CUST0369,PROD0024,2025-02-18,1,10,25578.68,4426.57,Debit Card,Delivered,Madhya Pradesh,Indore
ORD003645,CUST0404,PROD0034,2023-07-18,1,5,20486.96,1796.08,Net Banking,Delivered,Maharashtra,Mumbai
ORD003646,CUST0084,PROD0022,2024-11-21,2,5,22766.31,4198.53,UPI,Cancelled,Madhya Pradesh,Indore
ORD003647,CUST0368,PROD0019,2025-02-02,2,5,31794.96,2772.4,Cash on Delivery,Returned,Telangana,Hyderabad
ORD003648,CUST0044,PROD0024,2024-10-21,1,30,19894.52,-1257.59,Net Banking,Delivered,Madhya Pradesh,Bhopal
ORD003649,CUST0339,PROD0026,2023-02-19,1,10,16055.09,-65.98,Debit Card,Returned,Kerala,Kochi
ORD003650,CUST0130,PROD0017,2025-03-26,1,15,20612.11,2543.75,UPI,Delivered,Chandigarh,Chandigarh
ORD003651,CUST0133,PROD0029,2023-06-18,2,0,41467.46,6243.34,UPI,Delivered,Maharashtra,Pune
ORD003652,CUST0419,PROD0013,2024-04-04,1,0,18263.18,3539.52,Credit Card,Delivered,Uttar Pradesh,Lucknow
ORD003653,CUST0038,PROD0035,2024-01-05,1,0,12543.04,1960.2,Net Banking,Delivered,Delhi,Delhi
ORD003654,CUST0522,PROD0006,2025-07-16,1,0,11785.37,1298.03,UPI,Delivered,Rajasthan,Jaipur
ORD003655,CUST0267,PROD0022,2024-09-13,5,0,59911.35,13491.9,Debit Card,Delivered,Madhya Pradesh,Indore
ORD003656,CUST0159,PROD0011,2025-03-10,2,15,5568.37,469.11,Net Banking,Delivered,Uttar Pradesh,Lucknow
ORD003657,CUST0202,PROD0027,2025-07-22,4,0,121520.84,28569.88,Net Banking,Returned,Assam,Guwahati
ORD003658,CUST0254,PROD0016,2024-05-31,1,10,22277.58,3483.02,Cash on Delivery,Delivered,Uttar Pradesh,Lucknow
ORD003659,CUST0002,PROD0010,2023-11-14,2,0,46773.46,5134.4,Debit Card,Delivered,Rajasthan,Jaipur
ORD003660,CUST0257,PROD0011,2024-09-30,2,5,6223.47,1124.21,Debit Card,Returned,Gujarat,Ahmedabad
ORD003661,CUST0222,PROD0022,2025-07-21,2,0,23964.54,5396.76,Cash on Delivery,Delivered,Chandigarh,Chandigarh
ORD003662,CUST0373,PROD0021,2024-12-14,1,0,3723.21,883.98,Credit Card,Cancelled,Assam,Guwahati
ORD003663,CUST0150,PROD0018,2024-01-04,1,0,17902.05,2831.86,Debit Card,Delivered,Bihar,Patna
ORD003664,CUST0241,PROD0003,2024-05-12,1,5,19798.13,1735.26,Unknown,Delivered,Bihar,Patna
ORD003665,CUST0289,PROD0002,2023-09-24,1,5,20041.38,3716.1,UPI,Delivered,Maharashtra,Pune
ORD003666,CUST0101,PROD0032,2024-10-17,3,5,32715.18,2386.71,Credit Card,Delivered,Madhya Pradesh,Indore
ORD003667,CUST0176,PROD0026,2023-07-03,1,0,17838.99,1717.92,Cash on Delivery,Delivered,Telangana,Hyderabad
ORD003668,CUST0484,PROD0015,2025-03-17,1,5,10751.26,1814.35,Net Banking,Delivered,Maharashtra,Pune
ORD003669,CUST0595,PROD0007,2024-01-06,2,0,27237.84,5727.66,Credit Card,Delivered,Rajasthan,Jaipur
ORD003670,CUST0590,PROD0032,2023-05-04,2,20,18366.42,-1852.56,Unknown,Returned,Madhya Pradesh,Indore
ORD003671,CUST0295,PROD0005,2024-12-09,2,20,16642.54,-502.36,Net Banking,Delivered,Tamil Nadu,Chennai
ORD003672,CUST0348,PROD0002,2024-06-30,1,5,20041.38,3716.1,Net Banking,Delivered,Assam,Guwahati
ORD003673,CUST0345,PROD0031,2025-01-28,5,0,135121.75,26291.3,UPI,Delivered,Kerala,Kochi
ORD003674,CUST0384,PROD0028,2025-03-11,1,5,7393.11,597.03,Net Banking,Delivered,Gujarat,Surat
ORD003675,CUST0250,PROD0003,2024-10-30,2,5,39596.27,3470.53,Debit Card,Delivered,Chandigarh,Chandigarh
ORD003676,CUST0371,PROD0020,2024-03-06,1,15,16184.18,-285.72,Credit Card,Delivered,Chandigarh,Chandigarh
ORD003677,CUST0339,PROD0033,2023-06-04,2,5,33429.53,1660.89,UPI,Delivered,Kerala,Kochi
ORD003678,CUST0573,PROD0015,2023-05-10,1,15,9619.55,682.64,Credit Card,Delivered,Gujarat,Ahmedabad
ORD003679,CUST0564,PROD0014,2024-10-17,1,5,8959.23,617.53,Credit Card,Delivered,Tamil Nadu,Coimbatore
ORD003680,CUST0144,PROD0027,2023-10-02,5,0,151901.05,35712.35,UPI,Delivered,Tamil Nadu,Coimbatore
ORD003681,CUST0333,PROD0014,2023-05-17,1,30,6601.54,-1740.16,Debit Card,Delivered,Maharashtra,Pune
ORD003682,CUST0598,PROD0008,2023-07-25,2,0,21514.36,2611.6,Debit Card,Delivered,Tamil Nadu,Coimbatore
ORD003683,CUST0327,PROD0030,2024-12-05,1,0,9467.22,872.58,UPI,Cancelled,Uttar Pradesh,Lucknow
ORD003684,CUST0340,PROD0031,2024-11-23,5,10,121609.58,12779.13,Credit Card,Delivered,Madhya Pradesh,Indore
ORD003685,CUST0241,PROD0014,2023-01-09,3,15,24048.46,-976.64,UPI,Delivered,Bihar,Patna
ORD003686,CUST0461,PROD0005,2024-11-14,1,0,10401.59,1829.14,UPI,Cancelled,Delhi,Delhi
ORD003687,CUST0068,PROD0021,2024-06-26,3,0,11169.63,2651.94,Net Banking,Delivered,Gujarat,Surat
ORD003688,CUST0356,PROD0004,2024-09-30,2,0,26315.62,3573.34,Cash on Delivery,Returned,Gujarat,Ahmedabad
ORD003689,CUST0033,PROD0027,2025-07-20,1,10,27342.19,4104.45,Debit Card,Returned,Tamil Nadu,Chennai
ORD003690,CUST0476,PROD0009,2023-05-20,1,20,20625.81,-2460.37,Credit Card,Returned,Gujarat,Surat
ORD003691,CUST0580,PROD0011,2025-06-14,2,15,5568.37,469.11,Cash on Delivery,Delivered,Delhi,Delhi
ORD003692,CUST0173,PROD0002,2024-02-07,1,10,18986.57,2661.29,Net Banking,Delivered,Delhi,Delhi
ORD003693,CUST0042,PROD0020,2025-03-03,3,0,57120.63,7710.93,Debit Card,Delivered,Assam,Guwahati
ORD003694,CUST0269,PROD0029,2025-05-22,1,5,19697.04,2084.98,Credit Card,Returned,Maharashtra,Pune
ORD003695,CUST0117,PROD0029,2023-04-01,1,0,20733.73,3121.67,Credit Card,Delivered,Madhya Pradesh,Bhopal
ORD003696,CUST0431,PROD0028,2025-07-06,1,5,7393.11,597.03,UPI,Delivered,Tamil Nadu,Chennai
ORD003697,CUST0452,PROD0020,2023-06-19,1,0,19040.21,2570.31,Cash on Delivery,Delivered,Uttar Pradesh,Kanpur
ORD003698,CUST0472,PROD0005,2023-02-19,1,5,9881.51,1309.06,UPI,Delivered,Uttar Pradesh,Lucknow
ORD003699,CUST0048,PROD0005,2025-07-12,4,10,37445.72,3155.92,Cash on Delivery,Returned,Assam,Guwahati
ORD003700,CUST0186,PROD0030,2024-09-04,2,0,18934.44,1745.16,Credit Card,Returned,Telangana,Hyderabad
ORD003701,CUST0049,PROD0032,2024-07-12,3,10,30993.33,664.86,Credit Card,Delivered,Assam,Guwahati
ORD003702,CUST0012,PROD0028,2025-07-02,1,0,7782.22,986.14,UPI,Delivered,Tamil Nadu,Chennai
ORD003703,CUST0226,PROD0016,2024-08-13,3,15,63119.82,6736.14,Credit Card,Delivered,Maharashtra,Pune
ORD003704,CUST0526,PROD0004,2024-01-16,3,5,37499.76,3386.34,Debit Card,Delivered,Uttar Pradesh,Lucknow
ORD003705,CUST0498,PROD0020,2023-02-02,1,15,16184.18,-285.72,Net Banking,Returned,Madhya Pradesh,Indore
ORD003706,CUST0428,PROD0005,2023-08-15,2,30,14562.23,-2582.67,Credit Card,Cancelled,Gujarat,Surat
ORD003707,CUST0031,PROD0003,2024-04-05,1,15,17714.12,-348.75,Net Banking,Delivered,Rajasthan,Jaipur
ORD003708,CUST0122,PROD0017,2024-10-10,1,20,19399.63,1331.27,Credit Card,Delivered,Kerala,Kochi
ORD003709,CUST0431,PROD0005,2025-06-18,1,0,10401.59,1829.14,Cash on Delivery,Cancelled,Tamil Nadu,Chennai
ORD003710,CUST0355,PROD0034,2024-09-06,1,0,21565.22,2874.34,Credit Card,Delivered,Kerala,Kochi
ORD003711,CUST0132,PROD0030,2023-12-20,1,15,8047.14,-547.5,Debit Card,Returned,Karnataka,Bangalore
ORD003712,CUST0477,PROD0035,2024-10-13,2,15,21323.17,157.49,Debit Card,Delivered,Karnataka,Bangalore
ORD003713,CUST0479,PROD0028,2025-01-19,1,5,7393.11,597.03,Credit Card,Cancelled,Telangana,Hyderabad
ORD003714,CUST0118,PROD0027,2024-09-12,1,0,30380.21,7142.47,Cash on Delivery,Returned,Maharashtra,Nagpur
ORD003715,CUST0246,PROD0010,2025-01-02,1,0,23386.73,2567.2,Cash on Delivery,Cancelled,Tamil Nadu,Chennai
ORD003716,CUST0034,PROD0017,2025-03-25,2,10,43649.17,7512.45,UPI,Delivered,Maharashtra,Pune
ORD003717,CUST0309,PROD0028,2024-09-04,1,10,7004.0,207.92,Debit Card,Cancelled,Madhya Pradesh,Indore
ORD003718,CUST0056,PROD0013,2023-09-17,1,15,15523.7,800.04,Debit Card,Delivered,Maharashtra,Nagpur
ORD003719,CUST0395,PROD0014,2024-09-07,1,5,8959.23,617.53,UPI,Returned,Bihar,Patna
ORD003720,CUST0061,PROD0017,2023-12-13,1,20,19399.63,1331.27,Cash on Delivery,Delivered,Kerala,Kochi
ORD003721,CUST0551,PROD0007,2023-04-24,2,20,21790.27,280.09,Credit Card,Cancelled,Gujarat,Ahmedabad
ORD003722,CUST0054,PROD0014,2023-03-19,1,0,9430.77,1089.07,UPI,Returned,Tamil Nadu,Chennai
ORD003723,CUST0598,PROD0018,2024-04-05,3,10,48335.54,3124.97,Debit Card,Cancelled,Tamil Nadu,Coimbatore
ORD003724,CUST0020,PROD0005,2024-09-22,1,0,10401.59,1829.14,UPI,Delivered,Maharashtra,Nagpur
ORD003725,CUST0040,PROD0009,2024-04-25,1,15,21914.92,-1171.26,Net Banking,Delivered,Maharashtra,Nagpur
ORD003726,CUST0495,PROD0011,2023-01-22,1,0,3275.51,725.88,Debit Card,Delivered,Kerala,Kochi
ORD003727,CUST0330,PROD0012,2024-06-23,1,20,20145.14,-177.33,UPI,Delivered,Chandigarh,Chandigarh
ORD003728,CUST0278,PROD0022,2024-06-23,1,30,8387.59,-896.3,Debit Card,Returned,Bihar,Patna
ORD003729,CUST0390,PROD0003,2023-09-15,2,10,37512.25,1386.51,Cash on Delivery,Delivered,Gujarat,Ahmedabad
ORD003730,CUST0281,PROD0009,2024-12-03,1,10,23204.03,117.85,UPI,Delivered,Uttar Pradesh,Lucknow
ORD003731,CUST0464,PROD0007,2025-01-18,3,20,32685.41,420.14,Cash on Delivery,Delivered,Bihar,Patna
ORD003732,CUST0576,PROD0009,2023-06-20,2,0,51564.52,5392.16,Credit Card,Returned,Maharashtra,Mumbai
ORD003733,CUST0113,PROD0034,2024-04-01,1,5,20486.96,1796.08,Credit Card,Delivered,Kerala,Kochi
ORD003734,CUST0416,PROD0005,2024-08-30,4,0,41606.36,7316.56,Debit Card,Delivered,Maharashtra,Nagpur
ORD003735,CUST0196,PROD0021,2024-02-13,1,0,3723.21,883.98,Net Banking,Delivered,Maharashtra,Mumbai
ORD003736,CUST0088,PROD0016,2024-06-22,1,5,23515.23,4720.67,Credit Card,Returned,Uttar Pradesh,Kanpur
ORD003737,CUST0065,PROD0022,2023-04-04,1,15,10184.93,901.04,Debit Card,Delivered,Rajasthan,Jaipur
ORD003738,CUST0411,PROD0028,2023-03-01,5,10,35019.99,1039.59,UPI,Returned,Madhya Pradesh,Bhopal
ORD003739,CUST0469,PROD0014,2025-05-06,1,0,9430.77,1089.07,UPI,Delivered,Maharashtra,Nagpur
ORD003740,CUST0217,PROD0031,2025-01-19,4,0,108097.4,21033.04,Credit Card,Delivered,Maharashtra,Mumbai
ORD003741,CUST0555,PROD0027,2023-06-24,1,5,28861.2,5623.46,Cash on Delivery,Delivered,Uttar Pradesh,Kanpur
ORD003742,CUST0366,PROD0020,2025-02-04,2,15,32368.36,-571.44,Cash on Delivery,Delivered,Assam,Guwahati
ORD003743,CUST0423,PROD0019,2023-01-19,1,10,15060.77,549.49,UPI,Delivered,Delhi,Delhi
ORD003744,CUST0411,PROD0021,2024-06-07,1,0,3723.21,883.98,Net Banking,Delivered,Madhya Pradesh,Bhopal
ORD003745,CUST0270,PROD0002,2024-05-20,3,5,60124.14,11148.3,UPI,Delivered,Rajasthan,Jaipur
ORD003746,CUST0102,PROD0035,2025-02-04,4,10,45154.94,2823.58,UPI,Delivered,Telangana,Hyderabad
ORD003747,CUST0126,PROD0024,2024-04-05,1,0,28420.75,7268.64,Cash on Delivery,Cancelled,Kerala,Kochi
ORD003748,CUST0199,PROD0024,2024-05-03,1,30,19894.52,-1257.59,Debit Card,Returned,Tamil Nadu,Coimbatore
ORD003749,CUST0572,PROD0027,2024-07-04,1,20,24304.17,1066.43,UPI,Delivered,Tamil Nadu,Coimbatore
ORD003750,CUST0480,PROD0011,2024-11-03,3,15,8352.55,703.66,Credit Card,Delivered,Gujarat,Surat
ORD003751,CUST0439,PROD0013,2025-01-14,1,10,16436.86,1713.2,Cash on Delivery,Delivered,Madhya Pradesh,Bhopal
ORD003752,CUST0353,PROD0015,2023-04-27,2,0,22634.24,4760.42,Credit Card,Returned,Kerala,Kochi
ORD003753,CUST0137,PROD0008,2024-12-10,3,20,25817.23,-2536.91,Cash on Delivery,Delivered,Assam,Guwahati
ORD003754,CUST0025,PROD0004,2025-06-28,2,0,26315.62,3573.34,Debit Card,Returned,Maharashtra,Pune
ORD003755,CUST0060,PROD0002,2025-04-25,1,0,21096.19,4770.91,Credit Card,Delivered,Telangana,Hyderabad
ORD003756,CUST0126,PROD0010,2023-06-20,1,0,23386.73,2567.2,Debit Card,Returned,Kerala,Kochi
ORD003757,CUST0446,PROD0009,2024-07-18,2,5,48986.29,2813.93,Debit Card,Delivered,Chandigarh,Chandigarh
ORD003758,CUST0053,PROD0018,2023-06-19,3,0,53706.15,8495.58,Cash on Delivery,Delivered,Telangana,Hyderabad
ORD003759,CUST0007,PROD0032,2024-06-06,1,15,9757.16,-352.33,Credit Card,Cancelled,Chandigarh,Chandigarh
ORD003760,CUST0414,PROD0006,2025-01-24,1,5,11196.1,708.76,Debit Card,Cancelled,Uttar Pradesh,Lucknow
ORD003761,CUST0172,PROD0014,2023-04-26,1,15,8016.15,-325.55,Debit Card,Returned,Gujarat,Ahmedabad
ORD003762,CUST0558,PROD0035,2023-05-02,1,5,11915.89,1333.05,Debit Card,Delivered,Uttar Pradesh,Kanpur
ORD003763,CUST0281,PROD0019,2023-07-14,1,0,16734.19,2222.91,Credit Card,Delivered,Uttar Pradesh,Lucknow
ORD003764,CUST0222,PROD0016,2023-06-01,2,15,42079.88,4490.76,Debit Card,Delivered,Chandigarh,Chandigarh
ORD003765,CUST0475,PROD0026,2024-06-13,1,5,16947.04,825.97,Cash on Delivery,Delivered,Maharashtra,Pune
ORD003766,CUST0153,PROD0020,2025-03-13,1,5,18088.2,1618.3,Debit Card,Returned,Kerala,Kochi
ORD003767,CUST0135,PROD0011,2023-02-02,1,0,3275.51,725.88,Debit Card,Delivered,Tamil Nadu,Coimbatore
ORD003768,CUST0471,PROD0005,2025-07-12,1,0,10401.59,1829.14,Cash on Delivery,Delivered,Kerala,Kochi
ORD003769,CUST0359,PROD0013,2024-04-21,2,20,29221.09,-226.23,UPI,Delivered,Madhya Pradesh,Bhopal
ORD003770,CUST0351,PROD0011,2023-12-09,1,0,3275.51,725.88,Debit Card,Delivered,Gujarat,Surat
ORD003771,CUST0225,PROD0022,2024-05-27,3,0,35946.81,8095.14,Cash on Delivery,Delivered,Tamil Nadu,Coimbatore
ORD003772,CUST0180,PROD0003,2024-02-03,3,0,62520.42,8331.81,Debit Card,Delivered,Maharashtra,Pune
ORD003773,CUST0159,PROD0030,2025-06-09,3,5,26981.58,1197.66,UPI,Cancelled,Uttar Pradesh,Lucknow
ORD003774,CUST0534,PROD0019,2023-01-01,3,5,47692.44,4158.6,Cash on Delivery,Cancelled,Uttar Pradesh,Kanpur
ORD003775,CUST0028,PROD0022,2023-10-11,1,5,11383.16,2099.27,UPI,Delivered,Bihar,Patna
ORD003776,CUST0379,PROD0021,2025-06-10,3,15,9494.19,976.5,Debit Card,Delivered,Tamil Nadu,Chennai
ORD003777,CUST0188,PROD0020,2024-05-04,4,5,72352.8,6473.2,Debit Card,Returned,Maharashtra,Pune
ORD003778,CUST0502,PROD0026,2025-01-07,1,0,17838.99,1717.92,UPI,Delivered,Maharashtra,Nagpur
ORD003779,CUST0359,PROD0023,2024-09-12,4,5,71315.85,13650.29,Net Banking,Delivered,Madhya Pradesh,Bhopal
ORD003780,CUST0444,PROD0026,2024-02-24,1,15,15163.14,-957.93,Cash on Delivery,Delivered,Rajasthan,Jaipur
ORD003781,CUST0434,PROD0014,2024-06-27,1,0,9430.77,1089.07,Credit Card,Cancelled,Telangana,Hyderabad
ORD003782,CUST0268,PROD0028,2024-10-16,1,0,7782.22,986.14,Cash on Delivery,Returned,Kerala,Kochi
ORD003783,CUST0374,PROD0008,2024-05-07,2,0,21514.36,2611.6,Net Banking,Delivered,Gujarat,Surat
ORD003784,CUST0166,PROD0002,2025-07-17,1,10,18986.57,2661.29,Cash on Delivery,Delivered,Rajasthan,Jaipur
ORD003785,CUST0320,PROD0013,2023-11-28,1,5,17350.02,2626.36,Cash on Delivery,Returned,Karnataka,Bangalore
ORD003786,CUST0419,PROD0002,2024-05-21,3,5,60124.14,11148.3,Credit Card,Returned,Uttar Pradesh,Lucknow
ORD003787,CUST0001,PROD0014,2023-07-17,1,0,9430.77,1089.07,Credit Card,Delivered,Telangana,Hyderabad
ORD003788,CUST0051,PROD0031,2023-04-04,2,0,54048.7,10516.52,Debit Card,Cancelled,Gujarat,Ahmedabad
ORD003789,CUST0461,PROD0019,2025-02-11,1,5,15897.48,1386.2,Net Banking,Cancelled,Delhi,Delhi
ORD003790,CUST0236,PROD0032,2023-08-12,4,0,45916.04,5478.08,Cash on Delivery,Delivered,Telangana,Hyderabad
ORD003791,CUST0388,PROD0006,2023-06-27,3,0,35356.11,3894.09,Debit Card,Delivered,West Bengal,Kolkata
ORD003792,CUST0250,PROD0030,2023-10-10,2,5,17987.72,798.44,Net Banking,Delivered,Chandigarh,Chandigarh
ORD003793,CUST0471,PROD0029,2025-02-23,2,10,37320.71,2096.59,Credit Card,Returned,Kerala,Kochi
ORD003794,CUST0545,PROD0007,2025-06-20,2,15,23152.16,1641.98,UPI,Cancelled,Delhi,Delhi
ORD003795,CUST0490,PROD0004,2024-07-21,5,0,65789.05,8933.35,UPI,Returned,Assam,Guwahati
ORD003796,CUST0103,PROD0012,2023-07-23,1,0,25181.42,4858.95,UPI,Delivered,Uttar Pradesh,Kanpur
ORD003797,CUST0170,PROD0028,2023-12-05,2,0,15564.44,1972.28,Debit Card,Delivered,Gujarat,Ahmedabad
ORD003798,CUST0592,PROD0030,2023-05-02,4,5,35975.44,1596.88,Credit Card,Returned,Bihar,Patna
ORD003799,CUST0386,PROD0031,2024-08-09,2,15,45941.4,2409.22,Net Banking,Delivered,Maharashtra,Pune
ORD003800,CUST0426,PROD0024,2023-03-12,1,0,28420.75,7268.64,Credit Card,Delivered,Delhi,Delhi
ORD003801,CUST0048,PROD0033,2023-08-29,2,15,29910.63,-1858.01,Debit Card,Delivered,Assam,Guwahati
ORD003802,CUST0019,PROD0030,2023-12-26,5,0,47336.1,4362.9,Debit Card,Cancelled,Kerala,Kochi
ORD003803,CUST0104,PROD0013,2025-05-01,1,0,18263.18,3539.52,Credit Card,Returned,Bihar,Patna
ORD003804,CUST0025,PROD0035,2024-01-12,1,0,12543.04,1960.2,Credit Card,Returned,Maharashtra,Pune
ORD003805,CUST0033,PROD0012,2023-03-20,1,20,20145.14,-177.33,Unknown,Delivered,Tamil Nadu,Chennai
ORD003806,CUST0510,PROD0020,2023-08-28,1,5,18088.2,1618.3,UPI,Delivered,Maharashtra,Pune
ORD003807,CUST0098,PROD0027,2024-02-05,2,15,51646.36,5170.88,Net Banking,Returned,West Bengal,Kolkata
ORD003808,CUST0009,PROD0032,2024-10-16,1,0,11479.01,1369.52,Debit Card,Delivered,Kerala,Kochi
ORD003809,CUST0569,PROD0021,2024-05-19,1,0,3723.21,883.98,UPI,Delivered,West Bengal,Kolkata
ORD003810,CUST0276,PROD0025,2023-03-08,1,15,21827.5,1339.59,Cash on Delivery,Delivered,Maharashtra,Mumbai
ORD003811,CUST0247,PROD0022,2024-11-21,1,0,11982.27,2698.38,Net Banking,Delivered,Madhya Pradesh,Bhopal
ORD003812,CUST0586,PROD0021,2025-07-26,1,20,2978.57,139.34,Net Banking,Delivered,Delhi,Delhi
ORD003813,CUST0315,PROD0029,2024-10-18,1,5,19697.04,2084.98,Credit Card,Delivered,Rajasthan,Jaipur
ORD003814,CUST0320,PROD0014,2023-07-01,1,0,9430.77,1089.07,Net Banking,Delivered,Karnataka,Bangalore
ORD003815,CUST0359,PROD0023,2023-12-17,1,20,15013.86,597.47,Credit Card,Cancelled,Madhya Pradesh,Bhopal
ORD003816,CUST0526,PROD0022,2024-09-11,1,10,10784.04,1500.15,Debit Card,Cancelled,Uttar Pradesh,Lucknow
ORD003817,CUST0171,PROD0027,2025-02-11,2,0,60760.42,14284.94,Cash on Delivery,Returned,Uttar Pradesh,Kanpur
ORD003818,CUST0277,PROD0020,2024-07-23,2,10,34272.38,1332.58,UPI,Delivered,Madhya Pradesh,Indore
ORD003819,CUST0393,PROD0026,2024-01-31,2,20,28542.38,-3699.76,Debit Card,Delivered,Tamil Nadu,Coimbatore
ORD003820,CUST0008,PROD0009,2023-05-25,1,0,25782.26,2696.08,Cash on Delivery,Returned,Kerala,Kochi
ORD003821,CUST0221,PROD0001,2025-07-23,3,5,65829.67,13062.01,Credit Card,Cancelled,Bihar,Patna
ORD003822,CUST0143,PROD0013,2024-02-13,2,30,25568.45,-3878.87,Credit Card,Delivered,Karnataka,Bangalore
ORD003823,CUST0426,PROD0017,2023-01-25,4,0,96998.16,24724.72,Cash on Delivery,Returned,Delhi,Delhi
ORD003824,CUST0366,PROD0009,2024-07-22,1,0,25782.26,2696.08,Credit Card,Delivered,Assam,Guwahati
ORD003825,CUST0053,PROD0022,2023-03-15,1,10,10784.04,1500.15,Net Banking,Returned,Telangana,Hyderabad
ORD003826,CUST0196,PROD0021,2023-04-28,1,15,3164.73,325.5,Credit Card,Cancelled,Maharashtra,Mumbai
ORD003827,CUST0399,PROD0010,2023-04-14,2,10,42096.11,457.05,Cash on Delivery,Cancelled,Tamil Nadu,Coimbatore
ORD003828,CUST0438,PROD0001,2024-05-31,2,0,46196.26,11017.82,Cash on Delivery,Delivered,Rajasthan,Jaipur
ORD003829,CUST0422,PROD0008,2023-03-04,1,0,10757.18,1305.8,Debit Card,Delivered,Kerala,Kochi
ORD003830,CUST0367,PROD0019,2024-08-26,1,15,14224.06,-287.22,Debit Card,Cancelled,Karnataka,Bangalore
ORD003831,CUST0437,PROD0009,2023-12-08,1,5,24493.15,1406.97,UPI,Cancelled,Gujarat,Surat
ORD003832,CUST0264,PROD0006,2023-11-11,2,0,23570.74,2596.06,Credit Card,Delivered,Assam,Guwahati
ORD003833,CUST0142,PROD0012,2023-09-15,1,0,25181.42,4858.95,Net Banking,Delivered,Gujarat,Surat
ORD003834,CUST0294,PROD0005,2025-03-29,1,10,9361.43,788.98,Cash on Delivery,Delivered,Rajasthan,Jaipur
ORD003835,CUST0036,PROD0006,2023-08-01,1,0,11785.37,1298.03,Credit Card,Returned,Kerala,Kochi
ORD003836,CUST0454,PROD0008,2023-01-10,1,0,10757.18,1305.8,UPI,Delivered,Uttar Pradesh,Lucknow
ORD003837,CUST0055,PROD0032,2023-12-22,4,5,43620.24,3182.28,Cash on Delivery,Delivered,Madhya Pradesh,Indore
ORD003838,CUST0329,PROD0026,2025-07-01,3,20,42813.58,-5549.63,Debit Card,Delivered,Rajasthan,Jaipur
ORD003839,CUST0073,PROD0003,2023-12-23,4,10,75024.5,2773.02,Debit Card,Delivered,Tamil Nadu,Coimbatore
ORD003840,CUST0282,PROD0023,2023-04-09,2,5,35657.93,6825.15,Credit Card,Returned,Maharashtra,Nagpur
ORD003841,CUST0164,PROD0031,2025-05-21,1,10,24321.92,2555.83,Credit Card,Cancelled,Delhi,Delhi
ORD003842,CUST0226,PROD0028,2023-06-15,2,10,14008.0,415.84,Net Banking,Delivered,Maharashtra,Pune
ORD003843,CUST0202,PROD0024,2024-11-17,3,0,85262.25,21805.92,Unknown,Delivered,Assam,Guwahati
ORD003844,CUST0126,PROD0017,2023-10-16,1,5,23037.06,4968.7,Cash on Delivery,Delivered,Kerala,Kochi
ORD003845,CUST0060,PROD0013,2025-02-12,1,5,17350.02,2626.36,Debit Card,Delivered,Telangana,Hyderabad
ORD003846,CUST0420,PROD0005,2024-04-06,2,5,19763.02,2618.12,UPI,Delivered,Maharashtra,Nagpur
ORD003847,CUST0334,PROD0006,2024-05-13,2,30,16499.52,-4475.16,UPI,Cancelled,Madhya Pradesh,Bhopal
ORD003848,CUST0065,PROD0015,2024-10-21,2,0,22634.24,4760.42,Credit Card,Delivered,Rajasthan,Jaipur
ORD003849,CUST0296,PROD0011,2025-03-26,2,10,5895.92,796.66,Credit Card,Delivered,Telangana,Hyderabad
ORD003850,CUST0213,PROD0017,2024-06-03,1,0,24249.54,6181.18,Net Banking,Delivered,West Bengal,Kolkata
ORD003851,CUST0420,PROD0025,2024-07-26,1,0,25679.41,5191.5,Unknown,Delivered,Maharashtra,Nagpur
ORD003852,CUST0600,PROD0003,2025-04-24,1,15,17714.12,-348.75,Net Banking,Delivered,Madhya Pradesh,Indore
ORD003853,CUST0492,PROD0022,2023-06-10,1,0,11982.27,2698.38,Net Banking,Delivered,Bihar,Patna
ORD003854,CUST0523,PROD0020,2025-06-10,1,0,19040.21,2570.31,Cash on Delivery,Delivered,Rajasthan,Jaipur
ORD003855,CUST0374,PROD0034,2024-01-02,1,15,18330.44,-360.44,UPI,Delivered,Gujarat,Surat
ORD003856,CUST0281,PROD0032,2023-11-22,1,0,11479.01,1369.52,Credit Card,Delivered,Uttar Pradesh,Lucknow
ORD003857,CUST0553,PROD0031,2024-11-29,1,5,25673.13,3907.04,Credit Card,Returned,Tamil Nadu,Coimbatore
ORD003858,CUST0333,PROD0016,2025-06-30,1,5,23515.23,4720.67,Cash on Delivery,Cancelled,Maharashtra,Pune
ORD003859,CUST0155,PROD0006,2024-05-15,4,20,37713.18,-4236.18,Debit Card,Cancelled,Gujarat,Ahmedabad
ORD003860,CUST0359,PROD0002,2024-07-14,3,0,63288.57,14312.73,Cash on Delivery,Cancelled,Madhya Pradesh,Bhopal
ORD003861,CUST0328,PROD0027,2025-03-11,2,0,60760.42,14284.94,Net Banking,Delivered,Tamil Nadu,Coimbatore
ORD003862,CUST0303,PROD0013,2024-03-25,1,15,15523.7,800.04,Unknown,Delivered,Gujarat,Surat
ORD003863,CUST0413,PROD0024,2023-05-01,1,10,25578.68,4426.57,UPI,Returned,Telangana,Hyderabad
ORD003864,CUST0316,PROD0017,2023-01-09,1,0,24249.54,6181.18,Net Banking,Cancelled,Kerala,Kochi
ORD003865,CUST0577,PROD0027,2024-04-28,4,20,97216.67,4265.71,Credit Card,Delivered,Uttar Pradesh,Kanpur
ORD003866,CUST0403,PROD0002,2023-05-27,4,0,84384.76,19083.64,Cash on Delivery,Returned,Assam,Guwahati
ORD003867,CUST0431,PROD0029,2023-04-30,4,0,82934.92,12486.68,Net Banking,Delivered,Tamil Nadu,Chennai
ORD003868,CUST0133,PROD0027,2023-12-23,4,5,115444.8,22493.84,Credit Card,Returned,Maharashtra,Pune
ORD003869,CUST0530,PROD0015,2024-11-23,1,0,11317.12,2380.21,Credit Card,Delivered,Maharashtra,Nagpur
ORD003870,CUST0027,PROD0007,2023-02-19,1,0,13618.92,2863.83,Unknown,Cancelled,Telangana,Hyderabad
ORD003871,CUST0510,PROD0003,2024-11-14,3,0,62520.42,8331.81,UPI,Cancelled,Maharashtra,Pune
ORD003872,CUST0056,PROD0014,2025-07-06,1,5,8959.23,617.53,Debit Card,Delivered,Maharashtra,Nagpur
ORD003873,CUST0511,PROD0023,2024-10-28,1,0,18767.33,4350.94,UPI,Delivered,Uttar Pradesh,Kanpur
ORD003874,CUST0192,PROD0025,2023-08-23,1,20,20543.53,55.62,Credit Card,Delivered,Rajasthan,Jaipur
ORD003875,CUST0544,PROD0006,2024-07-27,3,0,35356.11,3894.09,UPI,Returned,Telangana,Hyderabad
ORD003876,CUST0483,PROD0010,2024-10-27,1,10,21048.06,228.53,Net Banking,Delivered,Uttar Pradesh,Kanpur
ORD003877,CUST0335,PROD0034,2023-06-22,2,5,40973.92,3592.16,Debit Card,Returned,Maharashtra,Mumbai
ORD003878,CUST0240,PROD0025,2025-07-18,1,10,23111.47,2623.56,UPI,Delivered,Telangana,Hyderabad
ORD003879,CUST0341,PROD0029,2025-01-22,1,0,20733.73,3121.67,UPI,Delivered,Kerala,Kochi
ORD003880,CUST0356,PROD0032,2024-04-18,3,10,30993.33,664.86,Debit Card,Delivered,Gujarat,Ahmedabad
ORD003881,CUST0510,PROD0026,2023-09-17,1,10,16055.09,-65.98,Cash on Delivery,Returned,Maharashtra,Pune
ORD003882,CUST0080,PROD0024,2024-02-07,1,10,25578.68,4426.57,UPI,Delivered,Kerala,Kochi
ORD003883,CUST0089,PROD0033,2025-06-06,1,20,14075.59,-1808.73,Debit Card,Returned,Chandigarh,Chandigarh
ORD003884,CUST0235,PROD0029,2025-04-10,1,10,18660.36,1048.3,UPI,Cancelled,Maharashtra,Mumbai
ORD003885,CUST0545,PROD0031,2025-02-05,2,30,37834.09,-5698.09,Net Banking,Delivered,Delhi,Delhi
ORD003886,CUST0302,PROD0019,2023-10-15,2,15,28448.12,-574.44,Debit Card,Cancelled,Maharashtra,Pune
ORD003887,CUST0160,PROD0030,2025-03-19,2,0,18934.44,1745.16,Cash on Delivery,Delivered,Rajasthan,Jaipur
ORD003888,CUST0378,PROD0011,2025-06-11,3,10,8843.88,1194.99,Cash on Delivery,Cancelled,Rajasthan,Jaipur
ORD003889,CUST0034,PROD0026,2024-01-18,1,5,16947.04,825.97,Credit Card,Delivered,Maharashtra,Pune
ORD003890,CUST0272,PROD0011,2023-10-22,1,15,2784.18,234.55,Cash on Delivery,Cancelled,Maharashtra,Nagpur
ORD003891,CUST0211,PROD0019,2023-03-26,2,0,33468.38,4445.82,UPI,Delivered,Madhya Pradesh,Indore
ORD003892,CUST0196,PROD0021,2023-03-16,1,5,3537.05,697.82,Cash on Delivery,Delivered,Maharashtra,Mumbai
ORD003893,CUST0010,PROD0004,2024-11-18,1,10,11842.03,470.89,Net Banking,Delivered,Bihar,Patna
ORD003894,CUST0116,PROD0028,2025-06-09,1,0,7782.22,986.14,Cash on Delivery,Delivered,Maharashtra,Pune
ORD003895,CUST0308,PROD0034,2023-06-05,1,0,21565.22,2874.34,Cash on Delivery,Delivered,Uttar Pradesh,Lucknow
ORD003896,CUST0323,PROD0012,2023-02-24,1,5,23922.35,3599.88,Cash on Delivery,Delivered,Maharashtra,Nagpur
ORD003897,CUST0539,PROD0032,2024-12-01,1,0,11479.01,1369.52,UPI,Returned,Kerala,Kochi
ORD003898,CUST0592,PROD0033,2024-06-06,1,15,14955.32,-929.0,Net Banking,Cancelled,Bihar,Patna
ORD003899,CUST0558,PROD0028,2024-04-09,2,5,14786.22,1194.06,Net Banking,Delivered,Uttar Pradesh,Kanpur
ORD003900,CUST0109,PROD0025,2025-04-03,1,0,25679.41,5191.5,Cash on Delivery,Delivered,West Bengal,Kolkata
ORD003901,CUST0461,PROD0008,2025-06-25,3,5,30657.96,2303.82,Debit Card,Cancelled,Delhi,Delhi
ORD003902,CUST0304,PROD0024,2024-02-04,2,0,56841.5,14537.28,Cash on Delivery,Cancelled,Tamil Nadu,Coimbatore
ORD003903,CUST0484,PROD0026,2024-04-24,1,0,17838.99,1717.92,UPI,Delivered,Maharashtra,Pune
ORD003904,CUST0478,PROD0012,2024-11-19,4,20,80580.54,-709.34,Cash on Delivery,Delivered,Telangana,Hyderabad
ORD003905,CUST0353,PROD0014,2024-03-27,1,5,8959.23,617.53,UPI,Cancelled,Kerala,Kochi
ORD003906,CUST0588,PROD0007,2024-04-30,1,10,12257.03,1501.94,Credit Card,Returned,Maharashtra,Mumbai
ORD003907,CUST0056,PROD0034,2025-07-29,1,5,20486.96,1796.08,Cash on Delivery,Delivered,Maharashtra,Nagpur
ORD003908,CUST0032,PROD0003,2025-04-16,1,10,18756.13,693.26,Cash on Delivery,Delivered,Karnataka,Bangalore
ORD003909,CUST0299,PROD0033,2024-10-19,2,0,35188.98,3420.34,Credit Card,Delivered,Gujarat,Surat
ORD003910,CUST0547,PROD0011,2024-01-17,2,0,6551.02,1451.76,Cash on Delivery,Delivered,Maharashtra,Pune
ORD003911,CUST0500,PROD0031,2024-08-03,2,10,48643.83,5111.65,Cash on Delivery,Cancelled,West Bengal,Kolkata
ORD003912,CUST0116,PROD0030,2025-05-08,2,10,17041.0,-148.28,Net Banking,Delivered,Maharashtra,Pune
ORD003913,CUST0205,PROD0022,2024-12-03,1,0,11982.27,2698.38,Credit Card,Delivered,Kerala,Kochi
ORD003914,CUST0453,PROD0025,2024-11-03,1,10,23111.47,2623.56,Net Banking,Cancelled,Kerala,Kochi
ORD003915,CUST0516,PROD0016,2024-10-23,1,0,24752.87,5958.31,UPI,Delivered,Uttar Pradesh,Kanpur
ORD003916,CUST0377,PROD0026,2024-12-07,1,0,17838.99,1717.92,Debit Card,Delivered,West Bengal,Kolkata
ORD003917,CUST0416,PROD0024,2023-08-19,4,10,102314.7,17706.26,Debit Card,Delivered,Maharashtra,Nagpur
ORD003918,CUST0398,PROD0016,2024-11-27,4,0,99011.48,23833.24,UPI,Delivered,Madhya Pradesh,Bhopal
ORD003919,CUST0041,PROD0032,2025-06-14,1,15,9757.16,-352.33,Debit Card,Returned,West Bengal,Kolkata
ORD003920,CUST0303,PROD0017,2025-02-14,1,10,21824.59,3756.23,Credit Card,Delivered,Gujarat,Surat
ORD003921,CUST0505,PROD0007,2025-04-09,4,20,43580.54,560.18,UPI,Delivered,Maharashtra,Nagpur
ORD003922,CUST0314,PROD0011,2024-05-12,1,0,3275.51,725.88,Debit Card,Delivered,Chandigarh,Chandigarh
ORD003923,CUST0218,PROD0010,2024-07-27,1,30,16370.71,-4448.82,Cash on Delivery,Cancelled,West Bengal,Kolkata
ORD003924,CUST0206,PROD0003,2024-07-26,4,0,83360.56,11109.08,UPI,Delivered,West Bengal,Kolkata
ORD003925,CUST0051,PROD0025,2025-06-27,1,5,24395.44,3907.53,Cash on Delivery,Cancelled,Gujarat,Ahmedabad
ORD003926,CUST0136,PROD0008,2024-09-27,1,30,7530.03,-1921.35,Credit Card,Delivered,Karnataka,Bangalore
ORD003927,CUST0161,PROD0035,2025-04-10,1,15,10661.58,78.74,Debit Card,Delivered,Rajasthan,Jaipur
ORD003928,CUST0569,PROD0005,2024-05-08,1,10,9361.43,788.98,Debit Card,Delivered,West Bengal,Kolkata
ORD003929,CUST0278,PROD0009,2023-08-01,1,20,20625.81,-2460.37,Debit Card,Delivered,Bihar,Patna
ORD003930,CUST0348,PROD0006,2023-03-12,1,5,11196.1,708.76,Debit Card,Cancelled,Assam,Guwahati
ORD003931,CUST0010,PROD0034,2025-03-01,3,0,64695.66,8623.02,Credit Card,Returned,Bihar,Patna
ORD003932,CUST0508,PROD0006,2024-04-28,3,15,30052.69,-1409.33,UPI,Delivered,Madhya Pradesh,Bhopal
ORD003933,CUST0591,PROD0034,2025-06-16,2,5,40973.92,3592.16,UPI,Delivered,Madhya Pradesh,Bhopal
ORD003934,CUST0032,PROD0010,2024-02-03,1,10,21048.06,228.53,Credit Card,Delivered,Karnataka,Bangalore
ORD003935,CUST0455,PROD0031,2023-12-24,2,10,48643.83,5111.65,Net Banking,Delivered,Maharashtra,Pune
ORD003936,CUST0023,PROD0032,2023-12-18,1,5,10905.06,795.57,Unknown,Delivered,Uttar Pradesh,Kanpur
ORD003937,CUST0569,PROD0006,2023-04-17,1,5,11196.1,708.76,UPI,Delivered,West Bengal,Kolkata
ORD003938,CUST0464,PROD0022,2025-05-11,4,20,38343.26,1207.7,Cash on Delivery,Cancelled,Bihar,Patna
ORD003939,CUST0059,PROD0017,2023-08-24,1,30,16974.68,-1093.68,Unknown,Delivered,Maharashtra,Mumbai
ORD003940,CUST0081,PROD0031,2024-05-22,1,5,25673.13,3907.04,Cash on Delivery,Delivered,Gujarat,Ahmedabad
ORD003941,CUST0589,PROD0034,2024-12-22,2,5,40973.92,3592.16,UPI,Delivered,Madhya Pradesh,Bhopal
ORD003942,CUST0358,PROD0026,2023-04-22,4,0,71355.96,6871.68,UPI,Delivered,Maharashtra,Mumbai
ORD003943,CUST0069,PROD0012,2023-10-09,2,0,50362.84,9717.9,Unknown,Delivered,Chandigarh,Chandigarh
ORD003944,CUST0425,PROD0029,2023-10-04,1,15,17623.67,11.61,UPI,Cancelled,Madhya Pradesh,Bhopal
ORD003945,CUST0092,PROD0011,2023-07-20,1,0,3275.51,725.88,Net Banking,Delivered,Kerala,Kochi
ORD003946,CUST0527,PROD0023,2024-11-26,1,0,18767.33,4350.94,UPI,Cancelled,Bihar,Patna
ORD003947,CUST0293,PROD0005,2024-06-19,5,20,41606.36,-1255.89,Cash on Delivery,Delivered,West Bengal,Kolkata
ORD003948,CUST0240,PROD0011,2023-07-24,2,0,6551.02,1451.76,Debit Card,Cancelled,Telangana,Hyderabad
ORD003949,CUST0502,PROD0001,2023-10-15,1,0,23098.13,5508.91,Cash on Delivery,Delivered,Maharashtra,Nagpur
ORD003950,CUST0038,PROD0012,2025-05-28,1,0,25181.42,4858.95,Cash on Delivery,Cancelled,Delhi,Delhi
ORD003951,CUST0148,PROD0001,2024-08-28,1,5,21943.22,4354.0,Credit Card,Delivered,Karnataka,Bangalore
ORD003952,CUST0360,PROD0020,2025-02-16,1,5,18088.2,1618.3,Cash on Delivery,Delivered,Uttar Pradesh,Lucknow
ORD003953,CUST0124,PROD0004,2023-02-03,1,30,9210.47,-2160.67,Credit Card,Delivered,Gujarat,Surat
ORD003954,CUST0242,PROD0035,2024-03-12,3,0,37629.12,5880.6,Cash on Delivery,Delivered,Kerala,Kochi
ORD003955,CUST0098,PROD0021,2024-08-04,2,0,7446.42,1767.96,Net Banking,Delivered,West Bengal,Kolkata
ORD003956,CUST0055,PROD0015,2024-04-04,1,0,11317.12,2380.21,UPI,Delivered,Madhya Pradesh,Indore
ORD003957,CUST0488,PROD0020,2023-12-02,1,0,19040.21,2570.31,Debit Card,Returned,Maharashtra,Nagpur
ORD003958,CUST0368,PROD0016,2024-08-02,1,5,23515.23,4720.67,UPI,Returned,Telangana,Hyderabad
ORD003959,CUST0167,PROD0033,2023-11-06,3,10,47505.12,-147.84,Credit Card,Delivered,Bihar,Patna
ORD003960,CUST0102,PROD0032,2023-11-30,1,0,11479.01,1369.52,UPI,Delivered,Telangana,Hyderabad
ORD003961,CUST0130,PROD0023,2023-01-05,1,0,18767.33,4350.94,Credit Card,Returned,Chandigarh,Chandigarh
ORD003962,CUST0529,PROD0003,2025-04-18,1,15,17714.12,-348.75,Credit Card,Delivered,Maharashtra,Pune
ORD003963,CUST0069,PROD0017,2023-06-25,3,0,72748.62,18543.54,Debit Card,Delivered,Chandigarh,Chandigarh
ORD003964,CUST0179,PROD0021,2023-11-30,1,20,2978.57,139.34,Unknown,Delivered,Gujarat,Ahmedabad
ORD003965,CUST0501,PROD0007,2023-04-06,1,10,12257.03,1501.94,Debit Card,Delivered,Madhya Pradesh,Bhopal
ORD003966,CUST0002,PROD0029,2024-04-08,4,0,82934.92,12486.68,Credit Card,Delivered,Rajasthan,Jaipur
ORD003967,CUST0493,PROD0031,2023-03-21,1,0,27024.35,5258.26,Net Banking,Delivered,Maharashtra,Mumbai
ORD003968,CUST0121,PROD0006,2024-04-29,1,0,11785.37,1298.03,UPI,Cancelled,Bihar,Patna
ORD003969,CUST0157,PROD0017,2023-05-25,1,15,20612.11,2543.75,Cash on Delivery,Delivered,Gujarat,Ahmedabad
ORD003970,CUST0169,PROD0020,2023-04-27,2,0,38080.42,5140.62,Cash on Delivery,Delivered,Telangana,Hyderabad
ORD003971,CUST0030,PROD0020,2024-04-04,3,0,57120.63,7710.93,UPI,Delivered,Uttar Pradesh,Kanpur
ORD003972,CUST0320,PROD0010,2023-05-27,1,20,18709.38,-2110.15,Cash on Delivery,Delivered,Karnataka,Bangalore
ORD003973,CUST0304,PROD0009,2024-09-10,5,15,109574.6,-5856.3,Debit Card,Delivered,Tamil Nadu,Coimbatore
ORD003974,CUST0111,PROD0029,2023-08-01,1,20,16586.98,-1025.08,Cash on Delivery,Cancelled,Rajasthan,Jaipur
ORD003975,CUST0303,PROD0018,2024-01-08,1,0,17902.05,2831.86,Debit Card,Delivered,Gujarat,Surat
ORD003976,CUST0153,PROD0003,2023-10-09,2,0,41680.28,5554.54,Debit Card,Delivered,Kerala,Kochi
ORD003977,CUST0202,PROD0003,2024-02-08,1,10,18756.13,693.26,UPI,Cancelled,Assam,Guwahati
ORD003978,CUST0254,PROD0034,2023-06-21,1,30,15095.65,-3595.23,UPI,Cancelled,Uttar Pradesh,Lucknow
ORD003979,CUST0431,PROD0011,2025-02-03,3,0,9826.53,2177.64,UPI,Delivered,Tamil Nadu,Chennai
ORD003980,CUST0109,PROD0032,2023-04-13,2,5,21810.12,1591.14,Cash on Delivery,Delivered,West Bengal,Kolkata
ORD003981,CUST0544,PROD0006,2024-02-18,3,5,33588.3,2126.28,Cash on Delivery,Cancelled,Telangana,Hyderabad
ORD003982,CUST0173,PROD0021,2025-03-01,2,10,6701.78,1023.32,Cash on Delivery,Cancelled,Delhi,Delhi
ORD003983,CUST0459,PROD0004,2023-06-02,3,20,31578.74,-2534.68,Debit Card,Returned,Maharashtra,Nagpur
ORD003984,CUST0138,PROD0001,2023-11-30,3,10,62364.95,9597.29,Net Banking,Cancelled,Uttar Pradesh,Lucknow
ORD003985,CUST0484,PROD0013,2024-02-13,1,5,17350.02,2626.36,Cash on Delivery,Delivered,Maharashtra,Pune
ORD003986,CUST0394,PROD0026,2023-12-05,2,5,33894.08,1651.94,Cash on Delivery,Returned,Assam,Guwahati
ORD003987,CUST0108,PROD0015,2025-03-31,1,0,11317.12,2380.21,Debit Card,Delivered,Telangana,Hyderabad
ORD003988,CUST0352,PROD0013,2023-07-06,1,5,17350.02,2626.36,Cash on Delivery,Delivered,Tamil Nadu,Chennai
ORD003989,CUST0191,PROD0024,2023-06-28,2,30,39789.05,-2515.17,Credit Card,Delivered,West Bengal,Kolkata
ORD003990,CUST0299,PROD0019,2023-02-07,3,0,50202.57,6668.73,Debit Card,Delivered,Gujarat,Surat
ORD003991,CUST0230,PROD0020,2024-01-07,2,15,32368.36,-571.44,Net Banking,Delivered,Tamil Nadu,Coimbatore
ORD003992,CUST0412,PROD0026,2024-12-01,2,30,24974.59,-7267.55,Net Banking,Delivered,Uttar Pradesh,Lucknow
ORD003993,CUST0572,PROD0016,2025-04-28,2,0,49505.74,11916.62,Net Banking,Cancelled,Tamil Nadu,Coimbatore
ORD003994,CUST0388,PROD0008,2023-06-01,1,10,9681.46,230.08,Unknown,Delivered,West Bengal,Kolkata
ORD003995,CUST0251,PROD0028,2023-07-07,5,0,38911.1,4930.7,Credit Card,Delivered,Maharashtra,Pune
ORD003996,CUST0145,PROD0014,2024-03-27,2,0,18861.54,2178.14,Credit Card,Returned,Telangana,Hyderabad
ORD003997,CUST0460,PROD0028,2024-09-18,1,0,7782.22,986.14,Cash on Delivery,Returned,Gujarat,Ahmedabad
ORD003998,CUST0199,PROD0020,2023-09-08,4,10,68544.76,2665.16,Credit Card,Cancelled,Tamil Nadu,Coimbatore
ORD003999,CUST0086,PROD0030,2024-02-01,2,5,17987.72,798.44,Debit Card,Delivered,West Bengal,Kolkata
ORD004000,CUST0007,PROD0028,2024-06-02,3,20,18677.33,-1710.91,UPI,Delivered,Chandigarh,Chandigarh
ORD004001,CUST0542,PROD0009,2025-01-23,5,20,103129.04,-12301.86,Cash on Delivery,Cancelled,Bihar,Patna
ORD004002,CUST0552,PROD0007,2024-11-03,1,0,13618.92,2863.83,Net Banking,Delivered,Telangana,Hyderabad
ORD004003,CUST0188,PROD0031,2023-11-03,2,0,54048.7,10516.52,Credit Card,Returned,Maharashtra,Pune
ORD004004,CUST0165,PROD0007,2024-12-21,1,0,13618.92,2863.83,Net Banking,Cancelled,Gujarat,Ahmedabad
ORD004005,CUST0459,PROD0003,2025-04-10,2,0,41680.28,5554.54,UPI,Returned,Maharashtra,Nagpur
ORD004006,CUST0176,PROD0015,2024-04-17,4,0,45268.48,9520.84,Net Banking,Cancelled,Telangana,Hyderabad
ORD004007,CUST0141,PROD0009,2025-05-19,3,0,77346.78,8088.24,Credit Card,Returned,Maharashtra,Nagpur
ORD004008,CUST0515,PROD0022,2025-03-05,2,15,20369.86,1802.08,Cash on Delivery,Delivered,Bihar,Patna
ORD004009,CUST0444,PROD0002,2024-01-02,1,20,16876.95,551.67,Debit Card,Delivered,Rajasthan,Jaipur
ORD004010,CUST0380,PROD0022,2023-04-14,3,15,30554.79,2703.12,Cash on Delivery,Delivered,Kerala,Kochi
ORD004011,CUST0581,PROD0019,2023-04-12,1,5,15897.48,1386.2,Cash on Delivery,Delivered,Madhya Pradesh,Indore
ORD004012,CUST0406,PROD0031,2023-01-20,1,20,21619.48,-146.61,Credit Card,Delivered,Tamil Nadu,Chennai
ORD004013,CUST0168,PROD0022,2023-05-27,1,0,11982.27,2698.38,Cash on Delivery,Delivered,Madhya Pradesh,Indore
ORD004014,CUST0111,PROD0014,2024-04-16,1,0,9430.77,1089.07,UPI,Delivered,Rajasthan,Jaipur
ORD004015,CUST0388,PROD0032,2024-12-23,5,0,57395.05,6847.6,Cash on Delivery,Delivered,West Bengal,Kolkata
ORD004016,CUST0559,PROD0002,2023-08-11,1,0,21096.19,4770.91,Cash on Delivery,Delivered,Uttar Pradesh,Kanpur
ORD004017,CUST0302,PROD0013,2024-09-30,1,30,12784.23,-1939.43,UPI,Delivered,Maharashtra,Pune
ORD004018,CUST0524,PROD0006,2023-11-19,4,0,47141.48,5192.12,Cash on Delivery,Delivered,Madhya Pradesh,Bhopal
ORD004019,CUST0517,PROD0028,2025-07-08,2,0,15564.44,1972.28,Cash on Delivery,Returned,Karnataka,Bangalore
ORD004020,CUST0413,PROD0020,2024-11-25,1,10,17136.19,666.29,Net Banking,Delivered,Telangana,Hyderabad
ORD004021,CUST0504,PROD0018,2024-02-14,1,0,17902.05,2831.86,Cash on Delivery,Returned,Gujarat,Surat
ORD004022,CUST0600,PROD0015,2023-09-30,1,5,10751.26,1814.35,Net Banking,Delivered,Madhya Pradesh,Indore
ORD004023,CUST0151,PROD0003,2024-04-02,2,0,41680.28,5554.54,Credit Card,Delivered,Gujarat,Surat
ORD004024,CUST0101,PROD0025,2024-12-17,2,0,51358.82,10383.0,Net Banking,Delivered,Madhya Pradesh,Indore
ORD004025,CUST0577,PROD0002,2023-08-22,1,0,21096.19,4770.91,UPI,Delivered,Uttar Pradesh,Kanpur
ORD004026,CUST0080,PROD0032,2023-05-24,2,5,21810.12,1591.14,Net Banking,Delivered,Kerala,Kochi
ORD004027,CUST0467,PROD0013,2024-04-26,2,5,34700.04,5252.72,Cash on Delivery,Delivered,Gujarat,Ahmedabad
ORD004028,CUST0514,PROD0025,2023-08-23,1,0,25679.41,5191.5,Net Banking,Delivered,Delhi,Delhi
ORD004029,CUST0404,PROD0016,2024-12-23,2,15,42079.88,4490.76,UPI,Delivered,Maharashtra,Mumbai
ORD004030,CUST0513,PROD0033,2025-03-25,5,5,83573.83,4152.23,UPI,Cancelled,Gujarat,Ahmedabad
ORD004031,CUST0394,PROD0007,2025-07-25,2,0,27237.84,5727.66,Cash on Delivery,Delivered,Assam,Guwahati
ORD004032,CUST0208,PROD0030,2023-08-22,2,0,18934.44,1745.16,Credit Card,Delivered,Uttar Pradesh,Lucknow
ORD004033,CUST0441,PROD0021,2025-02-12,1,0,3723.21,883.98,Debit Card,Delivered,Gujarat,Ahmedabad
ORD004034,CUST0364,PROD0019,2023-07-06,1,20,13387.35,-1123.93,Debit Card,Delivered,Karnataka,Bangalore
ORD004035,CUST0518,PROD0004,2024-10-27,4,5,49999.68,4515.12,Cash on Delivery,Delivered,Uttar Pradesh,Lucknow
ORD004036,CUST0062,PROD0026,2025-02-01,4,5,67788.16,3303.88,Credit Card,Delivered,Uttar Pradesh,Lucknow
ORD004037,CUST0338,PROD0028,2024-10-22,2,0,15564.44,1972.28,UPI,Delivered,Assam,Guwahati
ORD004038,CUST0496,PROD0015,2024-04-18,1,0,11317.12,2380.21,Credit Card,Delivered,Bihar,Patna
ORD004039,CUST0490,PROD0034,2023-06-20,3,30,45286.96,-10785.68,Credit Card,Delivered,Assam,Guwahati
ORD004040,CUST0283,PROD0021,2025-07-23,1,5,3537.05,697.82,Net Banking,Delivered,Madhya Pradesh,Indore
ORD004041,CUST0600,PROD0023,2024-07-10,1,0,18767.33,4350.94,Cash on Delivery,Delivered,Madhya Pradesh,Indore
ORD004042,CUST0208,PROD0029,2024-08-20,1,0,20733.73,3121.67,Credit Card,Delivered,Uttar Pradesh,Lucknow
ORD004043,CUST0160,PROD0029,2023-08-05,3,0,62201.19,9365.01,Net Banking,Delivered,Rajasthan,Jaipur
ORD004044,CUST0156,PROD0009,2023-05-05,1,0,25782.26,2696.08,Net Banking,Delivered,Telangana,Hyderabad
ORD004045,CUST0417,PROD0005,2023-02-06,1,30,7281.11,-1291.34,Net Banking,Delivered,Kerala,Kochi
ORD004046,CUST0137,PROD0032,2025-07-21,1,0,11479.01,1369.52,Net Banking,Delivered,Assam,Guwahati
ORD004047,CUST0180,PROD0031,2025-05-25,1,0,27024.35,5258.26,Unknown,Delivered,Maharashtra,Pune
ORD004048,CUST0029,PROD0008,2024-02-06,2,5,20438.64,1535.88,Credit Card,Cancelled,Uttar Pradesh,Kanpur
ORD004049,CUST0309,PROD0012,2024-08-03,4,0,100725.68,19435.8,UPI,Delivered,Madhya Pradesh,Indore
ORD004050,CUST0138,PROD0023,2023-03-27,3,20,45041.59,1792.42,Cash on Delivery,Cancelled,Uttar Pradesh,Lucknow
ORD004051,CUST0386,PROD0029,2023-02-17,3,0,62201.19,9365.01,Debit Card,Delivered,Maharashtra,Pune
ORD004052,CUST0499,PROD0028,2024-01-19,1,30,5447.55,-1348.53,Cash on Delivery,Delivered,Bihar,Patna
ORD004053,CUST0334,PROD0022,2023-10-16,1,10,10784.04,1500.15,Cash on Delivery,Delivered,Madhya Pradesh,Bhopal
ORD004054,CUST0076,PROD0035,2024-08-19,1,15,10661.58,78.74,Cash on Delivery,Delivered,Gujarat,Surat
ORD004055,CUST0519,PROD0019,2023-08-07,1,0,16734.19,2222.91,Credit Card,Cancelled,Tamil Nadu,Chennai
ORD004056,CUST0451,PROD0017,2023-11-13,1,30,16974.68,-1093.68,UPI,Delivered,Bihar,Patna
ORD004057,CUST0551,PROD0005,2024-03-27,1,5,9881.51,1309.06,UPI,Delivered,Gujarat,Ahmedabad
ORD004058,CUST0282,PROD0013,2024-04-25,1,10,16436.86,1713.2,Net Banking,Cancelled,Maharashtra,Nagpur
ORD004059,CUST0222,PROD0017,2024-08-29,1,20,19399.63,1331.27,Net Banking,Delivered,Chandigarh,Chandigarh
ORD004060,CUST0293,PROD0034,2023-10-14,1,0,21565.22,2874.34,Credit Card,Delivered,West Bengal,Kolkata
ORD004061,CUST0139,PROD0021,2023-09-11,4,5,14148.2,2791.28,UPI,Delivered,West Bengal,Kolkata
ORD004062,CUST0545,PROD0032,2023-09-22,1,0,11479.01,1369.52,Credit Card,Cancelled,Delhi,Delhi
ORD004063,CUST0103,PROD0002,2023-11-27,1,15,17931.76,1606.48,Credit Card,Delivered,Uttar Pradesh,Kanpur
ORD004064,CUST0556,PROD0004,2024-01-29,2,0,26315.62,3573.34,UPI,Delivered,Bihar,Patna
ORD004065,CUST0152,PROD0021,2023-10-29,5,10,16754.44,2558.29,Debit Card,Returned,Chandigarh,Chandigarh
ORD004066,CUST0275,PROD0008,2023-02-14,1,0,10757.18,1305.8,UPI,Delivered,Maharashtra,Nagpur
ORD004067,CUST0353,PROD0013,2023-02-08,2,5,34700.04,5252.72,UPI,Delivered,Kerala,Kochi
ORD004068,CUST0569,PROD0026,2023-02-19,1,15,15163.14,-957.93,UPI,Delivered,West Bengal,Kolkata
ORD004069,CUST0290,PROD0015,2024-12-02,5,0,56585.6,11901.05,Net Banking,Cancelled,Maharashtra,Mumbai
ORD004070,CUST0364,PROD0006,2023-07-19,5,15,50087.82,-2348.88,Cash on Delivery,Delivered,Karnataka,Bangalore
ORD004071,CUST0141,PROD0029,2024-03-20,2,15,35247.34,23.22,Credit Card,Delivered,Maharashtra,Nagpur
ORD004072,CUST0339,PROD0024,2025-05-05,1,10,25578.68,4426.57,Cash on Delivery,Delivered,Kerala,Kochi
ORD004073,CUST0483,PROD0032,2023-04-05,3,30,24105.92,-6222.55,UPI,Delivered,Uttar Pradesh,Kanpur
ORD004074,CUST0589,PROD0026,2023-06-24,3,15,45489.42,-2873.79,Credit Card,Cancelled,Madhya Pradesh,Bhopal
ORD004075,CUST0552,PROD0024,2025-06-12,2,5,53999.42,11695.2,Cash on Delivery,Returned,Telangana,Hyderabad
ORD004076,CUST0309,PROD0025,2023-12-09,2,0,51358.82,10383.0,Credit Card,Delivered,Madhya Pradesh,Indore
ORD004077,CUST0449,PROD0022,2023-10-14,1,10,10784.04,1500.15,Cash on Delivery,Returned,Assam,Guwahati
ORD004078,CUST0340,PROD0002,2023-04-02,1,10,18986.57,2661.29,UPI,Returned,Madhya Pradesh,Indore
ORD004079,CUST0594,PROD0030,2023-01-13,1,5,8993.86,399.22,Cash on Delivery,Cancelled,Gujarat,Ahmedabad
ORD004080,CUST0461,PROD0004,2024-06-03,1,15,11184.14,-187.0,Net Banking,Delivered,Delhi,Delhi
ORD004081,CUST0124,PROD0024,2025-03-22,1,20,22736.6,1584.49,Cash on Delivery,Delivered,Gujarat,Surat
ORD004082,CUST0046,PROD0033,2023-11-09,1,0,17594.49,1710.17,Cash on Delivery,Delivered,Gujarat,Ahmedabad
ORD004083,CUST0210,PROD0001,2024-11-29,2,10,41576.63,6398.19,Cash on Delivery,Delivered,Gujarat,Surat
ORD004084,CUST0306,PROD0033,2023-12-07,1,0,17594.49,1710.17,Cash on Delivery,Delivered,Uttar Pradesh,Kanpur
ORD004085,CUST0455,PROD0030,2025-01-03,1,10,8520.5,-74.14,Net Banking,Delivered,Maharashtra,Pune
ORD004086,CUST0210,PROD0028,2024-05-13,2,5,14786.22,1194.06,Credit Card,Cancelled,Gujarat,Surat
ORD004087,CUST0515,PROD0022,2023-12-17,3,5,34149.47,6297.8,Cash on Delivery,Delivered,Bihar,Patna
ORD004088,CUST0337,PROD0019,2024-09-04,1,15,14224.06,-287.22,Debit Card,Delivered,Maharashtra,Pune
ORD004089,CUST0211,PROD0025,2023-07-17,1,0,25679.41,5191.5,UPI,Returned,Madhya Pradesh,Indore
ORD004090,CUST0322,PROD0014,2023-12-28,2,5,17918.46,1235.06,Cash on Delivery,Returned,Bihar,Patna
ORD004091,CUST0166,PROD0025,2025-04-15,1,10,23111.47,2623.56,Credit Card,Returned,Rajasthan,Jaipur
ORD004092,CUST0331,PROD0005,2023-05-03,1,10,9361.43,788.98,Debit Card,Delivered,Karnataka,Bangalore
ORD004093,CUST0264,PROD0035,2024-11-30,2,0,25086.08,3920.4,Cash on Delivery,Returned,Assam,Guwahati
ORD004094,CUST0138,PROD0012,2023-04-24,1,5,23922.35,3599.88,UPI,Delivered,Uttar Pradesh,Lucknow
ORD004095,CUST0109,PROD0032,2024-07-06,2,0,22958.02,2739.04,Credit Card,Cancelled,West Bengal,Kolkata
ORD004096,CUST0528,PROD0011,2025-05-09,2,0,6551.02,1451.76,Debit Card,Delivered,Gujarat,Ahmedabad
ORD004097,CUST0538,PROD0006,2024-09-08,1,20,9428.3,-1059.04,Net Banking,Delivered,Tamil Nadu,Coimbatore
ORD004098,CUST0167,PROD0033,2023-06-29,2,0,35188.98,3420.34,Cash on Delivery,Delivered,Bihar,Patna
ORD004099,CUST0577,PROD0006,2024-10-25,1,10,10606.83,119.49,Credit Card,Returned,Uttar Pradesh,Kanpur
ORD004100,CUST0036,PROD0031,2025-05-21,2,10,48643.83,5111.65,Net Banking,Delivered,Kerala,Kochi
ORD004101,CUST0553,PROD0030,2023-03-12,3,0,28401.66,2617.74,Cash on Delivery,Delivered,Tamil Nadu,Coimbatore
ORD004102,CUST0191,PROD0007,2024-05-29,5,20,54475.68,700.23,Debit Card,Delivered,West Bengal,Kolkata
ORD004103,CUST0091,PROD0019,2023-11-20,1,0,16734.19,2222.91,Debit Card,Returned,Uttar Pradesh,Lucknow
ORD004104,CUST0048,PROD0028,2024-11-14,1,15,6614.89,-181.19,Net Banking,Returned,Assam,Guwahati
ORD004105,CUST0348,PROD0034,2025-07-21,1,20,17252.18,-1438.7,Credit Card,Delivered,Assam,Guwahati
ORD004106,CUST0268,PROD0035,2023-07-10,5,0,62715.2,9801.0,Credit Card,Cancelled,Kerala,Kochi
ORD004107,CUST0195,PROD0013,2024-11-09,3,0,54789.54,10618.56,Cash on Delivery,Cancelled,Kerala,Kochi
ORD004108,CUST0270,PROD0015,2023-02-11,2,0,22634.24,4760.42,Cash on Delivery,Delivered,Rajasthan,Jaipur
ORD004109,CUST0221,PROD0013,2023-06-30,1,10,16436.86,1713.2,Debit Card,Delivered,Bihar,Patna
ORD004110,CUST0215,PROD0018,2024-06-02,1,10,16111.84,1041.65,Debit Card,Cancelled,Tamil Nadu,Chennai
ORD004111,CUST0129,PROD0005,2023-08-26,4,20,33285.09,-1004.71,Debit Card,Cancelled,Chandigarh,Chandigarh
ORD004112,CUST0254,PROD0005,2025-04-06,1,0,10401.59,1829.14,Debit Card,Delivered,Uttar Pradesh,Lucknow
ORD004113,CUST0489,PROD0021,2025-03-14,3,0,11169.63,2651.94,Debit Card,Delivered,Maharashtra,Pune
ORD004114,CUST0024,PROD0033,2025-05-04,2,0,35188.98,3420.34,Cash on Delivery,Returned,Karnataka,Bangalore
ORD004115,CUST0451,PROD0017,2025-07-07,3,0,72748.62,18543.54,Net Banking,Delivered,Bihar,Patna
ORD004116,CUST0375,PROD0001,2025-04-23,2,0,46196.26,11017.82,Cash on Delivery,Delivered,Delhi,Delhi
ORD004117,CUST0442,PROD0024,2024-02-27,3,0,85262.25,21805.92,Debit Card,Delivered,Tamil Nadu,Coimbatore
ORD004118,CUST0520,PROD0015,2024-11-06,2,0,22634.24,4760.42,Credit Card,Delivered,Kerala,Kochi
ORD004119,CUST0060,PROD0023,2025-05-08,1,0,18767.33,4350.94,Net Banking,Delivered,Telangana,Hyderabad
ORD004120,CUST0198,PROD0006,2023-03-05,1,15,10017.56,-469.78,UPI,Delivered,Rajasthan,Jaipur
ORD004121,CUST0294,PROD0005,2024-01-30,1,0,10401.59,1829.14,Credit Card,Cancelled,Rajasthan,Jaipur
ORD004122,CUST0600,PROD0026,2025-05-27,3,5,50841.12,2477.91,UPI,Cancelled,Madhya Pradesh,Indore
ORD004123,CUST0356,PROD0001,2024-04-19,1,5,21943.22,4354.0,UPI,Delivered,Gujarat,Ahmedabad
ORD004124,CUST0188,PROD0035,2023-01-21,1,10,11288.74,705.9,UPI,Delivered,Maharashtra,Pune
ORD004125,CUST0358,PROD0002,2024-07-18,1,15,17931.76,1606.48,UPI,Delivered,Maharashtra,Mumbai
ORD004126,CUST0107,PROD0020,2024-10-18,2,0,38080.42,5140.62,Cash on Delivery,Delivered,Uttar Pradesh,Lucknow
ORD004127,CUST0283,PROD0009,2023-05-02,1,30,18047.58,-5038.6,Cash on Delivery,Returned,Madhya Pradesh,Indore
ORD004128,CUST0305,PROD0020,2023-02-12,1,5,18088.2,1618.3,Credit Card,Cancelled,Assam,Guwahati
ORD004129,CUST0301,PROD0003,2024-06-17,2,0,41680.28,5554.54,Credit Card,Delivered,West Bengal,Kolkata
ORD004130,CUST0375,PROD0021,2025-01-18,1,5,3537.05,697.82,Debit Card,Cancelled,Delhi,Delhi
ORD004131,CUST0303,PROD0029,2024-10-15,1,20,16586.98,-1025.08,Cash on Delivery,Delivered,Gujarat,Surat
ORD004132,CUST0193,PROD0016,2024-11-28,3,15,63119.82,6736.14,Net Banking,Delivered,Rajasthan,Jaipur
ORD004133,CUST0042,PROD0002,2024-01-10,1,0,21096.19,4770.91,Cash on Delivery,Cancelled,Assam,Guwahati
ORD004134,CUST0394,PROD0015,2024-10-06,1,15,9619.55,682.64,Net Banking,Cancelled,Assam,Guwahati
ORD004135,CUST0243,PROD0013,2025-03-30,1,20,14610.54,-113.12,Net Banking,Delivered,Bihar,Patna
ORD004136,CUST0122,PROD0006,2025-07-04,2,5,22392.2,1417.52,Debit Card,Returned,Kerala,Kochi
ORD004137,CUST0302,PROD0028,2023-06-05,1,0,7782.22,986.14,Net Banking,Cancelled,Maharashtra,Pune
ORD004138,CUST0064,PROD0012,2024-12-08,5,15,107021.03,5408.68,Cash on Delivery,Delivered,Maharashtra,Mumbai
ORD004139,CUST0165,PROD0008,2023-12-28,1,5,10219.32,767.94,Cash on Delivery,Delivered,Gujarat,Ahmedabad
ORD004140,CUST0228,PROD0010,2025-01-04,4,30,65482.84,-17795.28,Net Banking,Returned,Gujarat,Ahmedabad
ORD004141,CUST0075,PROD0001,2024-01-13,5,0,115490.65,27544.55,UPI,Delivered,Uttar Pradesh,Kanpur
ORD004142,CUST0278,PROD0011,2023-09-13,1,15,2784.18,234.55,Credit Card,Delivered,Bihar,Patna
ORD004143,CUST0213,PROD0007,2023-06-23,2,20,21790.27,280.09,Credit Card,Delivered,West Bengal,Kolkata
ORD004144,CUST0108,PROD0030,2023-05-31,1,20,7573.78,-1020.86,Debit Card,Delivered,Telangana,Hyderabad
ORD004145,CUST0257,PROD0003,2023-07-25,3,0,62520.42,8331.81,Debit Card,Delivered,Gujarat,Ahmedabad
ORD004146,CUST0245,PROD0034,2024-10-18,1,0,21565.22,2874.34,Net Banking,Delivered,Kerala,Kochi
ORD004147,CUST0204,PROD0008,2025-04-08,2,0,21514.36,2611.6,Debit Card,Delivered,Maharashtra,Mumbai
ORD004148,CUST0016,PROD0007,2025-01-14,1,20,10895.14,140.05,Cash on Delivery,Cancelled,Maharashtra,Nagpur
ORD004149,CUST0131,PROD0030,2024-03-05,1,5,8993.86,399.22,Net Banking,Returned,Tamil Nadu,Chennai
ORD004150,CUST0246,PROD0010,2024-10-28,1,30,16370.71,-4448.82,Credit Card,Returned,Tamil Nadu,Chennai
ORD004151,CUST0137,PROD0024,2024-05-09,1,20,22736.6,1584.49,Debit Card,Delivered,Assam,Guwahati
ORD004152,CUST0541,PROD0015,2023-10-13,2,0,22634.24,4760.42,Credit Card,Delivered,Karnataka,Bangalore
ORD004153,CUST0416,PROD0025,2023-07-27,1,5,24395.44,3907.53,Credit Card,Returned,Maharashtra,Nagpur
ORD004154,CUST0133,PROD0002,2024-10-29,4,0,84384.76,19083.64,Cash on Delivery,Delivered,Maharashtra,Pune
ORD004155,CUST0129,PROD0022,2024-06-04,1,15,10184.93,901.04,Cash on Delivery,Returned,Chandigarh,Chandigarh
ORD004156,CUST0494,PROD0032,2023-06-11,3,0,34437.03,4108.56,Credit Card,Delivered,Bihar,Patna
ORD004157,CUST0099,PROD0014,2023-02-12,3,0,28292.31,3267.21,Credit Card,Cancelled,Assam,Guwahati
ORD004158,CUST0210,PROD0002,2023-08-13,3,10,56959.71,7983.87,Debit Card,Returned,Gujarat,Surat
ORD004159,CUST0430,PROD0001,2023-02-06,2,0,46196.26,11017.82,UPI,Returned,Tamil Nadu,Coimbatore
ORD004160,CUST0352,PROD0022,2023-05-20,3,5,34149.47,6297.8,Debit Card,Delivered,Tamil Nadu,Chennai
ORD004161,CUST0211,PROD0035,2025-04-12,1,0,12543.04,1960.2,Net Banking,Cancelled,Madhya Pradesh,Indore
ORD004162,CUST0435,PROD0026,2025-05-23,1,5,16947.04,825.97,Net Banking,Delivered,Telangana,Hyderabad
ORD004163,CUST0505,PROD0033,2023-09-12,1,0,17594.49,1710.17,Credit Card,Delivered,Maharashtra,Nagpur
ORD004164,CUST0152,PROD0023,2025-01-14,2,20,30027.73,1194.95,Net Banking,Delivered,Chandigarh,Chandigarh
ORD004165,CUST0096,PROD0001,2024-08-28,1,10,20788.32,3199.1,Cash on Delivery,Delivered,Karnataka,Bangalore
ORD004166,CUST0399,PROD0012,2023-08-23,2,5,47844.7,7199.76,Credit Card,Delivered,Tamil Nadu,Coimbatore
ORD004167,CUST0423,PROD0003,2025-02-14,3,20,50016.34,-4172.27,Credit Card,Delivered,Delhi,Delhi
ORD004168,CUST0319,PROD0019,2024-05-18,2,5,31794.96,2772.4,Net Banking,Returned,Maharashtra,Pune
ORD004169,CUST0333,PROD0015,2023-01-02,1,10,10185.41,1248.5,UPI,Delivered,Maharashtra,Pune
ORD004170,CUST0578,PROD0002,2023-11-24,1,5,20041.38,3716.1,Net Banking,Delivered,Maharashtra,Pune
ORD004171,CUST0105,PROD0005,2024-07-24,5,10,46807.16,3944.91,UPI,Delivered,Delhi,Delhi
ORD004172,CUST0575,PROD0030,2023-12-14,1,0,9467.22,872.58,Credit Card,Delivered,Tamil Nadu,Chennai
ORD004173,CUST0160,PROD0014,2023-03-20,4,10,33950.77,583.97,UPI,Delivered,Rajasthan,Jaipur
ORD004174,CUST0468,PROD0033,2024-10-26,1,0,17594.49,1710.17,Cash on Delivery,Cancelled,Rajasthan,Jaipur
ORD004175,CUST0447,PROD0013,2024-06-01,4,0,73052.72,14158.08,Credit Card,Delivered,Maharashtra,Mumbai
ORD004176,CUST0254,PROD0008,2024-11-11,4,10,38725.85,920.33,Cash on Delivery,Delivered,Uttar Pradesh,Lucknow
ORD004177,CUST0135,PROD0026,2024-01-20,1,0,17838.99,1717.92,Cash on Delivery,Cancelled,Tamil Nadu,Coimbatore
ORD004178,CUST0067,PROD0031,2024-07-30,1,20,21619.48,-146.61,Debit Card,Delivered,Telangana,Hyderabad
ORD004179,CUST0191,PROD0030,2023-11-02,2,0,18934.44,1745.16,Cash on Delivery,Cancelled,West Bengal,Kolkata
ORD004180,CUST0051,PROD0023,2023-02-23,1,5,17828.96,3412.57,Debit Card,Delivered,Gujarat,Ahmedabad
ORD004181,CUST0095,PROD0032,2025-02-07,1,5,10905.06,795.57,Net Banking,Returned,Delhi,Delhi
ORD004182,CUST0348,PROD0005,2025-02-15,2,20,16642.54,-502.36,Credit Card,Delivered,Assam,Guwahati
ORD004183,CUST0068,PROD0015,2023-07-26,3,0,33951.36,7140.63,Cash on Delivery,Delivered,Gujarat,Surat
ORD004184,CUST0239,PROD0030,2025-06-28,1,20,7573.78,-1020.86,Net Banking,Cancelled,Kerala,Kochi
ORD004185,CUST0201,PROD0032,2023-06-16,2,10,20662.22,443.24,Net Banking,Delivered,Chandigarh,Chandigarh
ORD004186,CUST0542,PROD0031,2025-07-04,2,15,45941.4,2409.22,Net Banking,Cancelled,Bihar,Patna
ORD004187,CUST0185,PROD0003,2024-05-21,1,5,19798.13,1735.26,UPI,Delivered,Maharashtra,Pune
ORD004188,CUST0064,PROD0016,2025-07-10,1,0,24752.87,5958.31,Cash on Delivery,Returned,Maharashtra,Mumbai
ORD004189,CUST0132,PROD0018,2025-01-03,1,5,17006.95,1936.76,UPI,Delivered,Karnataka,Bangalore
ORD004190,CUST0404,PROD0033,2025-01-05,1,10,15835.04,-49.28,Credit Card,Delivered,Maharashtra,Mumbai
ORD004191,CUST0557,PROD0005,2023-04-11,2,5,19763.02,2618.12,Credit Card,Cancelled,Uttar Pradesh,Kanpur
ORD004192,CUST0247,PROD0012,2024-12-03,1,0,25181.42,4858.95,UPI,Returned,Madhya Pradesh,Bhopal
ORD004193,CUST0215,PROD0026,2023-12-26,1,0,17838.99,1717.92,UPI,Returned,Tamil Nadu,Chennai
ORD004194,CUST0118,PROD0005,2024-09-07,1,0,10401.59,1829.14,Debit Card,Delivered,Maharashtra,Nagpur
ORD004195,CUST0130,PROD0012,2025-03-30,2,5,47844.7,7199.76,Net Banking,Returned,Chandigarh,Chandigarh
ORD004196,CUST0396,PROD0023,2024-08-20,1,5,17828.96,3412.57,Net Banking,Cancelled,Gujarat,Surat
ORD004197,CUST0336,PROD0014,2024-06-02,1,0,9430.77,1089.07,Debit Card,Returned,Maharashtra,Pune
ORD004198,CUST0187,PROD0028,2025-02-08,2,0,15564.44,1972.28,Cash on Delivery,Delivered,Delhi,Delhi
ORD004199,CUST0479,PROD0003,2023-07-27,1,0,20840.14,2777.27,Credit Card,Delivered,Telangana,Hyderabad
ORD004200,CUST0560,PROD0018,2023-09-11,1,30,12531.44,-2538.75,Net Banking,Delivered,Rajasthan,Jaipur
ORD004201,CUST0515,PROD0005,2024-07-01,2,15,17682.7,537.8,Debit Card,Cancelled,Bihar,Patna
ORD004202,CUST0055,PROD0020,2025-01-30,1,0,19040.21,2570.31,Credit Card,Delivered,Madhya Pradesh,Indore
ORD004203,CUST0289,PROD0024,2024-12-10,3,5,80999.14,17542.81,UPI,Delivered,Maharashtra,Pune
ORD004204,CUST0383,PROD0024,2023-05-27,2,10,51157.35,8853.13,Cash on Delivery,Delivered,Delhi,Delhi
ORD004205,CUST0495,PROD0018,2023-08-07,2,10,32223.69,2083.31,Debit Card,Delivered,Kerala,Kochi
ORD004206,CUST0079,PROD0025,2024-11-15,1,0,25679.41,5191.5,Cash on Delivery,Returned,Madhya Pradesh,Bhopal
ORD004207,CUST0217,PROD0034,2023-12-14,1,10,19408.7,717.82,UPI,Delivered,Maharashtra,Mumbai
ORD004208,CUST0029,PROD0018,2025-04-29,2,30,25062.87,-5077.51,Credit Card,Delivered,Uttar Pradesh,Kanpur
ORD004209,CUST0066,PROD0029,2023-03-30,2,5,39394.09,4169.97,UPI,Cancelled,Tamil Nadu,Chennai
ORD004210,CUST0304,PROD0006,2023-06-20,1,0,11785.37,1298.03,Credit Card,Delivered,Tamil Nadu,Coimbatore
ORD004211,CUST0539,PROD0034,2023-06-24,1,0,21565.22,2874.34,Net Banking,Returned,Kerala,Kochi
ORD004212,CUST0562,PROD0012,2025-03-23,1,15,21404.21,1081.74,UPI,Delivered,Bihar,Patna
ORD004213,CUST0168,PROD0021,2023-06-27,1,15,3164.73,325.5,UPI,Returned,Madhya Pradesh,Indore
ORD004214,CUST0334,PROD0015,2024-04-07,1,0,11317.12,2380.21,Credit Card,Delivered,Madhya Pradesh,Bhopal
ORD004215,CUST0183,PROD0027,2024-11-18,4,0,121520.84,28569.88,UPI,Cancelled,Uttar Pradesh,Lucknow
ORD004216,CUST0597,PROD0007,2024-09-02,1,10,12257.03,1501.94,Cash on Delivery,Returned,Uttar Pradesh,Lucknow
ORD004217,CUST0236,PROD0034,2023-01-20,2,20,34504.35,-2877.41,Cash on Delivery,Delivered,Telangana,Hyderabad
ORD004218,CUST0407,PROD0025,2023-06-03,2,0,51358.82,10383.0,Cash on Delivery,Delivered,Bihar,Patna
ORD004219,CUST0199,PROD0014,2023-06-17,1,0,9430.77,1089.07,Cash on Delivery,Delivered,Tamil Nadu,Coimbatore
ORD004220,CUST0415,PROD0004,2024-01-07,1,0,13157.81,1786.67,Debit Card,Returned,Madhya Pradesh,Bhopal
ORD004221,CUST0378,PROD0014,2024-07-26,2,0,18861.54,2178.14,Credit Card,Delivered,Rajasthan,Jaipur
ORD004222,CUST0106,PROD0020,2023-03-07,1,0,19040.21,2570.31,Net Banking,Cancelled,Telangana,Hyderabad
ORD004223,CUST0070,PROD0028,2023-03-09,2,0,15564.44,1972.28,UPI,Delivered,Gujarat,Ahmedabad
ORD004224,CUST0263,PROD0010,2023-08-20,2,0,46773.46,5134.4,Credit Card,Delivered,Maharashtra,Mumbai
ORD004225,CUST0209,PROD0019,2025-05-06,2,0,33468.38,4445.82,Cash on Delivery,Delivered,Telangana,Hyderabad
ORD004226,CUST0192,PROD0028,2025-07-03,1,15,6614.89,-181.19,Net Banking,Delivered,Rajasthan,Jaipur
ORD004227,CUST0078,PROD0032,2023-04-05,3,0,34437.03,4108.56,UPI,Returned,Karnataka,Bangalore
ORD004228,CUST0109,PROD0001,2024-05-11,3,0,69294.39,16526.73,Cash on Delivery,Returned,West Bengal,Kolkata
ORD004229,CUST0015,PROD0008,2024-11-15,2,0,21514.36,2611.6,Cash on Delivery,Returned,Uttar Pradesh,Lucknow
ORD004230,CUST0111,PROD0015,2025-01-31,1,0,11317.12,2380.21,Credit Card,Delivered,Rajasthan,Jaipur
ORD004231,CUST0061,PROD0018,2024-07-22,5,0,89510.25,14159.3,Credit Card,Delivered,Kerala,Kochi
ORD004232,CUST0029,PROD0011,2023-12-22,1,0,3275.51,725.88,Cash on Delivery,Delivered,Uttar Pradesh,Kanpur
ORD004233,CUST0012,PROD0015,2023-01-20,1,0,11317.12,2380.21,Credit Card,Delivered,Tamil Nadu,Chennai
ORD004234,CUST0262,PROD0030,2025-02-17,3,0,28401.66,2617.74,Credit Card,Delivered,Assam,Guwahati
ORD004235,CUST0539,PROD0007,2024-12-20,1,30,9533.24,-1221.85,Net Banking,Delivered,Kerala,Kochi
ORD004236,CUST0438,PROD0007,2024-08-30,1,10,12257.03,1501.94,Credit Card,Delivered,Rajasthan,Jaipur
ORD004237,CUST0535,PROD0029,2023-02-11,2,0,41467.46,6243.34,Cash on Delivery,Delivered,Rajasthan,Jaipur
ORD004238,CUST0556,PROD0013,2023-08-22,2,5,34700.04,5252.72,UPI,Returned,Bihar,Patna
ORD004239,CUST0012,PROD0022,2023-03-20,1,20,9585.82,301.93,Net Banking,Delivered,Tamil Nadu,Chennai
ORD004240,CUST0286,PROD0030,2023-05-15,1,0,9467.22,872.58,Unknown,Delivered,Uttar Pradesh,Kanpur
ORD004241,CUST0515,PROD0012,2024-08-13,2,20,40290.27,-354.67,Debit Card,Delivered,Bihar,Patna
ORD004242,CUST0303,PROD0031,2023-01-13,1,20,21619.48,-146.61,UPI,Returned,Gujarat,Surat
ORD004243,CUST0570,PROD0021,2025-06-29,1,10,3350.89,511.66,UPI,Delivered,Maharashtra,Pune
ORD004244,CUST0534,PROD0012,2025-06-21,1,0,25181.42,4858.95,Debit Card,Cancelled,Uttar Pradesh,Kanpur
ORD004245,CUST0588,PROD0010,2023-04-11,4,5,88869.57,5591.45,Cash on Delivery,Delivered,Maharashtra,Mumbai
ORD004246,CUST0544,PROD0018,2024-11-24,4,10,64447.38,4166.62,Net Banking,Delivered,Telangana,Hyderabad
ORD004247,CUST0189,PROD0023,2023-11-15,3,0,56301.99,13052.82,Debit Card,Delivered,Bihar,Patna
ORD004248,CUST0525,PROD0005,2024-10-28,1,10,9361.43,788.98,Debit Card,Delivered,Gujarat,Surat
ORD004249,CUST0538,PROD0035,2023-07-10,1,15,10661.58,78.74,Debit Card,Delivered,Tamil Nadu,Coimbatore
ORD004250,CUST0355,PROD0013,2024-03-28,1,0,18263.18,3539.52,Net Banking,Delivered,Kerala,Kochi
ORD004251,CUST0114,PROD0015,2024-06-14,1,0,11317.12,2380.21,UPI,Cancelled,Kerala,Kochi
ORD004252,CUST0263,PROD0016,2024-02-23,2,15,42079.88,4490.76,UPI,Cancelled,Maharashtra,Mumbai
ORD004253,CUST0188,PROD0012,2023-06-03,1,0,25181.42,4858.95,Net Banking,Returned,Maharashtra,Pune
ORD004254,CUST0046,PROD0007,2023-11-09,2,0,27237.84,5727.66,Debit Card,Delivered,Gujarat,Ahmedabad
ORD004255,CUST0259,PROD0025,2023-05-26,2,0,51358.82,10383.0,Net Banking,Delivered,Uttar Pradesh,Lucknow
ORD004256,CUST0533,PROD0030,2023-02-22,1,5,8993.86,399.22,UPI,Cancelled,Kerala,Kochi
ORD004257,CUST0174,PROD0013,2024-10-13,3,10,49310.59,5139.61,UPI,Delivered,Delhi,Delhi
ORD004258,CUST0419,PROD0009,2024-08-14,1,0,25782.26,2696.08,UPI,Returned,Uttar Pradesh,Lucknow
ORD004259,CUST0414,PROD0009,2023-04-26,5,10,116020.17,589.27,UPI,Delivered,Uttar Pradesh,Lucknow
ORD004260,CUST0392,PROD0004,2025-02-16,1,0,13157.81,1786.67,UPI,Delivered,Tamil Nadu,Chennai
ORD004261,CUST0532,PROD0032,2023-04-07,1,5,10905.06,795.57,Debit Card,Delivered,Maharashtra,Nagpur
ORD004262,CUST0138,PROD0022,2023-10-07,1,0,11982.27,2698.38,Debit Card,Delivered,Uttar Pradesh,Lucknow
ORD004263,CUST0253,PROD0003,2024-04-26,5,30,72940.49,-17373.86,Debit Card,Delivered,Maharashtra,Pune
ORD004264,CUST0219,PROD0019,2025-02-26,1,5,15897.48,1386.2,Credit Card,Delivered,Assam,Guwahati
ORD004265,CUST0408,PROD0024,2023-05-14,1,5,26999.71,5847.6,Debit Card,Delivered,Tamil Nadu,Chennai
ORD004266,CUST0206,PROD0031,2025-05-09,1,5,25673.13,3907.04,Net Banking,Delivered,West Bengal,Kolkata
ORD004267,CUST0328,PROD0011,2023-01-23,1,5,3111.73,562.1,Net Banking,Delivered,Tamil Nadu,Coimbatore
ORD004268,CUST0083,PROD0030,2024-02-07,1,0,9467.22,872.58,Debit Card,Delivered,Chandigarh,Chandigarh
ORD004269,CUST0350,PROD0014,2023-05-19,1,10,8487.69,145.99,Cash on Delivery,Delivered,Telangana,Hyderabad
ORD004270,CUST0113,PROD0017,2024-09-09,1,15,20612.11,2543.75,Debit Card,Delivered,Kerala,Kochi
ORD004271,CUST0097,PROD0033,2023-08-01,3,20,42226.78,-5426.18,Credit Card,Delivered,Rajasthan,Jaipur
ORD004272,CUST0141,PROD0005,2025-04-08,1,5,9881.51,1309.06,Credit Card,Cancelled,Maharashtra,Nagpur
ORD004273,CUST0113,PROD0020,2023-12-29,3,10,51408.57,1998.87,UPI,Delivered,Kerala,Kochi
ORD004274,CUST0154,PROD0012,2025-04-12,1,30,17626.99,-2695.48,Net Banking,Delivered,Telangana,Hyderabad
ORD004275,CUST0243,PROD0006,2025-02-14,1,0,11785.37,1298.03,Cash on Delivery,Delivered,Bihar,Patna
ORD004276,CUST0354,PROD0025,2023-04-16,1,0,25679.41,5191.5,UPI,Delivered,Delhi,Delhi
ORD004277,CUST0105,PROD0011,2023-06-09,1,5,3111.73,562.1,UPI,Delivered,Delhi,Delhi
ORD004278,CUST0343,PROD0026,2023-04-14,4,0,71355.96,6871.68,Debit Card,Returned,Rajasthan,Jaipur
ORD004279,CUST0397,PROD0034,2023-04-06,2,5,40973.92,3592.16,UPI,Cancelled,Rajasthan,Jaipur
ORD004280,CUST0317,PROD0033,2025-06-19,3,5,50144.3,2491.34,Debit Card,Returned,Bihar,Patna
ORD004281,CUST0210,PROD0007,2023-12-03,2,0,27237.84,5727.66,UPI,Returned,Gujarat,Surat
ORD004282,CUST0108,PROD0030,2024-08-02,1,0,9467.22,872.58,Cash on Delivery,Delivered,Telangana,Hyderabad
ORD004283,CUST0171,PROD0025,2023-04-22,2,0,51358.82,10383.0,Debit Card,Cancelled,Uttar Pradesh,Kanpur
ORD004284,CUST0280,PROD0011,2025-05-19,2,5,6223.47,1124.21,Net Banking,Delivered,West Bengal,Kolkata
ORD004285,CUST0097,PROD0028,2025-05-16,2,5,14786.22,1194.06,Credit Card,Delivered,Rajasthan,Jaipur
ORD004286,CUST0007,PROD0033,2025-04-23,2,0,35188.98,3420.34,Net Banking,Cancelled,Chandigarh,Chandigarh
ORD004287,CUST0272,PROD0014,2024-07-23,2,15,16032.31,-651.09,Cash on Delivery,Delivered,Maharashtra,Nagpur
ORD004288,CUST0208,PROD0030,2023-06-17,2,0,18934.44,1745.16,Unknown,Delivered,Uttar Pradesh,Lucknow
ORD004289,CUST0176,PROD0030,2024-05-14,4,0,37868.88,3490.32,Debit Card,Delivered,Telangana,Hyderabad
ORD004290,CUST0562,PROD0033,2024-07-18,4,5,66859.06,3321.78,Debit Card,Cancelled,Bihar,Patna
ORD004291,CUST0466,PROD0022,2024-10-02,1,15,10184.93,901.04,Net Banking,Delivered,Gujarat,Ahmedabad
ORD004292,CUST0264,PROD0013,2023-05-22,1,10,16436.86,1713.2,Cash on Delivery,Cancelled,Assam,Guwahati
ORD004293,CUST0157,PROD0013,2024-09-20,2,5,34700.04,5252.72,Cash on Delivery,Delivered,Gujarat,Ahmedabad
ORD004294,CUST0248,PROD0022,2023-10-12,1,0,11982.27,2698.38,Debit Card,Returned,Maharashtra,Pune
ORD004295,CUST0162,PROD0004,2025-02-09,1,5,12499.92,1128.78,Credit Card,Returned,Delhi,Delhi
ORD004296,CUST0024,PROD0020,2023-11-25,1,5,18088.2,1618.3,Net Banking,Cancelled,Karnataka,Bangalore
ORD004297,CUST0367,PROD0028,2023-04-08,3,5,22179.33,1791.09,UPI,Delivered,Karnataka,Bangalore
ORD004298,CUST0140,PROD0002,2025-05-13,1,0,21096.19,4770.91,UPI,Delivered,Uttar Pradesh,Lucknow
ORD004299,CUST0244,PROD0025,2024-09-15,2,10,46222.94,5247.12,UPI,Delivered,Chandigarh,Chandigarh
ORD004300,CUST0559,PROD0025,2025-05-28,3,20,61630.58,166.85,UPI,Cancelled,Uttar Pradesh,Kanpur
ORD004301,CUST0462,PROD0004,2025-02-02,1,10,11842.03,470.89,Cash on Delivery,Cancelled,Assam,Guwahati
ORD004302,CUST0012,PROD0019,2024-11-01,1,5,15897.48,1386.2,Net Banking,Cancelled,Tamil Nadu,Chennai
ORD004303,CUST0406,PROD0020,2023-03-13,4,20,60928.67,-4950.93,Net Banking,Delivered,Tamil Nadu,Chennai
ORD004304,CUST0271,PROD0022,2023-01-03,5,10,53920.22,7500.77,Cash on Delivery,Cancelled,Maharashtra,Mumbai
ORD004305,CUST0434,PROD0005,2025-05-28,2,30,14562.23,-2582.67,Cash on Delivery,Returned,Telangana,Hyderabad
ORD004306,CUST0519,PROD0029,2023-05-21,1,15,17623.67,11.61,Cash on Delivery,Delivered,Tamil Nadu,Chennai
ORD004307,CUST0135,PROD0017,2024-09-09,4,20,77598.53,5325.09,Cash on Delivery,Delivered,Tamil Nadu,Coimbatore
ORD004308,CUST0186,PROD0031,2023-10-29,1,15,22970.7,1204.61,Debit Card,Delivered,Telangana,Hyderabad
ORD004309,CUST0431,PROD0027,2024-01-03,1,10,27342.19,4104.45,Cash on Delivery,Delivered,Tamil Nadu,Chennai
ORD004310,CUST0221,PROD0013,2024-11-10,5,30,63921.13,-9697.17,Net Banking,Delivered,Bihar,Patna
ORD004311,CUST0323,PROD0027,2025-01-09,4,5,115444.8,22493.84,UPI,Delivered,Maharashtra,Nagpur
ORD004312,CUST0310,PROD0034,2024-03-26,1,0,21565.22,2874.34,Debit Card,Delivered,Telangana,Hyderabad
ORD004313,CUST0177,PROD0034,2023-03-05,1,0,21565.22,2874.34,Credit Card,Delivered,Kerala,Kochi
ORD004314,CUST0510,PROD0032,2024-06-28,1,0,11479.01,1369.52,Net Banking,Cancelled,Maharashtra,Pune
ORD004315,CUST0427,PROD0007,2025-06-22,1,10,12257.03,1501.94,Credit Card,Delivered,Kerala,Kochi
ORD004316,CUST0286,PROD0007,2023-09-20,1,5,12937.97,2182.88,Debit Card,Cancelled,Uttar Pradesh,Kanpur
ORD004317,CUST0320,PROD0035,2023-03-27,2,5,23831.78,2666.1,Cash on Delivery,Delivered,Karnataka,Bangalore
ORD004318,CUST0597,PROD0016,2025-07-26,4,0,99011.48,23833.24,Net Banking,Returned,Uttar Pradesh,Lucknow
ORD004319,CUST0176,PROD0019,2023-06-21,2,30,23427.87,-5594.69,Unknown,Delivered,Telangana,Hyderabad
ORD004320,CUST0010,PROD0031,2023-12-29,1,5,25673.13,3907.04,UPI,Delivered,Bihar,Patna
ORD004321,CUST0179,PROD0007,2023-10-28,1,15,11576.08,820.99,Net Banking,Cancelled,Gujarat,Ahmedabad
ORD004322,CUST0317,PROD0013,2024-02-04,1,5,17350.02,2626.36,Cash on Delivery,Delivered,Bihar,Patna
ORD004323,CUST0286,PROD0002,2024-10-15,2,0,42192.38,9541.82,Cash on Delivery,Delivered,Uttar Pradesh,Kanpur
ORD004324,CUST0232,PROD0015,2024-01-25,2,0,22634.24,4760.42,Debit Card,Delivered,Assam,Guwahati
ORD004325,CUST0043,PROD0006,2025-01-17,1,20,9428.3,-1059.04,Net Banking,Cancelled,Uttar Pradesh,Lucknow
ORD004326,CUST0470,PROD0006,2023-11-11,1,10,10606.83,119.49,Net Banking,Cancelled,Uttar Pradesh,Lucknow
ORD004327,CUST0050,PROD0031,2025-01-25,2,0,54048.7,10516.52,Net Banking,Cancelled,Maharashtra,Pune
ORD004328,CUST0058,PROD0031,2024-09-08,1,0,27024.35,5258.26,Cash on Delivery,Delivered,Kerala,Kochi
ORD004329,CUST0319,PROD0006,2023-08-20,1,0,11785.37,1298.03,Debit Card,Cancelled,Maharashtra,Pune
ORD004330,CUST0451,PROD0006,2024-01-30,1,5,11196.1,708.76,Cash on Delivery,Delivered,Bihar,Patna
ORD004331,CUST0199,PROD0002,2024-04-13,1,0,21096.19,4770.91,Debit Card,Delivered,Tamil Nadu,Coimbatore
ORD004332,CUST0484,PROD0008,2024-05-17,2,0,21514.36,2611.6,Net Banking,Returned,Maharashtra,Pune
ORD004333,CUST0514,PROD0035,2024-05-16,1,5,11915.89,1333.05,Cash on Delivery,Delivered,Delhi,Delhi
ORD004334,CUST0316,PROD0027,2025-02-12,5,30,106330.73,-9857.97,Debit Card,Delivered,Kerala,Kochi
ORD004335,CUST0185,PROD0033,2023-12-29,1,5,16714.77,830.45,Credit Card,Cancelled,Maharashtra,Pune
ORD004336,CUST0438,PROD0016,2024-07-01,2,20,39604.59,2015.47,Debit Card,Delivered,Rajasthan,Jaipur
ORD004337,CUST0155,PROD0016,2024-02-02,1,0,24752.87,5958.31,Net Banking,Cancelled,Gujarat,Ahmedabad
ORD004338,CUST0513,PROD0002,2024-06-28,2,0,42192.38,9541.82,Cash on Delivery,Delivered,Gujarat,Ahmedabad
ORD004339,CUST0216,PROD0030,2024-10-15,3,0,28401.66,2617.74,Credit Card,Delivered,Gujarat,Surat
ORD004340,CUST0527,PROD0006,2024-12-05,5,0,58926.85,6490.15,Credit Card,Returned,Bihar,Patna
ORD004341,CUST0079,PROD0013,2024-10-24,1,15,15523.7,800.04,Credit Card,Cancelled,Madhya Pradesh,Bhopal
ORD004342,CUST0184,PROD0014,2023-08-10,5,20,37723.08,-3985.42,Net Banking,Returned,Madhya Pradesh,Indore
ORD004343,CUST0310,PROD0026,2023-01-03,1,0,17838.99,1717.92,Net Banking,Returned,Telangana,Hyderabad
ORD004344,CUST0397,PROD0029,2025-07-25,3,0,62201.19,9365.01,UPI,Delivered,Rajasthan,Jaipur
ORD004345,CUST0011,PROD0005,2023-01-17,4,0,41606.36,7316.56,UPI,Cancelled,Maharashtra,Mumbai
ORD004346,CUST0048,PROD0017,2024-06-09,1,15,20612.11,2543.75,UPI,Returned,Assam,Guwahati
ORD004347,CUST0099,PROD0003,2025-06-21,4,0,83360.56,11109.08,Debit Card,Delivered,Assam,Guwahati
ORD004348,CUST0347,PROD0003,2025-05-17,1,0,20840.14,2777.27,UPI,Cancelled,Madhya Pradesh,Bhopal
ORD004349,CUST0164,PROD0009,2023-02-26,1,10,23204.03,117.85,Debit Card,Delivered,Delhi,Delhi
ORD004350,CUST0284,PROD0016,2023-11-26,1,15,21039.94,2245.38,Net Banking,Delivered,Karnataka,Bangalore
ORD004351,CUST0397,PROD0033,2025-03-10,3,5,50144.3,2491.34,Net Banking,Returned,Rajasthan,Jaipur
ORD004352,CUST0513,PROD0002,2025-03-27,3,20,50630.86,1655.02,Cash on Delivery,Delivered,Gujarat,Ahmedabad
ORD004353,CUST0303,PROD0010,2025-02-10,1,0,23386.73,2567.2,Cash on Delivery,Cancelled,Gujarat,Surat
ORD004354,CUST0227,PROD0018,2023-10-05,2,10,32223.69,2083.31,Cash on Delivery,Cancelled,Maharashtra,Pune
ORD004355,CUST0013,PROD0021,2023-05-16,4,10,13403.56,2046.64,Net Banking,Delivered,Uttar Pradesh,Lucknow
ORD004356,CUST0063,PROD0013,2025-03-14,3,0,54789.54,10618.56,UPI,Delivered,Madhya Pradesh,Indore
ORD004357,CUST0474,PROD0019,2025-07-04,1,5,15897.48,1386.2,Credit Card,Delivered,Delhi,Delhi
ORD004358,CUST0572,PROD0023,2025-05-10,3,10,50671.79,7422.62,Net Banking,Delivered,Tamil Nadu,Coimbatore
ORD004359,CUST0565,PROD0020,2023-08-17,4,5,72352.8,6473.2,Cash on Delivery,Cancelled,Delhi,Delhi
ORD004360,CUST0098,PROD0023,2025-02-18,2,20,30027.73,1194.95,Cash on Delivery,Returned,West Bengal,Kolkata
ORD004361,CUST0561,PROD0016,2023-02-22,1,10,22277.58,3483.02,Debit Card,Delivered,Telangana,Hyderabad
ORD004362,CUST0357,PROD0009,2023-05-10,4,0,103129.04,10784.32,UPI,Delivered,Madhya Pradesh,Bhopal
ORD004363,CUST0395,PROD0035,2025-06-25,1,5,11915.89,1333.05,UPI,Delivered,Bihar,Patna
ORD004364,CUST0508,PROD0003,2024-10-25,1,10,18756.13,693.26,Cash on Delivery,Returned,Madhya Pradesh,Bhopal
ORD004365,CUST0464,PROD0001,2023-12-22,2,0,46196.26,11017.82,Net Banking,Returned,Bihar,Patna
ORD004366,CUST0205,PROD0013,2023-01-25,5,0,91315.9,17697.6,UPI,Delivered,Kerala,Kochi
ORD004367,CUST0160,PROD0022,2025-06-27,1,0,11982.27,2698.38,Net Banking,Delivered,Rajasthan,Jaipur
ORD004368,CUST0013,PROD0017,2023-12-17,2,0,48499.08,12362.36,Cash on Delivery,Cancelled,Uttar Pradesh,Lucknow
ORD004369,CUST0154,PROD0018,2024-10-22,2,5,34013.89,3873.51,Credit Card,Delivered,Telangana,Hyderabad
ORD004370,CUST0421,PROD0008,2024-09-16,1,0,10757.18,1305.8,Unknown,Returned,Maharashtra,Mumbai
ORD004371,CUST0537,PROD0015,2023-03-11,1,5,10751.26,1814.35,Debit Card,Delivered,Maharashtra,Pune
ORD004372,CUST0196,PROD0027,2025-02-27,2,0,60760.42,14284.94,UPI,Delivered,Maharashtra,Mumbai
ORD004373,CUST0258,PROD0019,2025-03-30,1,10,15060.77,549.49,Debit Card,Cancelled,Karnataka,Bangalore
ORD004374,CUST0471,PROD0001,2023-01-29,3,0,69294.39,16526.73,Debit Card,Cancelled,Kerala,Kochi
ORD004375,CUST0025,PROD0010,2023-12-11,1,0,23386.73,2567.2,Net Banking,Delivered,Maharashtra,Pune
ORD004376,CUST0171,PROD0021,2023-03-16,2,0,7446.42,1767.96,Cash on Delivery,Returned,Uttar Pradesh,Kanpur
ORD004377,CUST0115,PROD0024,2023-03-14,2,5,53999.42,11695.2,UPI,Delivered,Karnataka,Bangalore
ORD004378,CUST0346,PROD0035,2024-06-20,1,5,11915.89,1333.05,UPI,Delivered,Tamil Nadu,Chennai
ORD004379,CUST0220,PROD0021,2025-02-05,3,20,8935.7,418.01,Net Banking,Delivered,Uttar Pradesh,Lucknow
ORD004380,CUST0271,PROD0021,2023-05-22,3,5,10611.15,2093.46,Debit Card,Delivered,Maharashtra,Mumbai
ORD004381,CUST0538,PROD0008,2023-06-21,1,0,10757.18,1305.8,Debit Card,Delivered,Tamil Nadu,Coimbatore
ORD004382,CUST0134,PROD0032,2024-12-01,2,30,16070.61,-4148.37,Cash on Delivery,Delivered,Assam,Guwahati
ORD004383,CUST0504,PROD0031,2024-12-05,3,0,81073.05,15774.78,Credit Card,Delivered,Gujarat,Surat
ORD004384,CUST0205,PROD0010,2024-10-20,3,0,70160.19,7701.6,Net Banking,Delivered,Kerala,Kochi
ORD004385,CUST0018,PROD0026,2023-10-10,2,20,28542.38,-3699.76,Net Banking,Delivered,Delhi,Delhi
ORD004386,CUST0539,PROD0007,2024-01-23,1,0,13618.92,2863.83,Net Banking,Delivered,Kerala,Kochi
ORD004387,CUST0262,PROD0001,2023-11-14,2,10,41576.63,6398.19,Credit Card,Delivered,Assam,Guwahati
ORD004388,CUST0045,PROD0030,2025-01-06,4,0,37868.88,3490.32,Net Banking,Returned,Bihar,Patna
ORD004389,CUST0592,PROD0020,2024-10-16,1,0,19040.21,2570.31,Credit Card,Delivered,Bihar,Patna
ORD004390,CUST0074,PROD0029,2023-09-28,1,30,14513.61,-3098.45,Net Banking,Delivered,Maharashtra,Mumbai
ORD004391,CUST0311,PROD0008,2023-05-27,5,5,51096.6,3839.7,Net Banking,Returned,Uttar Pradesh,Kanpur
ORD004392,CUST0264,PROD0012,2025-04-10,1,0,25181.42,4858.95,Cash on Delivery,Delivered,Assam,Guwahati
ORD004393,CUST0326,PROD0027,2023-01-31,1,0,30380.21,7142.47,Credit Card,Delivered,Uttar Pradesh,Kanpur
ORD004394,CUST0534,PROD0033,2024-12-08,1,30,12316.14,-3568.18,Debit Card,Delivered,Uttar Pradesh,Kanpur
ORD004395,CUST0147,PROD0033,2024-04-19,4,20,56302.37,-7234.91,Cash on Delivery,Delivered,Gujarat,Ahmedabad
ORD004396,CUST0252,PROD0008,2023-01-11,2,10,19362.92,460.16,UPI,Delivered,Karnataka,Bangalore
ORD004397,CUST0444,PROD0020,2025-02-23,2,30,26656.29,-6283.51,UPI,Delivered,Rajasthan,Jaipur
ORD004398,CUST0422,PROD0013,2024-10-02,1,5,17350.02,2626.36,Net Banking,Delivered,Kerala,Kochi
ORD004399,CUST0118,PROD0023,2025-04-05,2,30,26274.26,-2558.52,Credit Card,Delivered,Maharashtra,Nagpur
ORD004400,CUST0412,PROD0022,2024-06-06,3,0,35946.81,8095.14,Debit Card,Cancelled,Uttar Pradesh,Lucknow
ORD004401,CUST0417,PROD0002,2025-02-20,1,15,17931.76,1606.48,Debit Card,Delivered,Kerala,Kochi
ORD004402,CUST0236,PROD0017,2025-05-15,1,30,16974.68,-1093.68,Debit Card,Delivered,Telangana,Hyderabad
ORD004403,CUST0105,PROD0033,2024-04-17,3,10,47505.12,-147.84,UPI,Delivered,Delhi,Delhi
ORD004404,CUST0184,PROD0005,2024-10-30,1,0,10401.59,1829.14,UPI,Delivered,Madhya Pradesh,Indore
ORD004405,CUST0378,PROD0030,2024-02-04,1,0,9467.22,872.58,Net Banking,Returned,Rajasthan,Jaipur
ORD004406,CUST0105,PROD0002,2023-05-28,1,5,20041.38,3716.1,Cash on Delivery,Returned,Delhi,Delhi
ORD004407,CUST0081,PROD0010,2025-07-05,2,20,37418.77,-4220.29,Unknown,Cancelled,Gujarat,Ahmedabad
ORD004408,CUST0238,PROD0011,2024-05-06,1,0,3275.51,725.88,Credit Card,Returned,Chandigarh,Chandigarh
ORD004409,CUST0410,PROD0024,2025-07-10,1,0,28420.75,7268.64,Credit Card,Cancelled,Madhya Pradesh,Bhopal
ORD004410,CUST0261,PROD0004,2023-04-28,1,0,13157.81,1786.67,Credit Card,Cancelled,Madhya Pradesh,Indore
ORD004411,CUST0509,PROD0028,2023-07-19,1,20,6225.78,-570.3,Debit Card,Delivered,Gujarat,Surat
ORD004412,CUST0131,PROD0026,2024-08-06,1,10,16055.09,-65.98,Debit Card,Delivered,Tamil Nadu,Chennai
ORD004413,CUST0457,PROD0019,2023-07-26,1,0,16734.19,2222.91,Net Banking,Returned,Madhya Pradesh,Indore
ORD004414,CUST0247,PROD0010,2023-06-23,1,0,23386.73,2567.2,UPI,Delivered,Madhya Pradesh,Bhopal
ORD004415,CUST0393,PROD0017,2024-12-03,1,20,19399.63,1331.27,Net Banking,Delivered,Tamil Nadu,Coimbatore
ORD004416,CUST0596,PROD0028,2024-06-10,1,5,7393.11,597.03,Net Banking,Returned,Assam,Guwahati
ORD004417,CUST0333,PROD0021,2025-03-03,2,10,6701.78,1023.32,Net Banking,Delivered,Maharashtra,Pune
ORD004418,CUST0213,PROD0001,2025-02-08,1,15,19633.41,2044.19,Credit Card,Delivered,West Bengal,Kolkata
ORD004419,CUST0564,PROD0022,2024-03-17,2,10,21568.09,3000.31,Credit Card,Returned,Tamil Nadu,Coimbatore
ORD004420,CUST0400,PROD0001,2023-10-23,1,0,23098.13,5508.91,Cash on Delivery,Cancelled,Madhya Pradesh,Indore
ORD004421,CUST0221,PROD0006,2024-08-27,1,0,11785.37,1298.03,Net Banking,Delivered,Bihar,Patna
ORD004422,CUST0436,PROD0009,2025-02-18,1,0,25782.26,2696.08,UPI,Cancelled,Gujarat,Ahmedabad
ORD004423,CUST0019,PROD0017,2023-06-05,3,0,72748.62,18543.54,Credit Card,Delivered,Kerala,Kochi
ORD004424,CUST0048,PROD0011,2025-01-26,3,0,9826.53,2177.64,Credit Card,Returned,Assam,Guwahati
ORD004425,CUST0381,PROD0027,2024-09-01,1,10,27342.19,4104.45,Debit Card,Delivered,Maharashtra,Mumbai
ORD004426,CUST0121,PROD0032,2023-07-03,2,5,21810.12,1591.14,Debit Card,Delivered,Bihar,Patna
ORD004427,CUST0517,PROD0012,2023-04-13,2,0,50362.84,9717.9,Unknown,Delivered,Karnataka,Bangalore
ORD004428,CUST0266,PROD0008,2023-03-15,1,20,8605.74,-845.64,UPI,Returned,Gujarat,Surat
ORD004429,CUST0256,PROD0006,2024-07-22,1,10,10606.83,119.49,Net Banking,Delivered,Maharashtra,Pune
ORD004430,CUST0340,PROD0029,2025-03-08,1,0,20733.73,3121.67,Net Banking,Delivered,Madhya Pradesh,Indore
ORD004431,CUST0220,PROD0011,2023-01-27,1,0,3275.51,725.88,Debit Card,Delivered,Uttar Pradesh,Lucknow
ORD004432,CUST0342,PROD0033,2023-09-23,4,30,49264.57,-14272.71,Debit Card,Delivered,Bihar,Patna
ORD004433,CUST0466,PROD0005,2024-05-25,1,15,8841.35,268.9,Cash on Delivery,Delivered,Gujarat,Ahmedabad
ORD004434,CUST0003,PROD0006,2023-03-03,3,10,31820.5,358.48,Cash on Delivery,Delivered,Gujarat,Ahmedabad
ORD004435,CUST0419,PROD0035,2024-07-16,2,5,23831.78,2666.1,UPI,Cancelled,Uttar Pradesh,Lucknow
ORD004436,CUST0410,PROD0032,2024-12-13,1,10,10331.11,221.62,Debit Card,Returned,Madhya Pradesh,Bhopal
ORD004437,CUST0163,PROD0015,2023-10-19,1,5,10751.26,1814.35,Cash on Delivery,Delivered,Madhya Pradesh,Indore
ORD004438,CUST0455,PROD0005,2024-06-03,1,5,9881.51,1309.06,Unknown,Returned,Maharashtra,Pune
ORD004439,CUST0558,PROD0033,2024-08-24,3,10,47505.12,-147.84,Cash on Delivery,Cancelled,Uttar Pradesh,Kanpur
ORD004440,CUST0124,PROD0005,2023-01-31,2,30,14562.23,-2582.67,Cash on Delivery,Cancelled,Gujarat,Surat
ORD004441,CUST0491,PROD0006,2023-09-11,2,20,18856.59,-2118.09,Cash on Delivery,Returned,Bihar,Patna
ORD004442,CUST0151,PROD0027,2025-07-09,1,30,21266.15,-1971.59,Net Banking,Delivered,Gujarat,Surat
ORD004443,CUST0259,PROD0005,2024-06-16,2,0,20803.18,3658.28,UPI,Delivered,Uttar Pradesh,Lucknow
ORD004444,CUST0186,PROD0019,2024-06-15,1,5,15897.48,1386.2,Debit Card,Delivered,Telangana,Hyderabad
ORD004445,CUST0041,PROD0029,2025-01-14,1,0,20733.73,3121.67,Cash on Delivery,Delivered,West Bengal,Kolkata
ORD004446,CUST0372,PROD0028,2023-02-13,1,30,5447.55,-1348.53,Debit Card,Returned,Bihar,Patna
ORD004447,CUST0559,PROD0020,2023-10-24,1,0,19040.21,2570.31,Cash on Delivery,Delivered,Uttar Pradesh,Kanpur
ORD004448,CUST0354,PROD0013,2025-06-07,2,5,34700.04,5252.72,Cash on Delivery,Delivered,Delhi,Delhi
ORD004449,CUST0412,PROD0016,2023-01-08,1,5,23515.23,4720.67,Credit Card,Delivered,Uttar Pradesh,Lucknow
ORD004450,CUST0088,PROD0011,2023-12-02,5,30,11464.28,-1283.87,Cash on Delivery,Returned,Uttar Pradesh,Kanpur
ORD004451,CUST0042,PROD0032,2023-09-24,1,0,11479.01,1369.52,Cash on Delivery,Delivered,Assam,Guwahati
ORD004452,CUST0299,PROD0008,2024-01-11,1,0,10757.18,1305.8,UPI,Cancelled,Gujarat,Surat
ORD004453,CUST0471,PROD0028,2023-07-03,2,5,14786.22,1194.06,Credit Card,Delivered,Kerala,Kochi
ORD004454,CUST0295,PROD0002,2024-12-09,1,0,21096.19,4770.91,UPI,Delivered,Tamil Nadu,Chennai
ORD004455,CUST0138,PROD0016,2024-11-14,1,0,24752.87,5958.31,UPI,Delivered,Uttar Pradesh,Lucknow
ORD004456,CUST0593,PROD0015,2025-07-06,1,5,10751.26,1814.35,Net Banking,Delivered,Karnataka,Bangalore
ORD004457,CUST0485,PROD0025,2024-10-23,1,0,25679.41,5191.5,Cash on Delivery,Delivered,Assam,Guwahati
ORD004458,CUST0183,PROD0003,2023-04-02,3,5,59394.4,5205.79,Net Banking,Cancelled,Uttar Pradesh,Lucknow
ORD004459,CUST0442,PROD0027,2024-01-19,2,0,60760.42,14284.94,UPI,Cancelled,Tamil Nadu,Coimbatore
ORD004460,CUST0376,PROD0032,2024-11-29,3,0,34437.03,4108.56,UPI,Delivered,Telangana,Hyderabad
ORD004461,CUST0557,PROD0024,2023-04-06,1,20,22736.6,1584.49,Cash on Delivery,Delivered,Uttar Pradesh,Kanpur
ORD004462,CUST0135,PROD0034,2025-01-30,1,0,21565.22,2874.34,UPI,Delivered,Tamil Nadu,Coimbatore
ORD004463,CUST0169,PROD0009,2023-05-22,2,15,43829.84,-2342.52,Debit Card,Delivered,Telangana,Hyderabad
ORD004464,CUST0286,PROD0019,2024-07-07,1,15,14224.06,-287.22,Credit Card,Cancelled,Uttar Pradesh,Kanpur
ORD004465,CUST0096,PROD0029,2023-12-26,1,0,20733.73,3121.67,Debit Card,Cancelled,Karnataka,Bangalore
ORD004466,CUST0401,PROD0021,2024-07-06,3,15,9494.19,976.5,UPI,Delivered,Tamil Nadu,Coimbatore
ORD004467,CUST0321,PROD0022,2025-03-13,1,15,10184.93,901.04,Net Banking,Delivered,Bihar,Patna
ORD004468,CUST0292,PROD0006,2023-10-01,3,5,33588.3,2126.28,UPI,Delivered,Telangana,Hyderabad
ORD004469,CUST0373,PROD0019,2023-05-23,1,15,14224.06,-287.22,Cash on Delivery,Delivered,Assam,Guwahati
ORD004470,CUST0589,PROD0012,2024-03-12,1,15,21404.21,1081.74,UPI,Delivered,Madhya Pradesh,Bhopal
ORD004471,CUST0551,PROD0026,2025-04-13,4,0,71355.96,6871.68,Net Banking,Delivered,Gujarat,Ahmedabad
ORD004472,CUST0139,PROD0023,2023-03-29,1,0,18767.33,4350.94,Net Banking,Delivered,West Bengal,Kolkata
ORD004473,CUST0173,PROD0035,2024-11-07,4,0,50172.16,7840.8,UPI,Delivered,Delhi,Delhi
ORD004474,CUST0554,PROD0021,2025-04-13,2,20,5957.14,278.68,Debit Card,Delivered,Rajasthan,Jaipur
ORD004475,CUST0333,PROD0023,2025-01-30,1,5,17828.96,3412.57,UPI,Delivered,Maharashtra,Pune
ORD004476,CUST0280,PROD0016,2024-09-08,1,15,21039.94,2245.38,Debit Card,Cancelled,West Bengal,Kolkata
ORD004477,CUST0118,PROD0029,2024-12-25,2,5,39394.09,4169.97,Cash on Delivery,Cancelled,Maharashtra,Nagpur
ORD004478,CUST0067,PROD0028,2023-06-01,1,15,6614.89,-181.19,Net Banking,Delivered,Telangana,Hyderabad
ORD004479,CUST0519,PROD0018,2025-06-26,1,0,17902.05,2831.86,Credit Card,Cancelled,Tamil Nadu,Chennai
ORD004480,CUST0039,PROD0026,2024-05-01,1,10,16055.09,-65.98,Cash on Delivery,Cancelled,Delhi,Delhi
ORD004481,CUST0034,PROD0005,2024-11-17,1,0,10401.59,1829.14,UPI,Delivered,Maharashtra,Pune
ORD004482,CUST0444,PROD0030,2024-09-05,1,5,8993.86,399.22,Unknown,Cancelled,Rajasthan,Jaipur
ORD004483,CUST0005,PROD0030,2025-05-26,1,10,8520.5,-74.14,Net Banking,Delivered,Madhya Pradesh,Indore
ORD004484,CUST0574,PROD0001,2023-11-18,1,10,20788.32,3199.1,Net Banking,Returned,Kerala,Kochi
ORD004485,CUST0017,PROD0027,2025-01-09,2,0,60760.42,14284.94,Debit Card,Delivered,Uttar Pradesh,Kanpur
ORD004486,CUST0256,PROD0022,2023-11-16,3,5,34149.47,6297.8,Net Banking,Delivered,Maharashtra,Pune
ORD004487,CUST0554,PROD0019,2023-12-06,3,5,47692.44,4158.6,UPI,Delivered,Rajasthan,Jaipur
ORD004488,CUST0571,PROD0016,2025-03-17,2,0,49505.74,11916.62,UPI,Delivered,Gujarat,Ahmedabad
ORD004489,CUST0549,PROD0028,2024-02-10,1,20,6225.78,-570.3,Net Banking,Delivered,Uttar Pradesh,Kanpur
ORD004490,CUST0543,PROD0025,2025-04-19,3,10,69334.41,7870.68,Cash on Delivery,Cancelled,Gujarat,Surat
ORD004491,CUST0127,PROD0016,2024-12-30,3,0,74258.61,17874.93,Debit Card,Delivered,Uttar Pradesh,Lucknow
ORD004492,CUST0230,PROD0022,2024-01-01,5,5,56915.78,10496.33,Cash on Delivery,Delivered,Tamil Nadu,Coimbatore
ORD004493,CUST0033,PROD0033,2023-07-16,1,0,17594.49,1710.17,Net Banking,Delivered,Tamil Nadu,Chennai
ORD004494,CUST0465,PROD0003,2024-07-28,1,5,19798.13,1735.26,Net Banking,Delivered,Bihar,Patna
ORD004495,CUST0292,PROD0003,2023-03-12,1,0,20840.14,2777.27,Credit Card,Delivered,Telangana,Hyderabad
ORD004496,CUST0216,PROD0007,2023-05-24,1,0,13618.92,2863.83,UPI,Delivered,Gujarat,Surat
ORD004497,CUST0495,PROD0007,2024-08-14,1,10,12257.03,1501.94,Cash on Delivery,Returned,Kerala,Kochi
ORD004498,CUST0463,PROD0020,2024-04-13,1,0,19040.21,2570.31,Cash on Delivery,Returned,Telangana,Hyderabad
ORD004499,CUST0086,PROD0031,2025-01-28,1,0,27024.35,5258.26,Credit Card,Delivered,West Bengal,Kolkata
ORD004500,CUST0123,PROD0020,2023-05-15,1,10,17136.19,666.29,Debit Card,Delivered,Madhya Pradesh,Bhopal
ORD004501,CUST0395,PROD0019,2025-03-30,1,0,16734.19,2222.91,Debit Card,Delivered,Bihar,Patna
ORD004502,CUST0078,PROD0031,2024-05-30,2,0,54048.7,10516.52,UPI,Delivered,Karnataka,Bangalore
ORD004503,CUST0533,PROD0007,2025-07-01,3,0,40856.76,8591.49,Debit Card,Delivered,Kerala,Kochi
ORD004504,CUST0497,PROD0011,2025-01-06,1,15,2784.18,234.55,Net Banking,Delivered,Assam,Guwahati
ORD004505,CUST0352,PROD0006,2023-03-24,2,0,23570.74,2596.06,Credit Card,Cancelled,Tamil Nadu,Chennai
ORD004506,CUST0118,PROD0002,2023-03-30,1,20,16876.95,551.67,UPI,Delivered,Maharashtra,Nagpur
ORD004507,CUST0221,PROD0031,2023-10-23,2,0,54048.7,10516.52,UPI,Returned,Bihar,Patna
ORD004508,CUST0233,PROD0014,2025-05-29,1,0,9430.77,1089.07,Debit Card,Returned,Maharashtra,Nagpur
ORD004509,CUST0214,PROD0029,2023-06-02,1,30,14513.61,-3098.45,Credit Card,Delivered,Maharashtra,Nagpur
ORD004510,CUST0294,PROD0010,2023-09-21,1,0,23386.73,2567.2,Credit Card,Delivered,Rajasthan,Jaipur
ORD004511,CUST0394,PROD0015,2023-12-09,1,20,9053.7,116.79,Debit Card,Cancelled,Assam,Guwahati
ORD004512,CUST0418,PROD0027,2023-03-26,3,20,72912.5,3199.28,UPI,Delivered,Karnataka,Bangalore
ORD004513,CUST0533,PROD0024,2023-06-18,1,5,26999.71,5847.6,Cash on Delivery,Returned,Kerala,Kochi
ORD004514,CUST0531,PROD0012,2024-12-28,1,10,22663.28,2340.81,Net Banking,Returned,Kerala,Kochi
ORD004515,CUST0017,PROD0032,2023-08-31,1,0,11479.01,1369.52,UPI,Delivered,Uttar Pradesh,Kanpur
ORD004516,CUST0380,PROD0003,2024-03-21,1,20,16672.11,-1390.76,UPI,Delivered,Kerala,Kochi
ORD004517,CUST0146,PROD0013,2023-08-30,1,0,18263.18,3539.52,Cash on Delivery,Delivered,West Bengal,Kolkata
ORD004518,CUST0533,PROD0034,2025-04-05,2,15,36660.87,-720.89,UPI,Delivered,Kerala,Kochi
ORD004519,CUST0577,PROD0033,2024-09-04,1,0,17594.49,1710.17,Cash on Delivery,Delivered,Uttar Pradesh,Kanpur
ORD004520,CUST0051,PROD0034,2023-05-13,1,5,20486.96,1796.08,UPI,Delivered,Gujarat,Ahmedabad
ORD004521,CUST0548,PROD0004,2023-04-27,1,5,12499.92,1128.78,UPI,Returned,Gujarat,Ahmedabad
ORD004522,CUST0193,PROD0027,2024-06-19,2,0,60760.42,14284.94,UPI,Delivered,Rajasthan,Jaipur
ORD004523,CUST0542,PROD0015,2023-02-07,3,0,33951.36,7140.63,UPI,Delivered,Bihar,Patna
ORD004524,CUST0408,PROD0015,2025-03-20,1,15,9619.55,682.64,Debit Card,Cancelled,Tamil Nadu,Chennai
ORD004525,CUST0590,PROD0034,2024-01-13,2,0,43130.44,5748.68,Debit Card,Delivered,Madhya Pradesh,Indore
ORD004526,CUST0117,PROD0002,2025-03-18,4,15,71727.05,6425.93,UPI,Returned,Madhya Pradesh,Bhopal
ORD004527,CUST0470,PROD0015,2025-05-13,3,5,32253.79,5443.06,Cash on Delivery,Delivered,Uttar Pradesh,Lucknow
ORD004528,CUST0086,PROD0022,2023-05-02,2,10,21568.09,3000.31,Credit Card,Delivered,West Bengal,Kolkata
ORD004529,CUST0402,PROD0010,2023-12-12,2,5,44434.79,2795.73,Cash on Delivery,Delivered,Karnataka,Bangalore
ORD004530,CUST0006,PROD0024,2025-03-06,2,0,56841.5,14537.28,Debit Card,Delivered,Karnataka,Bangalore
ORD004531,CUST0226,PROD0013,2025-06-15,1,0,18263.18,3539.52,UPI,Delivered,Maharashtra,Pune
ORD004532,CUST0092,PROD0026,2023-12-19,1,10,16055.09,-65.98,Cash on Delivery,Cancelled,Kerala,Kochi
ORD004533,CUST0187,PROD0026,2024-10-04,4,30,49949.17,-14535.11,Debit Card,Delivered,Delhi,Delhi
ORD004534,CUST0479,PROD0015,2024-04-21,3,0,33951.36,7140.63,UPI,Returned,Telangana,Hyderabad
ORD004535,CUST0284,PROD0013,2023-09-05,1,0,18263.18,3539.52,Debit Card,Delivered,Karnataka,Bangalore
ORD004536,CUST0566,PROD0023,2025-04-04,2,10,33781.19,4948.41,Credit Card,Delivered,Maharashtra,Pune
ORD004537,CUST0375,PROD0001,2024-10-04,2,0,46196.26,11017.82,Credit Card,Delivered,Delhi,Delhi
ORD004538,CUST0134,PROD0030,2024-08-07,5,15,40235.68,-2737.52,Debit Card,Returned,Assam,Guwahati
ORD004539,CUST0199,PROD0020,2024-08-29,1,5,18088.2,1618.3,Debit Card,Delivered,Tamil Nadu,Coimbatore
ORD004540,CUST0049,PROD0023,2024-11-29,3,0,56301.99,13052.82,UPI,Cancelled,Assam,Guwahati
ORD004541,CUST0515,PROD0027,2023-08-19,1,0,30380.21,7142.47,Net Banking,Cancelled,Bihar,Patna
ORD004542,CUST0152,PROD0002,2025-02-12,1,5,20041.38,3716.1,Cash on Delivery,Delivered,Chandigarh,Chandigarh
ORD004543,CUST0256,PROD0001,2023-01-08,1,30,16168.69,-1420.53,Debit Card,Delivered,Maharashtra,Pune
ORD004544,CUST0511,PROD0035,2025-03-14,4,5,47663.55,5332.19,Debit Card,Cancelled,Uttar Pradesh,Kanpur
ORD004545,CUST0192,PROD0001,2023-10-01,5,0,115490.65,27544.55,Net Banking,Delivered,Rajasthan,Jaipur
ORD004546,CUST0547,PROD0012,2023-05-30,4,15,85616.83,4326.95,Debit Card,Returned,Maharashtra,Pune
ORD004547,CUST0197,PROD0031,2024-01-12,1,0,27024.35,5258.26,Debit Card,Delivered,Rajasthan,Jaipur
ORD004548,CUST0032,PROD0005,2023-03-10,1,5,9881.51,1309.06,Debit Card,Delivered,Karnataka,Bangalore
ORD004549,CUST0009,PROD0033,2024-01-01,2,0,35188.98,3420.34,Cash on Delivery,Delivered,Kerala,Kochi
ORD004550,CUST0325,PROD0008,2024-03-11,1,0,10757.18,1305.8,Credit Card,Delivered,Tamil Nadu,Chennai
ORD004551,CUST0480,PROD0011,2023-03-30,1,0,3275.51,725.88,Cash on Delivery,Delivered,Gujarat,Surat
ORD004552,CUST0240,PROD0032,2024-03-14,1,20,9183.21,-926.28,UPI,Delivered,Telangana,Hyderabad
ORD004553,CUST0344,PROD0032,2024-08-28,1,10,10331.11,221.62,UPI,Delivered,West Bengal,Kolkata
ORD004554,CUST0265,PROD0026,2025-04-27,2,10,32110.18,-131.96,UPI,Delivered,Maharashtra,Mumbai
ORD004555,CUST0485,PROD0001,2024-03-13,4,30,64674.76,-5682.12,Cash on Delivery,Delivered,Assam,Guwahati
ORD004556,CUST0133,PROD0004,2023-03-22,4,0,52631.24,7146.68,UPI,Returned,Maharashtra,Pune
ORD004557,CUST0586,PROD0002,2024-11-20,1,15,17931.76,1606.48,Net Banking,Returned,Delhi,Delhi
ORD004558,CUST0104,PROD0010,2025-05-14,2,0,46773.46,5134.4,Credit Card,Returned,Bihar,Patna
ORD004559,CUST0287,PROD0003,2025-05-18,1,0,20840.14,2777.27,Cash on Delivery,Returned,Karnataka,Bangalore
ORD004560,CUST0592,PROD0007,2024-12-24,1,0,13618.92,2863.83,UPI,Delivered,Bihar,Patna
ORD004561,CUST0037,PROD0024,2023-07-07,2,30,39789.05,-2515.17,Credit Card,Delivered,Uttar Pradesh,Lucknow
ORD004562,CUST0383,PROD0015,2023-11-06,1,20,9053.7,116.79,Debit Card,Cancelled,Delhi,Delhi
ORD004563,CUST0416,PROD0031,2023-10-26,3,0,81073.05,15774.78,Net Banking,Delivered,Maharashtra,Nagpur
ORD004564,CUST0449,PROD0007,2025-07-27,2,10,24514.06,3003.88,UPI,Delivered,Assam,Guwahati
ORD004565,CUST0243,PROD0028,2024-04-03,1,0,7782.22,986.14,Credit Card,Returned,Bihar,Patna
ORD004566,CUST0105,PROD0015,2024-10-23,4,0,45268.48,9520.84,Cash on Delivery,Returned,Delhi,Delhi
ORD004567,CUST0143,PROD0031,2024-03-24,1,10,24321.92,2555.83,Debit Card,Cancelled,Karnataka,Bangalore
ORD004568,CUST0536,PROD0013,2023-09-20,1,0,18263.18,3539.52,UPI,Delivered,Uttar Pradesh,Kanpur
ORD004569,CUST0364,PROD0001,2023-02-06,2,10,41576.63,6398.19,Net Banking,Delivered,Karnataka,Bangalore
ORD004570,CUST0145,PROD0018,2023-05-27,2,0,35804.1,5663.72,Cash on Delivery,Delivered,Telangana,Hyderabad
ORD004571,CUST0080,PROD0028,2024-03-18,2,10,14008.0,415.84,UPI,Delivered,Kerala,Kochi
ORD004572,CUST0351,PROD0015,2024-08-26,1,30,7921.98,-1014.93,Cash on Delivery,Delivered,Gujarat,Surat
ORD004573,CUST0012,PROD0019,2023-10-29,1,0,16734.19,2222.91,UPI,Returned,Tamil Nadu,Chennai
ORD004574,CUST0185,PROD0011,2023-01-30,1,20,2620.41,70.78,UPI,Delivered,Maharashtra,Pune
ORD004575,CUST0263,PROD0002,2024-07-20,1,0,21096.19,4770.91,Credit Card,Delivered,Maharashtra,Mumbai
ORD004576,CUST0315,PROD0030,2023-12-25,1,5,8993.86,399.22,Debit Card,Returned,Rajasthan,Jaipur
ORD004577,CUST0466,PROD0030,2025-06-01,1,5,8993.86,399.22,Cash on Delivery,Returned,Gujarat,Ahmedabad
ORD004578,CUST0404,PROD0018,2023-12-07,4,30,50125.74,-10155.02,Debit Card,Returned,Maharashtra,Mumbai
ORD004579,CUST0504,PROD0025,2024-02-10,3,10,69334.41,7870.68,Cash on Delivery,Delivered,Gujarat,Surat
ORD004580,CUST0197,PROD0034,2024-03-21,1,15,18330.44,-360.44,Debit Card,Delivered,Rajasthan,Jaipur
ORD004581,CUST0448,PROD0023,2023-02-20,2,0,37534.66,8701.88,Debit Card,Delivered,Gujarat,Surat
ORD004582,CUST0095,PROD0018,2025-03-28,1,0,17902.05,2831.86,Net Banking,Delivered,Delhi,Delhi
ORD004583,CUST0553,PROD0003,2025-06-16,2,5,39596.27,3470.53,UPI,Returned,Tamil Nadu,Coimbatore
ORD004584,CUST0332,PROD0005,2024-10-06,1,5,9881.51,1309.06,UPI,Cancelled,Madhya Pradesh,Indore
ORD004585,CUST0334,PROD0026,2023-09-12,1,0,17838.99,1717.92,Net Banking,Delivered,Madhya Pradesh,Bhopal
ORD004586,CUST0516,PROD0027,2024-08-21,1,15,25823.18,2585.44,Net Banking,Delivered,Uttar Pradesh,Kanpur
ORD004587,CUST0493,PROD0006,2023-03-20,1,10,10606.83,119.49,Credit Card,Delivered,Maharashtra,Mumbai
ORD004588,CUST0112,PROD0006,2023-03-07,2,5,22392.2,1417.52,Debit Card,Delivered,Karnataka,Bangalore
ORD004589,CUST0579,PROD0029,2024-01-17,2,30,29027.22,-6196.9,Credit Card,Delivered,Maharashtra,Mumbai
ORD004590,CUST0388,PROD0013,2023-10-09,1,0,18263.18,3539.52,Net Banking,Delivered,West Bengal,Kolkata
ORD004591,CUST0495,PROD0024,2024-11-01,2,15,48315.28,6011.06,Debit Card,Delivered,Kerala,Kochi
ORD004592,CUST0151,PROD0034,2025-03-31,1,0,21565.22,2874.34,UPI,Delivered,Gujarat,Surat
ORD004593,CUST0514,PROD0019,2024-05-09,1,0,16734.19,2222.91,Debit Card,Delivered,Delhi,Delhi
ORD004594,CUST0128,PROD0024,2024-09-22,1,20,22736.6,1584.49,Debit Card,Delivered,Assam,Guwahati
ORD004595,CUST0425,PROD0032,2023-09-02,1,5,10905.06,795.57,Cash on Delivery,Delivered,Madhya Pradesh,Bhopal
ORD004596,CUST0203,PROD0028,2025-02-21,1,0,7782.22,986.14,Credit Card,Cancelled,Delhi,Delhi
ORD004597,CUST0022,PROD0034,2023-03-29,1,0,21565.22,2874.34,UPI,Delivered,Tamil Nadu,Coimbatore
ORD004598,CUST0325,PROD0034,2025-04-29,1,10,19408.7,717.82,Cash on Delivery,Delivered,Tamil Nadu,Chennai
ORD004599,CUST0072,PROD0017,2023-11-19,1,20,19399.63,1331.27,UPI,Delivered,Chandigarh,Chandigarh
ORD004600,CUST0428,PROD0030,2024-12-10,1,0,9467.22,872.58,Cash on Delivery,Cancelled,Gujarat,Surat
ORD004601,CUST0443,PROD0009,2023-06-04,4,5,97972.59,5627.87,UPI,Delivered,Gujarat,Ahmedabad
ORD004602,CUST0556,PROD0026,2023-11-26,1,20,14271.19,-1849.88,Net Banking,Delivered,Bihar,Patna
ORD004603,CUST0389,PROD0026,2024-01-30,1,0,17838.99,1717.92,Cash on Delivery,Delivered,Kerala,Kochi
ORD004604,CUST0478,PROD0028,2024-03-23,4,0,31128.88,3944.56,Debit Card,Returned,Telangana,Hyderabad
ORD004605,CUST0127,PROD0035,2024-10-10,4,20,40137.73,-2193.63,Debit Card,Delivered,Uttar Pradesh,Lucknow
ORD004606,CUST0275,PROD0026,2023-06-01,2,30,24974.59,-7267.55,Cash on Delivery,Cancelled,Maharashtra,Nagpur
ORD004607,CUST0102,PROD0024,2024-10-18,1,20,22736.6,1584.49,UPI,Delivered,Telangana,Hyderabad
ORD004608,CUST0172,PROD0025,2023-12-01,1,10,23111.47,2623.56,Debit Card,Delivered,Gujarat,Ahmedabad
ORD004609,CUST0511,PROD0014,2024-10-14,1,0,9430.77,1089.07,Net Banking,Delivered,Uttar Pradesh,Kanpur
ORD004610,CUST0455,PROD0008,2024-01-02,2,20,17211.49,-1691.27,Credit Card,Delivered,Maharashtra,Pune
ORD004611,CUST0525,PROD0032,2023-01-10,1,0,11479.01,1369.52,UPI,Delivered,Gujarat,Surat
ORD004612,CUST0447,PROD0005,2025-01-07,1,30,7281.11,-1291.34,Cash on Delivery,Delivered,Maharashtra,Mumbai
ORD004613,CUST0087,PROD0032,2024-07-16,1,20,9183.21,-926.28,UPI,Delivered,Maharashtra,Nagpur
ORD004614,CUST0500,PROD0020,2023-03-15,3,15,48552.54,-857.16,Cash on Delivery,Delivered,West Bengal,Kolkata
ORD004615,CUST0071,PROD0023,2024-09-21,1,0,18767.33,4350.94,Credit Card,Returned,Tamil Nadu,Chennai
ORD004616,CUST0155,PROD0019,2024-08-03,1,15,14224.06,-287.22,Unknown,Returned,Gujarat,Ahmedabad
ORD004617,CUST0529,PROD0018,2023-11-01,1,20,14321.64,-748.55,UPI,Cancelled,Maharashtra,Pune
ORD004618,CUST0547,PROD0004,2025-07-18,1,20,10526.25,-844.89,UPI,Returned,Maharashtra,Pune
ORD004619,CUST0514,PROD0025,2025-06-03,2,5,48790.88,7815.06,UPI,Delivered,Delhi,Delhi
ORD004620,CUST0002,PROD0020,2024-11-30,2,5,36176.4,3236.6,Cash on Delivery,Delivered,Rajasthan,Jaipur
ORD004621,CUST0005,PROD0028,2024-11-24,1,5,7393.11,597.03,Cash on Delivery,Delivered,Madhya Pradesh,Indore
ORD004622,CUST0050,PROD0026,2023-10-26,3,5,50841.12,2477.91,Net Banking,Delivered,Maharashtra,Pune
ORD004623,CUST0503,PROD0030,2023-05-22,1,10,8520.5,-74.14,Cash on Delivery,Delivered,Assam,Guwahati
ORD004624,CUST0577,PROD0018,2024-03-08,1,10,16111.84,1041.65,Credit Card,Delivered,Uttar Pradesh,Kanpur
ORD004625,CUST0185,PROD0026,2023-05-19,1,15,15163.14,-957.93,Cash on Delivery,Returned,Maharashtra,Pune
ORD004626,CUST0243,PROD0033,2025-03-25,3,0,52783.47,5130.51,Cash on Delivery,Delivered,Bihar,Patna
ORD004627,CUST0486,PROD0026,2023-04-18,4,5,67788.16,3303.88,Net Banking,Cancelled,Tamil Nadu,Chennai
ORD004628,CUST0138,PROD0025,2025-07-02,3,15,65482.5,4018.77,Debit Card,Delivered,Uttar Pradesh,Lucknow
ORD004629,CUST0176,PROD0011,2024-01-18,5,0,16377.55,3629.4,UPI,Delivered,Telangana,Hyderabad
ORD004630,CUST0086,PROD0010,2024-05-05,5,0,116933.65,12836.0,Net Banking,Returned,West Bengal,Kolkata
ORD004631,CUST0399,PROD0005,2023-01-04,1,0,10401.59,1829.14,Credit Card,Cancelled,Tamil Nadu,Coimbatore
ORD004632,CUST0316,PROD0006,2024-02-29,2,5,22392.2,1417.52,Credit Card,Returned,Kerala,Kochi
ORD004633,CUST0586,PROD0035,2025-02-23,1,20,10034.43,-548.41,Debit Card,Delivered,Delhi,Delhi
ORD004634,CUST0308,PROD0005,2023-04-29,1,0,10401.59,1829.14,Credit Card,Delivered,Uttar Pradesh,Lucknow
ORD004635,CUST0302,PROD0035,2024-02-28,2,20,20068.86,-1096.82,UPI,Cancelled,Maharashtra,Pune
ORD004636,CUST0178,PROD0029,2025-07-02,1,30,14513.61,-3098.45,Cash on Delivery,Delivered,Madhya Pradesh,Indore
ORD004637,CUST0273,PROD0027,2023-04-02,2,0,60760.42,14284.94,Credit Card,Delivered,Bihar,Patna
ORD004638,CUST0028,PROD0034,2023-07-25,2,10,38817.4,1435.64,UPI,Delivered,Bihar,Patna
ORD004639,CUST0527,PROD0033,2025-07-11,2,30,24632.29,-7136.35,Credit Card,Delivered,Bihar,Patna
ORD004640,CUST0201,PROD0024,2024-01-31,1,0,28420.75,7268.64,Net Banking,Returned,Chandigarh,Chandigarh
ORD004641,CUST0269,PROD0022,2024-05-29,1,20,9585.82,301.93,UPI,Delivered,Maharashtra,Pune
ORD004642,CUST0034,PROD0008,2023-06-06,1,10,9681.46,230.08,Credit Card,Delivered,Maharashtra,Pune
ORD004643,CUST0083,PROD0003,2023-12-22,1,5,19798.13,1735.26,Unknown,Delivered,Chandigarh,Chandigarh
ORD004644,CUST0243,PROD0016,2023-11-24,1,0,24752.87,5958.31,UPI,Returned,Bihar,Patna
ORD004645,CUST0054,PROD0013,2025-06-16,1,15,15523.7,800.04,Net Banking,Delivered,Tamil Nadu,Chennai
ORD004646,CUST0173,PROD0001,2025-07-04,1,0,23098.13,5508.91,UPI,Cancelled,Delhi,Delhi
ORD004647,CUST0430,PROD0032,2024-06-27,2,0,22958.02,2739.04,UPI,Delivered,Tamil Nadu,Coimbatore
ORD004648,CUST0036,PROD0013,2023-01-14,2,30,25568.45,-3878.87,Net Banking,Delivered,Kerala,Kochi
ORD004649,CUST0005,PROD0017,2025-02-05,2,15,41224.22,5087.5,UPI,Returned,Madhya Pradesh,Indore
ORD004650,CUST0563,PROD0001,2023-01-16,1,0,23098.13,5508.91,UPI,Cancelled,West Bengal,Kolkata
ORD004651,CUST0129,PROD0023,2025-04-24,3,0,56301.99,13052.82,Cash on Delivery,Returned,Chandigarh,Chandigarh
ORD004652,CUST0558,PROD0030,2024-04-17,1,20,7573.78,-1020.86,Debit Card,Delivered,Uttar Pradesh,Kanpur
ORD004653,CUST0121,PROD0004,2025-03-28,1,30,9210.47,-2160.67,Debit Card,Cancelled,Bihar,Patna
ORD004654,CUST0582,PROD0005,2024-10-20,1,0,10401.59,1829.14,Credit Card,Delivered,Karnataka,Bangalore
ORD004655,CUST0223,PROD0029,2024-09-03,2,15,35247.34,23.22,UPI,Delivered,Tamil Nadu,Chennai
ORD004656,CUST0188,PROD0024,2024-03-05,1,0,28420.75,7268.64,Debit Card,Delivered,Maharashtra,Pune
ORD004657,CUST0501,PROD0034,2024-01-22,1,20,17252.18,-1438.7,Net Banking,Delivered,Madhya Pradesh,Bhopal
ORD004658,CUST0092,PROD0030,2023-11-28,1,15,8047.14,-547.5,Net Banking,Delivered,Kerala,Kochi
ORD004659,CUST0449,PROD0010,2024-05-26,1,0,23386.73,2567.2,UPI,Delivered,Assam,Guwahati
ORD004660,CUST0214,PROD0027,2024-05-07,2,15,51646.36,5170.88,Debit Card,Delivered,Maharashtra,Nagpur
ORD004661,CUST0154,PROD0029,2024-12-21,1,5,19697.04,2084.98,Unknown,Delivered,Telangana,Hyderabad
ORD004662,CUST0353,PROD0016,2023-04-17,2,5,47030.45,9441.33,Net Banking,Delivered,Kerala,Kochi
ORD004663,CUST0221,PROD0019,2023-06-15,5,10,75303.86,2747.46,Credit Card,Cancelled,Bihar,Patna
ORD004664,CUST0198,PROD0010,2024-02-08,2,5,44434.79,2795.73,UPI,Delivered,Rajasthan,Jaipur
ORD004665,CUST0055,PROD0034,2023-06-16,1,10,19408.7,717.82,Net Banking,Delivered,Madhya Pradesh,Indore
ORD004666,CUST0310,PROD0023,2024-07-14,1,15,15952.23,1535.84,Credit Card,Delivered,Telangana,Hyderabad
ORD004667,CUST0479,PROD0031,2024-05-26,1,15,22970.7,1204.61,Debit Card,Delivered,Telangana,Hyderabad
ORD004668,CUST0128,PROD0004,2023-12-26,5,0,65789.05,8933.35,Credit Card,Delivered,Assam,Guwahati
ORD004669,CUST0313,PROD0005,2025-03-07,4,10,37445.72,3155.92,Cash on Delivery,Returned,Madhya Pradesh,Indore
ORD004670,CUST0444,PROD0022,2024-10-10,2,0,23964.54,5396.76,UPI,Delivered,Rajasthan,Jaipur
ORD004671,CUST0142,PROD0007,2024-02-17,2,20,21790.27,280.09,UPI,Returned,Gujarat,Surat
ORD004672,CUST0080,PROD0011,2023-09-24,1,5,3111.73,562.1,Cash on Delivery,Cancelled,Kerala,Kochi
ORD004673,CUST0454,PROD0035,2024-08-07,1,10,11288.74,705.9,Credit Card,Delivered,Uttar Pradesh,Lucknow
ORD004674,CUST0589,PROD0006,2025-05-21,2,10,21213.67,238.99,UPI,Returned,Madhya Pradesh,Bhopal
ORD004675,CUST0047,PROD0015,2025-03-18,2,5,21502.53,3628.71,Debit Card,Delivered,Kerala,Kochi
ORD004676,CUST0028,PROD0014,2025-07-26,1,5,8959.23,617.53,Credit Card,Delivered,Bihar,Patna
ORD004677,CUST0268,PROD0029,2025-01-29,2,30,29027.22,-6196.9,Net Banking,Delivered,Kerala,Kochi
ORD004678,CUST0550,PROD0033,2023-04-08,5,0,87972.45,8550.85,UPI,Delivered,Kerala,Kochi
ORD004679,CUST0115,PROD0034,2024-09-03,1,0,21565.22,2874.34,Debit Card,Delivered,Karnataka,Bangalore
ORD004680,CUST0108,PROD0029,2024-08-03,4,20,66347.94,-4100.3,Credit Card,Delivered,Telangana,Hyderabad
ORD004681,CUST0143,PROD0023,2024-01-23,1,10,16890.6,2474.21,Cash on Delivery,Delivered,Karnataka,Bangalore
ORD004682,CUST0471,PROD0021,2024-04-12,1,0,3723.21,883.98,Debit Card,Returned,Kerala,Kochi
ORD004683,CUST0400,PROD0026,2024-12-09,1,5,16947.04,825.97,Net Banking,Returned,Madhya Pradesh,Indore
ORD004684,CUST0134,PROD0017,2025-05-23,4,5,92148.25,19874.81,Net Banking,Delivered,Assam,Guwahati
ORD004685,CUST0074,PROD0018,2023-04-04,1,5,17006.95,1936.76,Debit Card,Cancelled,Maharashtra,Mumbai
ORD004686,CUST0449,PROD0011,2024-02-23,2,20,5240.82,141.56,Debit Card,Returned,Assam,Guwahati
ORD004687,CUST0131,PROD0021,2024-07-01,4,0,14892.84,3535.92,Net Banking,Delivered,Tamil Nadu,Chennai
ORD004688,CUST0421,PROD0012,2023-01-31,1,5,23922.35,3599.88,Net Banking,Delivered,Maharashtra,Mumbai
ORD004689,CUST0109,PROD0001,2023-10-01,1,10,20788.32,3199.1,Net Banking,Cancelled,West Bengal,Kolkata
ORD004690,CUST0099,PROD0012,2024-02-01,5,0,125907.1,24294.75,Debit Card,Delivered,Assam,Guwahati
ORD004691,CUST0264,PROD0005,2023-07-29,1,0,10401.59,1829.14,Debit Card,Delivered,Assam,Guwahati
ORD004692,CUST0485,PROD0010,2024-03-04,1,10,21048.06,228.53,Cash on Delivery,Delivered,Assam,Guwahati
ORD004693,CUST0109,PROD0035,2023-12-25,1,15,10661.58,78.74,Debit Card,Cancelled,West Bengal,Kolkata
ORD004694,CUST0547,PROD0027,2023-07-04,1,15,25823.18,2585.44,Net Banking,Delivered,Maharashtra,Pune
ORD004695,CUST0247,PROD0028,2024-03-18,2,0,15564.44,1972.28,Cash on Delivery,Delivered,Madhya Pradesh,Bhopal
ORD004696,CUST0599,PROD0020,2023-04-28,1,0,19040.21,2570.31,Credit Card,Delivered,Bihar,Patna
ORD004697,CUST0426,PROD0006,2025-06-30,1,20,9428.3,-1059.04,Net Banking,Delivered,Delhi,Delhi
ORD004698,CUST0117,PROD0005,2025-05-11,3,0,31204.77,5487.42,Debit Card,Delivered,Madhya Pradesh,Bhopal
ORD004699,CUST0299,PROD0034,2024-01-24,2,5,40973.92,3592.16,Debit Card,Delivered,Gujarat,Surat
ORD004700,CUST0118,PROD0002,2025-02-11,1,0,21096.19,4770.91,UPI,Delivered,Maharashtra,Nagpur
ORD004701,CUST0159,PROD0013,2024-10-25,5,30,63921.13,-9697.17,Cash on Delivery,Returned,Uttar Pradesh,Lucknow
ORD004702,CUST0572,PROD0003,2024-11-29,2,0,41680.28,5554.54,Net Banking,Delivered,Tamil Nadu,Coimbatore
ORD004703,CUST0203,PROD0013,2023-01-08,3,0,54789.54,10618.56,Debit Card,Delivered,Delhi,Delhi
ORD004704,CUST0301,PROD0008,2023-12-19,1,15,9143.6,-307.78,Cash on Delivery,Delivered,West Bengal,Kolkata
ORD004705,CUST0056,PROD0024,2023-07-30,1,10,25578.68,4426.57,Credit Card,Delivered,Maharashtra,Nagpur
ORD004706,CUST0278,PROD0014,2023-09-25,1,20,7544.62,-797.08,UPI,Delivered,Bihar,Patna
ORD004707,CUST0406,PROD0035,2025-04-08,1,10,11288.74,705.9,Net Banking,Delivered,Tamil Nadu,Chennai
ORD004708,CUST0598,PROD0022,2023-09-07,4,15,40739.72,3604.16,Credit Card,Delivered,Tamil Nadu,Coimbatore
ORD004709,CUST0161,PROD0026,2025-02-28,4,0,71355.96,6871.68,Cash on Delivery,Returned,Rajasthan,Jaipur
ORD004710,CUST0453,PROD0004,2025-01-19,1,20,10526.25,-844.89,Debit Card,Cancelled,Kerala,Kochi
ORD004711,CUST0371,PROD0022,2024-01-26,1,0,11982.27,2698.38,Debit Card,Returned,Chandigarh,Chandigarh
ORD004712,CUST0266,PROD0029,2023-08-16,2,0,41467.46,6243.34,Net Banking,Cancelled,Gujarat,Surat
ORD004713,CUST0397,PROD0017,2025-04-27,1,15,20612.11,2543.75,Net Banking,Returned,Rajasthan,Jaipur
ORD004714,CUST0382,PROD0002,2024-01-26,1,5,20041.38,3716.1,Credit Card,Returned,Tamil Nadu,Coimbatore
ORD004715,CUST0452,PROD0032,2023-01-15,3,20,27549.62,-2778.85,UPI,Returned,Uttar Pradesh,Kanpur
ORD004716,CUST0462,PROD0004,2023-05-25,2,5,24999.84,2257.56,Credit Card,Delivered,Assam,Guwahati
ORD004717,CUST0024,PROD0020,2023-12-19,1,5,18088.2,1618.3,Credit Card,Delivered,Karnataka,Bangalore
ORD004718,CUST0252,PROD0020,2025-02-08,2,5,36176.4,3236.6,Net Banking,Delivered,Karnataka,Bangalore
ORD004719,CUST0561,PROD0025,2025-02-11,1,5,24395.44,3907.53,Debit Card,Delivered,Telangana,Hyderabad
ORD004720,CUST0076,PROD0013,2024-07-19,4,10,65747.45,6852.81,Unknown,Delivered,Gujarat,Surat
ORD004721,CUST0338,PROD0019,2023-11-12,3,15,42672.18,-861.66,UPI,Cancelled,Assam,Guwahati
ORD004722,CUST0116,PROD0008,2025-06-22,1,20,8605.74,-845.64,Cash on Delivery,Delivered,Maharashtra,Pune
ORD004723,CUST0222,PROD0011,2025-07-24,2,0,6551.02,1451.76,Credit Card,Delivered,Chandigarh,Chandigarh
ORD004724,CUST0130,PROD0008,2023-08-16,1,10,9681.46,230.08,Credit Card,Returned,Chandigarh,Chandigarh
ORD004725,CUST0032,PROD0033,2025-07-06,1,0,17594.49,1710.17,Credit Card,Delivered,Karnataka,Bangalore
ORD004726,CUST0340,PROD0015,2023-07-01,1,0,11317.12,2380.21,Credit Card,Delivered,Madhya Pradesh,Indore
ORD004727,CUST0594,PROD0022,2024-08-30,5,10,53920.22,7500.77,Credit Card,Delivered,Gujarat,Ahmedabad
ORD004728,CUST0077,PROD0022,2025-02-19,2,5,22766.31,4198.53,UPI,Returned,Maharashtra,Pune
ORD004729,CUST0506,PROD0001,2025-01-24,1,0,23098.13,5508.91,Credit Card,Delivered,Assam,Guwahati
ORD004730,CUST0324,PROD0016,2024-06-28,1,0,24752.87,5958.31,Debit Card,Delivered,Madhya Pradesh,Bhopal
ORD004731,CUST0434,PROD0024,2023-05-02,2,5,53999.42,11695.2,Credit Card,Delivered,Telangana,Hyderabad
ORD004732,CUST0274,PROD0008,2024-08-22,4,0,43028.72,5223.2,Credit Card,Returned,Tamil Nadu,Coimbatore
ORD004733,CUST0414,PROD0035,2025-07-09,2,10,22577.47,1411.79,Credit Card,Delivered,Uttar Pradesh,Lucknow
ORD004734,CUST0165,PROD0022,2023-06-13,1,10,10784.04,1500.15,Debit Card,Cancelled,Gujarat,Ahmedabad
ORD004735,CUST0308,PROD0010,2025-05-01,3,20,56128.15,-6330.44,Credit Card,Returned,Uttar Pradesh,Lucknow
ORD004736,CUST0066,PROD0024,2024-05-02,4,0,113683.0,29074.56,Net Banking,Delivered,Tamil Nadu,Chennai
ORD004737,CUST0103,PROD0003,2024-02-17,1,10,18756.13,693.26,Cash on Delivery,Cancelled,Uttar Pradesh,Kanpur
ORD004738,CUST0115,PROD0035,2023-04-04,2,0,25086.08,3920.4,Net Banking,Delivered,Karnataka,Bangalore
ORD004739,CUST0402,PROD0023,2025-01-24,2,15,31904.46,3071.68,Debit Card,Delivered,Karnataka,Bangalore
ORD004740,CUST0514,PROD0004,2024-04-20,1,0,13157.81,1786.67,UPI,Delivered,Delhi,Delhi
ORD004741,CUST0597,PROD0014,2024-08-17,1,30,6601.54,-1740.16,Net Banking,Delivered,Uttar Pradesh,Lucknow
ORD004742,CUST0346,PROD0030,2025-01-08,1,0,9467.22,872.58,UPI,Delivered,Tamil Nadu,Chennai
ORD004743,CUST0201,PROD0016,2025-03-05,1,0,24752.87,5958.31,UPI,Delivered,Chandigarh,Chandigarh
ORD004744,CUST0075,PROD0011,2024-08-13,2,15,5568.37,469.11,Net Banking,Delivered,Uttar Pradesh,Kanpur
ORD004745,CUST0543,PROD0030,2023-09-03,1,0,9467.22,872.58,Credit Card,Delivered,Gujarat,Surat
ORD004746,CUST0433,PROD0029,2024-06-04,1,0,20733.73,3121.67,Credit Card,Cancelled,Karnataka,Bangalore
ORD004747,CUST0460,PROD0035,2025-06-12,3,5,35747.66,3999.14,Credit Card,Cancelled,Gujarat,Ahmedabad
ORD004748,CUST0528,PROD0028,2023-07-11,2,30,10895.11,-2697.05,Net Banking,Delivered,Gujarat,Ahmedabad
ORD004749,CUST0514,PROD0013,2023-03-29,4,15,62094.81,3200.17,Unknown,Cancelled,Delhi,Delhi
ORD004750,CUST0265,PROD0007,2024-02-17,2,5,25875.95,4365.77,Net Banking,Delivered,Maharashtra,Mumbai
ORD004751,CUST0154,PROD0008,2024-08-15,2,0,21514.36,2611.6,Credit Card,Delivered,Telangana,Hyderabad
ORD004752,CUST0587,PROD0028,2024-07-12,5,30,27237.77,-6742.63,Credit Card,Delivered,Chandigarh,Chandigarh
ORD004753,CUST0201,PROD0029,2023-01-27,4,5,78788.17,8339.93,UPI,Returned,Chandigarh,Chandigarh
ORD004754,CUST0494,PROD0015,2024-10-28,2,0,22634.24,4760.42,Debit Card,Delivered,Bihar,Patna
ORD004755,CUST0282,PROD0005,2025-05-17,2,10,18722.86,1577.96,Cash on Delivery,Returned,Maharashtra,Nagpur
ORD004756,CUST0393,PROD0011,2023-03-16,1,15,2784.18,234.55,Credit Card,Returned,Tamil Nadu,Coimbatore
ORD004757,CUST0015,PROD0004,2023-12-27,1,30,9210.47,-2160.67,UPI,Delivered,Uttar Pradesh,Lucknow
ORD004758,CUST0081,PROD0009,2024-11-30,1,15,21914.92,-1171.26,Debit Card,Cancelled,Gujarat,Ahmedabad
ORD004759,CUST0074,PROD0002,2023-05-03,1,10,18986.57,2661.29,Credit Card,Delivered,Maharashtra,Mumbai
ORD004760,CUST0580,PROD0010,2024-03-03,3,10,63144.17,685.58,Net Banking,Returned,Delhi,Delhi
ORD004761,CUST0568,PROD0025,2024-08-17,3,0,77038.23,15574.5,UPI,Returned,Kerala,Kochi
ORD004762,CUST0044,PROD0010,2023-12-04,1,0,23386.73,2567.2,Net Banking,Returned,Madhya Pradesh,Bhopal
ORD004763,CUST0392,PROD0009,2023-08-14,1,15,21914.92,-1171.26,Net Banking,Delivered,Tamil Nadu,Chennai
ORD004764,CUST0298,PROD0034,2025-04-25,2,0,43130.44,5748.68,Debit Card,Cancelled,Telangana,Hyderabad
ORD004765,CUST0415,PROD0027,2023-10-07,2,10,54684.38,8208.9,Credit Card,Delivered,Madhya Pradesh,Bhopal
ORD004766,CUST0172,PROD0008,2024-05-19,1,10,9681.46,230.08,Net Banking,Delivered,Gujarat,Ahmedabad
ORD004767,CUST0402,PROD0011,2023-08-20,1,10,2947.96,398.33,Debit Card,Cancelled,Karnataka,Bangalore
ORD004768,CUST0107,PROD0005,2025-01-04,2,0,20803.18,3658.28,Net Banking,Returned,Uttar Pradesh,Lucknow
ORD004769,CUST0397,PROD0002,2025-01-10,2,0,42192.38,9541.82,Debit Card,Delivered,Rajasthan,Jaipur
ORD004770,CUST0135,PROD0013,2024-12-26,2,0,36526.36,7079.04,Debit Card,Delivered,Tamil Nadu,Coimbatore
ORD004771,CUST0360,PROD0013,2024-09-13,2,15,31047.41,1600.09,UPI,Returned,Uttar Pradesh,Lucknow
ORD004772,CUST0032,PROD0027,2023-09-17,1,5,28861.2,5623.46,Debit Card,Returned,Karnataka,Bangalore
ORD004773,CUST0304,PROD0030,2025-05-30,1,5,8993.86,399.22,Debit Card,Returned,Tamil Nadu,Coimbatore
ORD004774,CUST0165,PROD0016,2024-08-14,1,0,24752.87,5958.31,UPI,Cancelled,Gujarat,Ahmedabad
ORD004775,CUST0560,PROD0014,2024-08-24,2,0,18861.54,2178.14,Cash on Delivery,Delivered,Rajasthan,Jaipur
ORD004776,CUST0077,PROD0002,2024-06-29,1,5,20041.38,3716.1,Credit Card,Delivered,Maharashtra,Pune
ORD004777,CUST0424,PROD0001,2023-04-08,1,15,19633.41,2044.19,UPI,Delivered,Uttar Pradesh,Kanpur
ORD004778,CUST0434,PROD0010,2024-03-08,1,5,22217.39,1397.86,UPI,Delivered,Telangana,Hyderabad
ORD004779,CUST0314,PROD0013,2024-07-15,1,20,14610.54,-113.12,UPI,Delivered,Chandigarh,Chandigarh
ORD004780,CUST0009,PROD0019,2023-04-11,1,10,15060.77,549.49,Unknown,Delivered,Kerala,Kochi
ORD004781,CUST0498,PROD0006,2023-09-24,1,0,11785.37,1298.03,Net Banking,Delivered,Madhya Pradesh,Indore
ORD004782,CUST0464,PROD0019,2025-04-22,4,10,60243.08,2197.96,Cash on Delivery,Delivered,Bihar,Patna
ORD004783,CUST0122,PROD0010,2023-03-29,2,5,44434.79,2795.73,Cash on Delivery,Delivered,Kerala,Kochi
ORD004784,CUST0010,PROD0008,2024-04-10,4,5,40877.28,3071.76,Credit Card,Delivered,Bihar,Patna
ORD004785,CUST0487,PROD0027,2023-12-07,1,20,24304.17,1066.43,UPI,Delivered,Karnataka,Bangalore
ORD004786,CUST0400,PROD0006,2025-02-28,2,30,16499.52,-4475.16,Credit Card,Delivered,Madhya Pradesh,Indore
ORD004787,CUST0393,PROD0016,2024-01-04,1,0,24752.87,5958.31,Net Banking,Delivered,Tamil Nadu,Coimbatore
ORD004788,CUST0415,PROD0023,2024-04-07,4,10,67562.39,9896.83,Cash on Delivery,Cancelled,Madhya Pradesh,Bhopal
ORD004789,CUST0314,PROD0027,2023-01-21,2,10,54684.38,8208.9,Debit Card,Delivered,Chandigarh,Chandigarh
ORD004790,CUST0448,PROD0030,2023-03-11,1,10,8520.5,-74.14,Cash on Delivery,Delivered,Gujarat,Surat
ORD004791,CUST0132,PROD0016,2025-06-22,4,10,89110.33,13932.09,Credit Card,Delivered,Karnataka,Bangalore
ORD004792,CUST0217,PROD0002,2023-03-13,1,0,21096.19,4770.91,Debit Card,Delivered,Maharashtra,Mumbai
ORD004793,CUST0540,PROD0007,2024-10-09,1,0,13618.92,2863.83,Cash on Delivery,Cancelled,Tamil Nadu,Coimbatore
ORD004794,CUST0151,PROD0033,2023-12-20,2,0,35188.98,3420.34,Credit Card,Delivered,Gujarat,Surat
ORD004795,CUST0095,PROD0006,2023-10-23,1,0,11785.37,1298.03,Debit Card,Delivered,Delhi,Delhi
ORD004796,CUST0541,PROD0009,2025-05-05,3,15,65744.76,-3513.78,Net Banking,Delivered,Karnataka,Bangalore
ORD004797,CUST0345,PROD0003,2025-01-31,1,0,20840.14,2777.27,Net Banking,Returned,Kerala,Kochi
ORD004798,CUST0328,PROD0015,2023-06-19,2,0,22634.24,4760.42,UPI,Delivered,Tamil Nadu,Coimbatore
ORD004799,CUST0079,PROD0006,2023-01-10,1,5,11196.1,708.76,Net Banking,Cancelled,Madhya Pradesh,Bhopal
ORD004800,CUST0135,PROD0001,2023-06-18,1,0,23098.13,5508.91,Net Banking,Returned,Tamil Nadu,Coimbatore
ORD004801,CUST0281,PROD0018,2024-06-18,1,0,17902.05,2831.86,Cash on Delivery,Delivered,Uttar Pradesh,Lucknow
ORD004802,CUST0257,PROD0021,2024-07-25,1,0,3723.21,883.98,Unknown,Delivered,Gujarat,Ahmedabad
ORD004803,CUST0120,PROD0003,2023-01-30,3,0,62520.42,8331.81,Net Banking,Delivered,Maharashtra,Nagpur
ORD004804,CUST0470,PROD0003,2025-07-08,2,0,41680.28,5554.54,UPI,Delivered,Uttar Pradesh,Lucknow
ORD004805,CUST0496,PROD0021,2025-07-25,1,0,3723.21,883.98,Credit Card,Delivered,Bihar,Patna
ORD004806,CUST0211,PROD0017,2024-03-31,1,0,24249.54,6181.18,Net Banking,Returned,Madhya Pradesh,Indore
ORD004807,CUST0328,PROD0017,2024-08-01,5,5,115185.32,24843.52,Credit Card,Cancelled,Tamil Nadu,Coimbatore
ORD004808,CUST0441,PROD0016,2024-05-29,5,5,117576.13,23603.33,Cash on Delivery,Delivered,Gujarat,Ahmedabad
ORD004809,CUST0361,PROD0027,2023-05-30,2,0,60760.42,14284.94,Net Banking,Returned,Delhi,Delhi
ORD004810,CUST0276,PROD0022,2024-11-29,1,0,11982.27,2698.38,Debit Card,Returned,Maharashtra,Mumbai
ORD004811,CUST0403,PROD0032,2025-05-22,2,10,20662.22,443.24,Debit Card,Delivered,Assam,Guwahati
ORD004812,CUST0456,PROD0008,2023-07-01,1,0,10757.18,1305.8,Net Banking,Delivered,Maharashtra,Pune
ORD004813,CUST0405,PROD0003,2023-01-28,1,0,20840.14,2777.27,Credit Card,Delivered,Rajasthan,Jaipur
ORD004814,CUST0098,PROD0021,2023-01-22,5,20,14892.84,696.69,Debit Card,Cancelled,West Bengal,Kolkata
ORD004815,CUST0147,PROD0022,2024-04-27,4,10,43136.17,6000.61,Cash on Delivery,Cancelled,Gujarat,Ahmedabad
ORD004816,CUST0047,PROD0030,2023-05-24,2,10,17041.0,-148.28,Debit Card,Delivered,Kerala,Kochi
ORD004817,CUST0255,PROD0009,2025-03-27,1,5,24493.15,1406.97,Debit Card,Delivered,Karnataka,Bangalore
ORD004818,CUST0285,PROD0012,2023-04-19,2,20,40290.27,-354.67,Credit Card,Delivered,Kerala,Kochi
ORD004819,CUST0305,PROD0001,2023-07-24,1,0,23098.13,5508.91,Debit Card,Delivered,Assam,Guwahati
ORD004820,CUST0457,PROD0011,2023-11-05,2,0,6551.02,1451.76,Cash on Delivery,Cancelled,Madhya Pradesh,Indore
ORD004821,CUST0470,PROD0025,2023-07-27,1,10,23111.47,2623.56,Debit Card,Returned,Uttar Pradesh,Lucknow
ORD004822,CUST0002,PROD0035,2024-11-16,1,5,11915.89,1333.05,Cash on Delivery,Delivered,Rajasthan,Jaipur
ORD004823,CUST0105,PROD0033,2025-06-04,3,20,42226.78,-5426.18,UPI,Delivered,Delhi,Delhi
ORD004824,CUST0472,PROD0034,2023-09-10,1,10,19408.7,717.82,Cash on Delivery,Returned,Uttar Pradesh,Lucknow
ORD004825,CUST0474,PROD0016,2024-03-29,1,0,24752.87,5958.31,Debit Card,Cancelled,Delhi,Delhi
ORD004826,CUST0128,PROD0010,2025-06-16,1,0,23386.73,2567.2,Net Banking,Returned,Assam,Guwahati
ORD004827,CUST0526,PROD0025,2023-11-25,2,0,51358.82,10383.0,Cash on Delivery,Cancelled,Uttar Pradesh,Lucknow
ORD004828,CUST0065,PROD0018,2024-06-03,2,20,28643.28,-1497.1,Debit Card,Cancelled,Rajasthan,Jaipur
ORD004829,CUST0471,PROD0003,2023-10-05,1,0,20840.14,2777.27,Cash on Delivery,Delivered,Kerala,Kochi
ORD004830,CUST0222,PROD0027,2024-12-02,1,0,30380.21,7142.47,UPI,Delivered,Chandigarh,Chandigarh
ORD004831,CUST0020,PROD0006,2024-04-12,3,15,30052.69,-1409.33,Debit Card,Delivered,Maharashtra,Nagpur
ORD004832,CUST0110,PROD0025,2024-04-27,1,20,20543.53,55.62,Credit Card,Delivered,Gujarat,Ahmedabad
ORD004833,CUST0006,PROD0002,2024-01-12,1,10,18986.57,2661.29,Debit Card,Delivered,Karnataka,Bangalore
ORD004834,CUST0381,PROD0024,2023-07-01,1,15,24157.64,3005.53,Credit Card,Delivered,Maharashtra,Mumbai
ORD004835,CUST0131,PROD0019,2023-06-12,1,0,16734.19,2222.91,Debit Card,Delivered,Tamil Nadu,Chennai
ORD004836,CUST0134,PROD0032,2024-10-09,2,15,19514.32,-704.66,UPI,Delivered,Assam,Guwahati
ORD004837,CUST0255,PROD0020,2025-04-15,1,10,17136.19,666.29,UPI,Cancelled,Karnataka,Bangalore
ORD004838,CUST0586,PROD0010,2023-09-22,3,0,70160.19,7701.6,Debit Card,Returned,Delhi,Delhi
ORD004839,CUST0154,PROD0002,2024-01-06,1,15,17931.76,1606.48,Net Banking,Delivered,Telangana,Hyderabad
ORD004840,CUST0542,PROD0026,2024-07-03,1,0,17838.99,1717.92,Cash on Delivery,Delivered,Bihar,Patna
ORD004841,CUST0592,PROD0026,2024-12-22,2,0,35677.98,3435.84,Cash on Delivery,Delivered,Bihar,Patna
ORD004842,CUST0426,PROD0017,2023-10-21,1,10,21824.59,3756.23,UPI,Delivered,Delhi,Delhi
ORD004843,CUST0516,PROD0029,2025-01-18,2,5,39394.09,4169.97,Cash on Delivery,Delivered,Uttar Pradesh,Kanpur
ORD004844,CUST0026,PROD0030,2025-06-17,2,20,15147.55,-2041.73,Debit Card,Delivered,Karnataka,Bangalore
ORD004845,CUST0249,PROD0030,2024-04-04,2,0,18934.44,1745.16,Debit Card,Returned,Rajasthan,Jaipur
ORD004846,CUST0121,PROD0012,2025-04-11,1,0,25181.42,4858.95,Credit Card,Delivered,Bihar,Patna
ORD004847,CUST0469,PROD0025,2024-02-04,4,5,97581.76,15630.12,Credit Card,Delivered,Maharashtra,Nagpur
ORD004848,CUST0455,PROD0012,2024-12-04,1,0,25181.42,4858.95,Credit Card,Delivered,Maharashtra,Pune
ORD004849,CUST0252,PROD0025,2025-02-07,4,10,92445.88,10494.24,Credit Card,Delivered,Karnataka,Bangalore
ORD004850,CUST0025,PROD0019,2024-08-09,1,5,15897.48,1386.2,Debit Card,Delivered,Maharashtra,Pune
ORD004851,CUST0523,PROD0033,2024-07-26,1,10,15835.04,-49.28,Debit Card,Delivered,Rajasthan,Jaipur
ORD004852,CUST0069,PROD0008,2024-02-09,1,5,10219.32,767.94,Net Banking,Cancelled,Chandigarh,Chandigarh
ORD004853,CUST0166,PROD0025,2024-06-18,1,10,23111.47,2623.56,Net Banking,Returned,Rajasthan,Jaipur
ORD004854,CUST0477,PROD0030,2023-12-19,2,5,17987.72,798.44,UPI,Delivered,Karnataka,Bangalore
ORD004855,CUST0253,PROD0030,2024-08-19,2,20,15147.55,-2041.73,Debit Card,Returned,Maharashtra,Pune
ORD004856,CUST0597,PROD0033,2023-03-02,2,20,28151.18,-3617.46,Debit Card,Cancelled,Uttar Pradesh,Lucknow
ORD004857,CUST0194,PROD0023,2023-06-07,1,5,17828.96,3412.57,Credit Card,Delivered,Chandigarh,Chandigarh
ORD004858,CUST0201,PROD0017,2023-02-01,3,10,65473.76,11268.68,Net Banking,Returned,Chandigarh,Chandigarh
ORD004859,CUST0158,PROD0005,2024-04-26,1,0,10401.59,1829.14,Debit Card,Delivered,Tamil Nadu,Coimbatore
ORD004860,CUST0172,PROD0013,2024-07-06,1,0,18263.18,3539.52,Debit Card,Delivered,Gujarat,Ahmedabad
ORD004861,CUST0175,PROD0034,2023-10-04,1,0,21565.22,2874.34,UPI,Delivered,West Bengal,Kolkata
ORD004862,CUST0237,PROD0017,2025-02-17,1,15,20612.11,2543.75,Debit Card,Cancelled,Maharashtra,Pune
ORD004863,CUST0120,PROD0021,2024-08-30,1,0,3723.21,883.98,Debit Card,Delivered,Maharashtra,Nagpur
ORD004864,CUST0405,PROD0003,2025-06-28,2,15,35428.24,-697.5,Credit Card,Delivered,Rajasthan,Jaipur
ORD004865,CUST0075,PROD0012,2023-11-28,1,5,23922.35,3599.88,Cash on Delivery,Delivered,Uttar Pradesh,Kanpur
ORD004866,CUST0012,PROD0027,2023-01-29,2,0,60760.42,14284.94,Credit Card,Delivered,Tamil Nadu,Chennai
ORD004867,CUST0395,PROD0012,2023-06-19,1,5,23922.35,3599.88,Credit Card,Delivered,Bihar,Patna
ORD004868,CUST0594,PROD0030,2023-10-31,1,0,9467.22,872.58,Credit Card,Delivered,Gujarat,Ahmedabad
ORD004869,CUST0090,PROD0013,2025-01-15,1,5,17350.02,2626.36,UPI,Delivered,Maharashtra,Pune
ORD004870,CUST0485,PROD0006,2023-12-03,2,0,23570.74,2596.06,Net Banking,Delivered,Assam,Guwahati
ORD004871,CUST0127,PROD0014,2023-03-10,1,15,8016.15,-325.55,Net Banking,Delivered,Uttar Pradesh,Lucknow
ORD004872,CUST0372,PROD0016,2024-09-10,1,5,23515.23,4720.67,Debit Card,Cancelled,Bihar,Patna
ORD004873,CUST0530,PROD0034,2023-12-17,2,0,43130.44,5748.68,UPI,Returned,Maharashtra,Nagpur
ORD004874,CUST0536,PROD0012,2025-01-04,1,10,22663.28,2340.81,UPI,Delivered,Uttar Pradesh,Kanpur
ORD004875,CUST0237,PROD0033,2023-04-26,1,20,14075.59,-1808.73,Cash on Delivery,Delivered,Maharashtra,Pune
ORD004876,CUST0454,PROD0020,2023-10-28,2,0,38080.42,5140.62,Credit Card,Delivered,Uttar Pradesh,Lucknow
ORD004877,CUST0289,PROD0019,2023-01-11,1,0,16734.19,2222.91,Credit Card,Returned,Maharashtra,Pune
ORD004878,CUST0071,PROD0035,2023-11-06,1,5,11915.89,1333.05,UPI,Delivered,Tamil Nadu,Chennai
ORD004879,CUST0508,PROD0024,2024-03-14,4,15,96630.55,12022.11,UPI,Returned,Madhya Pradesh,Bhopal
ORD004880,CUST0508,PROD0024,2025-01-19,1,10,25578.68,4426.57,Credit Card,Delivered,Madhya Pradesh,Bhopal
ORD004881,CUST0246,PROD0009,2025-04-26,1,20,20625.81,-2460.37,Unknown,Delivered,Tamil Nadu,Chennai
ORD004882,CUST0309,PROD0009,2024-06-13,3,10,69612.1,353.56,Cash on Delivery,Delivered,Madhya Pradesh,Indore
ORD004883,CUST0561,PROD0027,2023-12-30,1,15,25823.18,2585.44,Net Banking,Delivered,Telangana,Hyderabad
ORD004884,CUST0056,PROD0022,2024-07-20,2,10,21568.09,3000.31,Debit Card,Delivered,Maharashtra,Nagpur
ORD004885,CUST0501,PROD0016,2024-05-11,1,10,22277.58,3483.02,Credit Card,Cancelled,Madhya Pradesh,Bhopal
ORD004886,CUST0139,PROD0014,2023-04-07,4,0,37723.08,4356.28,Cash on Delivery,Delivered,West Bengal,Kolkata
ORD004887,CUST0186,PROD0002,2023-09-19,1,20,16876.95,551.67,Credit Card,Delivered,Telangana,Hyderabad
ORD004888,CUST0037,PROD0004,2024-07-26,2,5,24999.84,2257.56,Debit Card,Delivered,Uttar Pradesh,Lucknow
ORD004889,CUST0484,PROD0032,2025-04-12,1,20,9183.21,-926.28,Credit Card,Delivered,Maharashtra,Pune
ORD004890,CUST0197,PROD0008,2025-03-21,1,0,10757.18,1305.8,Debit Card,Cancelled,Rajasthan,Jaipur
ORD004891,CUST0361,PROD0034,2023-03-12,1,15,18330.44,-360.44,Debit Card,Delivered,Delhi,Delhi
ORD004892,CUST0036,PROD0003,2025-04-20,4,10,75024.5,2773.02,Credit Card,Delivered,Kerala,Kochi
ORD004893,CUST0140,PROD0020,2024-02-02,1,10,17136.19,666.29,Cash on Delivery,Delivered,Uttar Pradesh,Lucknow
ORD004894,CUST0376,PROD0012,2024-12-13,2,0,50362.84,9717.9,UPI,Delivered,Telangana,Hyderabad
ORD004895,CUST0298,PROD0031,2023-10-27,1,0,27024.35,5258.26,UPI,Delivered,Telangana,Hyderabad
ORD004896,CUST0422,PROD0003,2023-10-29,1,30,14588.1,-3474.77,Credit Card,Delivered,Kerala,Kochi
ORD004897,CUST0265,PROD0004,2023-07-05,2,30,18420.93,-4321.35,Net Banking,Cancelled,Maharashtra,Mumbai
ORD004898,CUST0278,PROD0007,2025-01-26,3,10,36771.08,4505.81,UPI,Delivered,Bihar,Patna
ORD004899,CUST0210,PROD0003,2024-04-14,1,0,20840.14,2777.27,Debit Card,Delivered,Gujarat,Surat
ORD004900,CUST0034,PROD0013,2025-07-21,2,15,31047.41,1600.09,Cash on Delivery,Delivered,Maharashtra,Pune
ORD004901,CUST0106,PROD0001,2024-02-01,1,0,23098.13,5508.91,Cash on Delivery,Cancelled,Telangana,Hyderabad
ORD004902,CUST0339,PROD0026,2023-04-27,1,0,17838.99,1717.92,Debit Card,Cancelled,Kerala,Kochi
ORD004903,CUST0037,PROD0004,2023-06-11,2,20,21052.5,-1689.78,Net Banking,Delivered,Uttar Pradesh,Lucknow
ORD004904,CUST0595,PROD0025,2023-11-04,1,0,25679.41,5191.5,Net Banking,Delivered,Rajasthan,Jaipur
ORD004905,CUST0106,PROD0026,2023-12-27,2,0,35677.98,3435.84,Net Banking,Cancelled,Telangana,Hyderabad
ORD004906,CUST0215,PROD0022,2024-06-26,1,0,11982.27,2698.38,Credit Card,Delivered,Tamil Nadu,Chennai
ORD004907,CUST0001,PROD0006,2023-09-26,1,0,11785.37,1298.03,Debit Card,Delivered,Telangana,Hyderabad
ORD004908,CUST0365,PROD0013,2024-08-29,2,0,36526.36,7079.04,Net Banking,Returned,Delhi,Delhi
ORD004909,CUST0068,PROD0001,2025-03-17,3,0,69294.39,16526.73,UPI,Delivered,Gujarat,Surat
ORD004910,CUST0390,PROD0032,2025-07-19,2,15,19514.32,-704.66,Debit Card,Delivered,Gujarat,Ahmedabad
ORD004911,CUST0326,PROD0002,2025-05-08,1,5,20041.38,3716.1,Debit Card,Delivered,Uttar Pradesh,Kanpur
ORD004912,CUST0431,PROD0032,2023-09-25,1,5,10905.06,795.57,Cash on Delivery,Cancelled,Tamil Nadu,Chennai
ORD004913,CUST0459,PROD0023,2025-03-03,2,0,37534.66,8701.88,Unknown,Delivered,Maharashtra,Nagpur
ORD004914,CUST0231,PROD0020,2024-01-15,1,0,19040.21,2570.31,Cash on Delivery,Delivered,Karnataka,Bangalore
ORD004915,CUST0337,PROD0008,2025-04-23,2,15,18287.21,-615.55,Debit Card,Returned,Maharashtra,Pune
ORD004916,CUST0005,PROD0030,2025-05-14,1,15,8047.14,-547.5,Credit Card,Delivered,Madhya Pradesh,Indore
ORD004917,CUST0381,PROD0027,2023-02-06,2,5,57722.4,11246.92,Cash on Delivery,Delivered,Maharashtra,Mumbai
ORD004918,CUST0305,PROD0012,2024-08-30,2,0,50362.84,9717.9,Credit Card,Delivered,Assam,Guwahati
ORD004919,CUST0533,PROD0017,2023-03-07,1,20,19399.63,1331.27,Debit Card,Returned,Kerala,Kochi
ORD004920,CUST0485,PROD0002,2023-03-31,1,0,21096.19,4770.91,Net Banking,Delivered,Assam,Guwahati
ORD004921,CUST0285,PROD0007,2025-01-25,1,15,11576.08,820.99,Debit Card,Delivered,Kerala,Kochi
ORD004922,CUST0525,PROD0006,2024-11-12,2,0,23570.74,2596.06,Net Banking,Delivered,Gujarat,Surat
ORD004923,CUST0094,PROD0006,2023-09-16,1,0,11785.37,1298.03,Credit Card,Cancelled,Delhi,Delhi
ORD004924,CUST0401,PROD0019,2024-12-10,1,0,16734.19,2222.91,Credit Card,Returned,Tamil Nadu,Coimbatore
ORD004925,CUST0568,PROD0007,2024-01-13,1,0,13618.92,2863.83,Debit Card,Delivered,Kerala,Kochi
ORD004926,CUST0262,PROD0017,2024-06-08,4,30,67898.71,-4374.73,Credit Card,Delivered,Assam,Guwahati
ORD004927,CUST0526,PROD0012,2023-10-23,1,5,23922.35,3599.88,Cash on Delivery,Delivered,Uttar Pradesh,Lucknow
ORD004928,CUST0350,PROD0004,2024-07-30,1,5,12499.92,1128.78,Credit Card,Delivered,Telangana,Hyderabad
ORD004929,CUST0591,PROD0005,2024-01-06,2,0,20803.18,3658.28,Debit Card,Cancelled,Madhya Pradesh,Bhopal
ORD004930,CUST0385,PROD0021,2024-10-18,2,30,5212.49,-465.97,Net Banking,Delivered,Bihar,Patna
ORD004931,CUST0317,PROD0002,2024-03-04,1,0,21096.19,4770.91,Cash on Delivery,Delivered,Bihar,Patna
ORD004932,CUST0178,PROD0016,2025-03-10,1,10,22277.58,3483.02,Debit Card,Cancelled,Madhya Pradesh,Indore
ORD004933,CUST0039,PROD0012,2025-06-30,1,0,25181.42,4858.95,Credit Card,Delivered,Delhi,Delhi
ORD004934,CUST0448,PROD0029,2023-04-25,2,15,35247.34,23.22,UPI,Delivered,Gujarat,Surat
ORD004935,CUST0520,PROD0002,2023-12-19,1,5,20041.38,3716.1,Credit Card,Delivered,Kerala,Kochi
ORD004936,CUST0523,PROD0023,2024-08-05,1,10,16890.6,2474.21,Credit Card,Delivered,Rajasthan,Jaipur
ORD004937,CUST0428,PROD0003,2023-01-28,1,15,17714.12,-348.75,Debit Card,Delivered,Gujarat,Surat
ORD004938,CUST0276,PROD0024,2023-02-15,2,5,53999.42,11695.2,Debit Card,Delivered,Maharashtra,Mumbai
ORD004939,CUST0224,PROD0028,2023-01-10,1,20,6225.78,-570.3,Net Banking,Cancelled,Gujarat,Surat
ORD004940,CUST0124,PROD0013,2023-04-10,1,30,12784.23,-1939.43,UPI,Delivered,Gujarat,Surat
ORD004941,CUST0477,PROD0006,2023-11-01,1,5,11196.1,708.76,Debit Card,Cancelled,Karnataka,Bangalore
ORD004942,CUST0106,PROD0010,2024-10-09,1,5,22217.39,1397.86,Debit Card,Delivered,Telangana,Hyderabad
ORD004943,CUST0318,PROD0018,2024-02-15,5,15,76083.71,732.76,UPI,Returned,Assam,Guwahati
ORD004944,CUST0582,PROD0030,2023-06-10,1,0,9467.22,872.58,Cash on Delivery,Cancelled,Karnataka,Bangalore
ORD004945,CUST0231,PROD0012,2023-06-30,4,5,95689.4,14399.52,Cash on Delivery,Returned,Karnataka,Bangalore
ORD004946,CUST0561,PROD0021,2025-04-29,1,15,3164.73,325.5,Unknown,Cancelled,Telangana,Hyderabad
ORD004947,CUST0159,PROD0031,2023-12-14,2,30,37834.09,-5698.09,Net Banking,Returned,Uttar Pradesh,Lucknow
ORD004948,CUST0311,PROD0002,2025-04-30,1,20,16876.95,551.67,Debit Card,Returned,Uttar Pradesh,Kanpur
ORD004949,CUST0134,PROD0006,2025-07-21,2,0,23570.74,2596.06,Credit Card,Delivered,Assam,Guwahati
ORD004950,CUST0011,PROD0002,2025-05-29,1,10,18986.57,2661.29,Cash on Delivery,Delivered,Maharashtra,Mumbai
ORD004951,CUST0206,PROD0034,2025-03-28,1,20,17252.18,-1438.7,Credit Card,Delivered,West Bengal,Kolkata
ORD004952,CUST0035,PROD0012,2023-09-02,1,0,25181.42,4858.95,UPI,Delivered,Maharashtra,Nagpur
ORD004953,CUST0248,PROD0032,2025-01-09,1,0,11479.01,1369.52,Cash on Delivery,Delivered,Maharashtra,Pune
ORD004954,CUST0310,PROD0020,2023-04-15,1,30,13328.15,-3141.75,Unknown,Delivered,Telangana,Hyderabad
ORD004955,CUST0412,PROD0015,2025-06-11,4,20,36214.78,467.14,Unknown,Cancelled,Uttar Pradesh,Lucknow
ORD004956,CUST0321,PROD0031,2023-03-12,1,20,21619.48,-146.61,Credit Card,Delivered,Bihar,Patna
ORD004957,CUST0350,PROD0007,2023-11-07,3,5,38813.92,6548.65,Cash on Delivery,Cancelled,Telangana,Hyderabad
ORD004958,CUST0325,PROD0031,2024-07-31,5,0,135121.75,26291.3,Cash on Delivery,Returned,Tamil Nadu,Chennai
ORD004959,CUST0037,PROD0014,2025-02-04,1,0,9430.77,1089.07,Credit Card,Returned,Uttar Pradesh,Lucknow
ORD004960,CUST0145,PROD0002,2023-09-12,1,5,20041.38,3716.1,Credit Card,Delivered,Telangana,Hyderabad
ORD004961,CUST0323,PROD0022,2023-06-10,3,5,34149.47,6297.8,Credit Card,Delivered,Maharashtra,Nagpur
ORD004962,CUST0567,PROD0007,2023-05-10,2,0,27237.84,5727.66,Credit Card,Delivered,Assam,Guwahati
ORD004963,CUST0378,PROD0033,2024-03-09,2,5,33429.53,1660.89,Cash on Delivery,Delivered,Rajasthan,Jaipur
ORD004964,CUST0076,PROD0024,2023-04-29,1,20,22736.6,1584.49,Debit Card,Delivered,Gujarat,Surat
ORD004965,CUST0022,PROD0018,2025-03-22,2,0,35804.1,5663.72,Debit Card,Delivered,Tamil Nadu,Coimbatore
ORD004966,CUST0272,PROD0017,2024-12-10,1,5,23037.06,4968.7,Cash on Delivery,Delivered,Maharashtra,Nagpur
ORD004967,CUST0071,PROD0011,2025-04-16,2,20,5240.82,141.56,Credit Card,Cancelled,Tamil Nadu,Chennai
ORD004968,CUST0567,PROD0009,2025-06-28,4,15,87659.68,-4685.04,Credit Card,Cancelled,Assam,Guwahati
ORD004969,CUST0573,PROD0030,2024-01-25,2,5,17987.72,798.44,UPI,Cancelled,Gujarat,Ahmedabad
ORD004970,CUST0384,PROD0017,2024-02-25,1,0,24249.54,6181.18,Net Banking,Returned,Gujarat,Surat
ORD004971,CUST0066,PROD0005,2023-04-26,1,5,9881.51,1309.06,Credit Card,Delivered,Tamil Nadu,Chennai
ORD004972,CUST0075,PROD0014,2024-05-11,3,0,28292.31,3267.21,Credit Card,Cancelled,Uttar Pradesh,Kanpur
ORD004973,CUST0104,PROD0033,2024-06-28,3,5,50144.3,2491.34,Credit Card,Delivered,Bihar,Patna
ORD004974,CUST0595,PROD0034,2024-09-14,1,5,20486.96,1796.08,UPI,Returned,Rajasthan,Jaipur
ORD004975,CUST0369,PROD0014,2025-07-08,1,10,8487.69,145.99,Cash on Delivery,Returned,Madhya Pradesh,Indore
ORD004976,CUST0178,PROD0017,2023-10-31,4,15,82448.44,10175.0,Credit Card,Delivered,Madhya Pradesh,Indore
ORD004977,CUST0177,PROD0028,2024-11-19,1,0,7782.22,986.14,Cash on Delivery,Delivered,Kerala,Kochi
ORD004978,CUST0403,PROD0022,2023-08-01,1,15,10184.93,901.04,UPI,Delivered,Assam,Guwahati
ORD004979,CUST0118,PROD0031,2023-09-06,1,10,24321.92,2555.83,Credit Card,Delivered,Maharashtra,Nagpur
ORD004980,CUST0381,PROD0011,2023-10-07,4,10,11791.84,1593.32,UPI,Delivered,Maharashtra,Mumbai
ORD004981,CUST0577,PROD0001,2023-03-19,2,15,39266.82,4088.38,Credit Card,Returned,Uttar Pradesh,Kanpur
ORD004982,CUST0351,PROD0021,2024-06-10,1,0,3723.21,883.98,Cash on Delivery,Returned,Gujarat,Surat
ORD004983,CUST0520,PROD0030,2025-04-02,2,0,18934.44,1745.16,Debit Card,Delivered,Kerala,Kochi
ORD004984,CUST0142,PROD0031,2024-09-13,2,15,45941.4,2409.22,UPI,Returned,Gujarat,Surat
ORD004985,CUST0226,PROD0029,2024-11-23,1,20,16586.98,-1025.08,Net Banking,Delivered,Maharashtra,Pune
ORD004986,CUST0352,PROD0033,2023-07-13,1,0,17594.49,1710.17,Debit Card,Returned,Tamil Nadu,Chennai
ORD004987,CUST0597,PROD0020,2023-03-15,3,0,57120.63,7710.93,Cash on Delivery,Returned,Uttar Pradesh,Lucknow
ORD004988,CUST0544,PROD0004,2025-07-04,1,20,10526.25,-844.89,Credit Card,Delivered,Telangana,Hyderabad
ORD004989,CUST0292,PROD0008,2023-02-26,2,10,19362.92,460.16,Cash on Delivery,Delivered,Telangana,Hyderabad
ORD004990,CUST0091,PROD0013,2023-01-13,1,5,17350.02,2626.36,Cash on Delivery,Delivered,Uttar Pradesh,Lucknow
ORD004991,CUST0262,PROD0029,2023-07-23,2,0,41467.46,6243.34,Net Banking,Cancelled,Assam,Guwahati
ORD004992,CUST0024,PROD0017,2025-02-10,2,5,46074.13,9937.41,Cash on Delivery,Delivered,Karnataka,Bangalore
ORD004993,CUST0147,PROD0021,2023-06-27,2,0,7446.42,1767.96,Credit Card,Delivered,Gujarat,Ahmedabad
ORD004994,CUST0445,PROD0024,2023-04-09,2,0,56841.5,14537.28,Credit Card,Returned,Madhya Pradesh,Indore
ORD004995,CUST0598,PROD0007,2023-07-16,2,0,27237.84,5727.66,Net Banking,Returned,Tamil Nadu,Coimbatore
ORD004996,CUST0022,PROD0020,2024-07-10,1,15,16184.18,-285.72,Unknown,Cancelled,Tamil Nadu,Coimbatore
ORD004997,CUST0536,PROD0010,2024-05-12,2,0,46773.46,5134.4,Net Banking,Delivered,Uttar Pradesh,Kanpur
ORD004998,CUST0411,PROD0020,2025-03-19,1,10,17136.19,666.29,Cash on Delivery,Cancelled,Madhya Pradesh,Bhopal
ORD004999,CUST0099,PROD0011,2024-12-17,3,0,9826.53,2177.64,Credit Card,Delivered,Assam,Guwahati
ORD005000,CUST0444,PROD0027,2023-10-21,2,10,54684.38,8208.9,UPI,Returned,Rajasthan,Jaipur
ORD005001,CUST0303,PROD0015,2024-03-03,2,10,20370.82,2497.0,Cash on Delivery,Delivered,Gujarat,Surat
ORD005002,CUST0518,PROD0011,2023-05-26,3,0,9826.53,2177.64,Net Banking,Delivered,Uttar Pradesh,Lucknow
ORD005003,CUST0015,PROD0033,2024-04-20,1,10,15835.04,-49.28,Cash on Delivery,Delivered,Uttar Pradesh,Lucknow
ORD005004,CUST0285,PROD0012,2025-05-11,5,0,125907.1,24294.75,Cash on Delivery,Delivered,Kerala,Kochi
ORD005005,CUST0270,PROD0021,2023-07-26,2,5,7074.1,1395.64,UPI,Cancelled,Rajasthan,Jaipur
ORD005006,CUST0088,PROD0026,2023-12-09,2,5,33894.08,1651.94,Net Banking,Delivered,Uttar Pradesh,Kanpur
ORD005007,CUST0242,PROD0029,2025-07-07,1,0,20733.73,3121.67,Cash on Delivery,Cancelled,Kerala,Kochi
ORD005008,CUST0240,PROD0004,2025-03-28,1,0,13157.81,1786.67,Credit Card,Cancelled,Telangana,Hyderabad
ORD005009,CUST0141,PROD0010,2024-04-28,3,15,59636.16,-2822.43,UPI,Delivered,Maharashtra,Nagpur
ORD005010,CUST0188,PROD0010,2025-01-04,1,0,23386.73,2567.2,Cash on Delivery,Delivered,Maharashtra,Pune
ORD005011,CUST0446,PROD0021,2023-06-27,4,0,14892.84,3535.92,Cash on Delivery,Delivered,Chandigarh,Chandigarh
ORD005012,CUST0036,PROD0021,2023-09-19,1,5,3537.05,697.82,Debit Card,Delivered,Kerala,Kochi
ORD005013,CUST0039,PROD0029,2023-06-04,2,5,39394.09,4169.97,Debit Card,Delivered,Delhi,Delhi
ORD005014,CUST0119,PROD0016,2023-10-17,1,15,21039.94,2245.38,Cash on Delivery,Delivered,Tamil Nadu,Chennai
ORD005015,CUST0509,PROD0013,2025-03-30,3,20,43831.63,-339.35,Credit Card,Delivered,Gujarat,Surat
ORD005016,CUST0303,PROD0032,2024-09-02,1,20,9183.21,-926.28,Credit Card,Delivered,Gujarat,Surat
ORD005017,CUST0303,PROD0003,2023-05-19,1,30,14588.1,-3474.77,Net Banking,Delivered,Gujarat,Surat
ORD005018,CUST0272,PROD0024,2025-04-05,1,5,26999.71,5847.6,UPI,Delivered,Maharashtra,Nagpur
ORD005019,CUST0382,PROD0021,2024-12-02,3,0,11169.63,2651.94,Debit Card,Cancelled,Tamil Nadu,Coimbatore
ORD005020,CUST0098,PROD0023,2023-08-15,1,0,18767.33,4350.94,UPI,Delivered,West Bengal,Kolkata
ORD005021,CUST0388,PROD0005,2025-04-22,2,5,19763.02,2618.12,Credit Card,Cancelled,West Bengal,Kolkata
ORD005022,CUST0547,PROD0013,2023-06-26,3,15,46571.11,2400.13,Net Banking,Delivered,Maharashtra,Pune
ORD005023,CUST0360,PROD0008,2023-01-27,1,15,9143.6,-307.78,Credit Card,Cancelled,Uttar Pradesh,Lucknow
ORD005024,CUST0182,PROD0030,2024-09-15,2,10,17041.0,-148.28,UPI,Delivered,Maharashtra,Mumbai
ORD005025,CUST0485,PROD0034,2024-03-02,2,5,40973.92,3592.16,UPI,Delivered,Assam,Guwahati
ORD005026,CUST0290,PROD0031,2023-09-08,1,30,18917.04,-2849.05,UPI,Delivered,Maharashtra,Mumbai
ORD005027,CUST0145,PROD0024,2025-05-23,1,0,28420.75,7268.64,Debit Card,Returned,Telangana,Hyderabad
ORD005028,CUST0556,PROD0020,2023-03-21,2,15,32368.36,-571.44,UPI,Delivered,Bihar,Patna
ORD005029,CUST0421,PROD0005,2024-02-11,2,20,16642.54,-502.36,Debit Card,Cancelled,Maharashtra,Mumbai
ORD005030,CUST0343,PROD0028,2023-05-22,2,0,15564.44,1972.28,Net Banking,Delivered,Rajasthan,Jaipur
ORD005031,CUST0555,PROD0025,2024-04-18,1,5,24395.44,3907.53,Credit Card,Cancelled,Uttar Pradesh,Kanpur
ORD005032,CUST0551,PROD0030,2024-04-23,3,30,19881.16,-5902.76,Debit Card,Returned,Gujarat,Ahmedabad
ORD005033,CUST0223,PROD0009,2023-02-20,1,5,24493.15,1406.97,Net Banking,Cancelled,Tamil Nadu,Chennai
ORD005034,CUST0087,PROD0006,2023-09-14,4,20,37713.18,-4236.18,UPI,Returned,Maharashtra,Nagpur
ORD005035,CUST0172,PROD0031,2023-04-03,1,0,27024.35,5258.26,UPI,Returned,Gujarat,Ahmedabad
ORD005036,CUST0072,PROD0013,2024-09-03,1,10,16436.86,1713.2,Net Banking,Delivered,Chandigarh,Chandigarh
ORD005037,CUST0463,PROD0034,2024-11-20,1,10,19408.7,717.82,Credit Card,Delivered,Telangana,Hyderabad
ORD005038,CUST0475,PROD0025,2024-02-03,1,0,25679.41,5191.5,Unknown,Delivered,Maharashtra,Pune
ORD005039,CUST0217,PROD0013,2023-10-04,2,20,29221.09,-226.23,Net Banking,Delivered,Maharashtra,Mumbai
ORD005040,CUST0194,PROD0010,2024-01-15,1,0,23386.73,2567.2,Cash on Delivery,Delivered,Chandigarh,Chandigarh
ORD005041,CUST0196,PROD0008,2024-07-13,4,5,40877.28,3071.76,Credit Card,Delivered,Maharashtra,Mumbai
ORD005042,CUST0581,PROD0025,2024-05-13,1,0,25679.41,5191.5,Credit Card,Delivered,Madhya Pradesh,Indore
ORD005043,CUST0451,PROD0030,2024-04-09,1,20,7573.78,-1020.86,Cash on Delivery,Cancelled,Bihar,Patna
ORD005044,CUST0411,PROD0014,2024-02-13,1,5,8959.23,617.53,Net Banking,Delivered,Madhya Pradesh,Bhopal
ORD005045,CUST0560,PROD0023,2024-10-03,2,0,37534.66,8701.88,UPI,Delivered,Rajasthan,Jaipur
ORD005046,CUST0204,PROD0016,2024-08-31,2,0,49505.74,11916.62,Debit Card,Delivered,Maharashtra,Mumbai
ORD005047,CUST0463,PROD0001,2025-06-22,1,0,23098.13,5508.91,Debit Card,Delivered,Telangana,Hyderabad
ORD005048,CUST0184,PROD0001,2023-07-26,1,0,23098.13,5508.91,Debit Card,Cancelled,Madhya Pradesh,Indore
ORD005049,CUST0312,PROD0029,2023-02-20,2,0,41467.46,6243.34,Credit Card,Cancelled,Bihar,Patna
ORD005050,CUST0398,PROD0013,2023-02-03,2,0,36526.36,7079.04,Credit Card,Delivered,Madhya Pradesh,Bhopal
ORD005051,CUST0482,PROD0026,2023-09-08,1,0,17838.99,1717.92,UPI,Delivered,Delhi,Delhi
ORD005052,CUST0125,PROD0030,2023-03-04,5,0,47336.1,4362.9,Debit Card,Returned,Delhi,Delhi
ORD005053,CUST0038,PROD0021,2023-04-06,1,0,3723.21,883.98,UPI,Cancelled,Delhi,Delhi
ORD005054,CUST0235,PROD0013,2023-08-02,1,0,18263.18,3539.52,Credit Card,Delivered,Maharashtra,Mumbai
ORD005055,CUST0546,PROD0006,2024-08-07,4,20,37713.18,-4236.18,Net Banking,Delivered,Madhya Pradesh,Bhopal
ORD005056,CUST0508,PROD0020,2024-11-05,1,15,16184.18,-285.72,Net Banking,Delivered,Madhya Pradesh,Bhopal
ORD005057,CUST0353,PROD0025,2024-01-05,1,5,24395.44,3907.53,Cash on Delivery,Delivered,Kerala,Kochi
ORD005058,CUST0490,PROD0016,2023-04-06,2,10,44555.17,6966.05,Debit Card,Cancelled,Assam,Guwahati
ORD005059,CUST0597,PROD0004,2024-11-22,2,10,23684.06,941.78,Cash on Delivery,Delivered,Uttar Pradesh,Lucknow
ORD005060,CUST0291,PROD0024,2025-04-08,1,0,28420.75,7268.64,Debit Card,Returned,Maharashtra,Pune
ORD005061,CUST0237,PROD0010,2023-09-10,1,15,19878.72,-940.81,Debit Card,Delivered,Maharashtra,Pune
ORD005062,CUST0126,PROD0019,2023-07-13,1,0,16734.19,2222.91,Debit Card,Cancelled,Kerala,Kochi
ORD005063,CUST0362,PROD0029,2025-01-10,1,10,18660.36,1048.3,UPI,Delivered,Madhya Pradesh,Bhopal
ORD005064,CUST0298,PROD0004,2023-11-24,1,20,10526.25,-844.89,UPI,Cancelled,Telangana,Hyderabad
ORD005065,CUST0125,PROD0023,2023-09-29,1,5,17828.96,3412.57,Net Banking,Delivered,Delhi,Delhi
ORD005066,CUST0133,PROD0028,2024-07-15,1,0,7782.22,986.14,Debit Card,Delivered,Maharashtra,Pune
ORD005067,CUST0142,PROD0012,2024-11-22,2,0,50362.84,9717.9,Debit Card,Delivered,Gujarat,Surat
ORD005068,CUST0531,PROD0006,2023-03-30,1,5,11196.1,708.76,Debit Card,Returned,Kerala,Kochi
ORD005069,CUST0310,PROD0027,2024-04-19,1,15,25823.18,2585.44,UPI,Delivered,Telangana,Hyderabad
ORD005070,CUST0145,PROD0032,2024-10-21,1,0,11479.01,1369.52,Net Banking,Cancelled,Telangana,Hyderabad
ORD005071,CUST0284,PROD0028,2024-03-25,1,0,7782.22,986.14,Credit Card,Cancelled,Karnataka,Bangalore
ORD005072,CUST0117,PROD0014,2023-10-15,1,0,9430.77,1089.07,Cash on Delivery,Cancelled,Madhya Pradesh,Bhopal
ORD005073,CUST0423,PROD0003,2025-05-04,1,0,20840.14,2777.27,Credit Card,Cancelled,Delhi,Delhi
ORD005074,CUST0548,PROD0011,2023-08-13,1,20,2620.41,70.78,Credit Card,Delivered,Gujarat,Ahmedabad
ORD005075,CUST0132,PROD0014,2023-10-24,1,10,8487.69,145.99,Credit Card,Cancelled,Karnataka,Bangalore
ORD005076,CUST0555,PROD0019,2023-03-07,1,0,16734.19,2222.91,Cash on Delivery,Delivered,Uttar Pradesh,Kanpur
ORD005077,CUST0089,PROD0026,2023-06-26,1,0,17838.99,1717.92,UPI,Cancelled,Chandigarh,Chandigarh
ORD005078,CUST0450,PROD0031,2025-04-27,1,0,27024.35,5258.26,Net Banking,Cancelled,Madhya Pradesh,Bhopal
ORD005079,CUST0421,PROD0024,2023-05-14,1,0,28420.75,7268.64,Net Banking,Cancelled,Maharashtra,Mumbai
ORD005080,CUST0180,PROD0004,2023-01-12,1,10,11842.03,470.89,Credit Card,Delivered,Maharashtra,Pune
ORD005081,CUST0492,PROD0008,2024-03-23,1,10,9681.46,230.08,Debit Card,Delivered,Bihar,Patna
ORD005082,CUST0600,PROD0033,2023-11-11,3,0,52783.47,5130.51,Credit Card,Delivered,Madhya Pradesh,Indore
ORD005083,CUST0519,PROD0014,2023-06-17,1,15,8016.15,-325.55,UPI,Cancelled,Tamil Nadu,Chennai
ORD005084,CUST0295,PROD0008,2023-09-06,1,5,10219.32,767.94,Debit Card,Delivered,Tamil Nadu,Chennai
ORD005085,CUST0431,PROD0027,2023-03-14,1,5,28861.2,5623.46,Debit Card,Delivered,Tamil Nadu,Chennai
ORD005086,CUST0097,PROD0006,2024-10-01,3,5,33588.3,2126.28,Net Banking,Returned,Rajasthan,Jaipur
ORD005087,CUST0144,PROD0017,2025-03-14,1,0,24249.54,6181.18,Cash on Delivery,Delivered,Tamil Nadu,Coimbatore
ORD005088,CUST0394,PROD0029,2024-07-13,3,5,59091.13,6254.95,Debit Card,Delivered,Assam,Guwahati
ORD005089,CUST0007,PROD0017,2025-07-02,1,15,20612.11,2543.75,Cash on Delivery,Delivered,Chandigarh,Chandigarh
ORD005090,CUST0553,PROD0007,2024-07-03,2,0,27237.84,5727.66,Net Banking,Delivered,Tamil Nadu,Coimbatore
ORD005091,CUST0082,PROD0003,2024-04-04,1,20,16672.11,-1390.76,Cash on Delivery,Delivered,Kerala,Kochi
ORD005092,CUST0041,PROD0035,2023-08-22,2,5,23831.78,2666.1,UPI,Delivered,West Bengal,Kolkata
ORD005093,CUST0293,PROD0015,2023-04-14,1,5,10751.26,1814.35,Debit Card,Cancelled,West Bengal,Kolkata
ORD005094,CUST0507,PROD0013,2025-02-10,1,5,17350.02,2626.36,Credit Card,Cancelled,Delhi,Delhi
ORD005095,CUST0020,PROD0029,2024-06-18,3,10,55981.07,3144.89,Credit Card,Delivered,Maharashtra,Nagpur
ORD005096,CUST0527,PROD0034,2025-07-21,1,0,21565.22,2874.34,Net Banking,Cancelled,Bihar,Patna
ORD005097,CUST0566,PROD0016,2025-02-25,2,0,49505.74,11916.62,Credit Card,Delivered,Maharashtra,Pune
ORD005098,CUST0541,PROD0025,2024-05-09,2,0,51358.82,10383.0,Cash on Delivery,Returned,Karnataka,Bangalore
ORD005099,CUST0465,PROD0034,2023-06-07,2,0,43130.44,5748.68,Cash on Delivery,Returned,Bihar,Patna
ORD005100,CUST0276,PROD0021,2023-05-19,2,5,7074.1,1395.64,Credit Card,Delivered,Maharashtra,Mumbai
ORD005101,CUST0381,PROD0011,2023-03-30,2,20,5240.82,141.56,Debit Card,Delivered,Maharashtra,Mumbai
ORD005102,CUST0336,PROD0012,2023-10-14,2,5,47844.7,7199.76,Credit Card,Cancelled,Maharashtra,Pune
ORD005103,CUST0324,PROD0031,2024-11-24,4,10,97287.66,10223.3,UPI,Cancelled,Madhya Pradesh,Bhopal
ORD005104,CUST0371,PROD0018,2024-03-02,1,0,17902.05,2831.86,Cash on Delivery,Returned,Chandigarh,Chandigarh
ORD005105,CUST0513,PROD0003,2024-11-23,1,5,19798.13,1735.26,UPI,Returned,Gujarat,Ahmedabad
ORD005106,CUST0364,PROD0016,2025-07-21,3,0,74258.61,17874.93,Credit Card,Cancelled,Karnataka,Bangalore
ORD005107,CUST0364,PROD0022,2023-08-31,2,20,19171.63,603.85,UPI,Delivered,Karnataka,Bangalore
ORD005108,CUST0063,PROD0023,2024-04-03,1,20,15013.86,597.47,Cash on Delivery,Cancelled,Madhya Pradesh,Indore
ORD005109,CUST0562,PROD0021,2023-12-10,1,30,2606.25,-232.98,UPI,Delivered,Bihar,Patna
ORD005110,CUST0266,PROD0020,2023-01-13,2,15,32368.36,-571.44,Net Banking,Delivered,Gujarat,Surat
ORD005111,CUST0502,PROD0003,2023-11-29,1,20,16672.11,-1390.76,Net Banking,Cancelled,Maharashtra,Nagpur
ORD005112,CUST0493,PROD0033,2024-10-30,5,0,87972.45,8550.85,Credit Card,Delivered,Maharashtra,Mumbai
ORD005113,CUST0515,PROD0032,2025-04-19,2,0,22958.02,2739.04,Debit Card,Cancelled,Bihar,Patna
ORD005114,CUST0152,PROD0013,2024-12-30,2,15,31047.41,1600.09,UPI,Delivered,Chandigarh,Chandigarh
ORD005115,CUST0384,PROD0001,2025-03-18,2,10,41576.63,6398.19,Cash on Delivery,Delivered,Gujarat,Surat
ORD005116,CUST0197,PROD0017,2025-04-29,1,20,19399.63,1331.27,Cash on Delivery,Delivered,Rajasthan,Jaipur
ORD005117,CUST0362,PROD0007,2024-07-15,1,15,11576.08,820.99,Cash on Delivery,Returned,Madhya Pradesh,Bhopal
ORD005118,CUST0074,PROD0033,2023-04-17,2,20,28151.18,-3617.46,Cash on Delivery,Returned,Maharashtra,Mumbai
ORD005119,CUST0478,PROD0004,2024-10-08,2,0,26315.62,3573.34,Net Banking,Delivered,Telangana,Hyderabad
ORD005120,CUST0563,PROD0024,2024-11-16,1,0,28420.75,7268.64,Credit Card,Delivered,West Bengal,Kolkata
ORD005121,CUST0225,PROD0009,2023-01-20,2,5,48986.29,2813.93,Cash on Delivery,Delivered,Tamil Nadu,Coimbatore
ORD005122,CUST0539,PROD0006,2025-07-10,1,15,10017.56,-469.78,UPI,Delivered,Kerala,Kochi
ORD005123,CUST0380,PROD0015,2025-03-17,2,10,20370.82,2497.0,Cash on Delivery,Returned,Kerala,Kochi
ORD005124,CUST0100,PROD0013,2024-09-13,1,0,18263.18,3539.52,Net Banking,Returned,Maharashtra,Pune
ORD005125,CUST0158,PROD0008,2023-05-14,5,0,53785.9,6529.0,Debit Card,Returned,Tamil Nadu,Coimbatore
ORD005126,CUST0489,PROD0031,2024-04-13,1,10,24321.92,2555.83,UPI,Delivered,Maharashtra,Pune
ORD005127,CUST0036,PROD0029,2023-08-19,1,0,20733.73,3121.67,UPI,Cancelled,Kerala,Kochi
ORD005128,CUST0232,PROD0006,2024-11-29,1,30,8249.76,-2237.58,Credit Card,Cancelled,Assam,Guwahati
ORD005129,CUST0081,PROD0027,2025-07-05,3,30,63798.44,-5914.78,Credit Card,Delivered,Gujarat,Ahmedabad
ORD005130,CUST0469,PROD0005,2023-12-05,2,0,20803.18,3658.28,Credit Card,Delivered,Maharashtra,Nagpur
ORD005131,CUST0016,PROD0001,2024-12-02,2,0,46196.26,11017.82,Cash on Delivery,Delivered,Maharashtra,Nagpur
ORD005132,CUST0306,PROD0014,2023-07-02,1,5,8959.23,617.53,Cash on Delivery,Delivered,Uttar Pradesh,Kanpur
ORD005133,CUST0041,PROD0002,2025-06-18,2,0,42192.38,9541.82,UPI,Delivered,West Bengal,Kolkata
ORD005134,CUST0214,PROD0013,2024-08-24,3,0,54789.54,10618.56,Net Banking,Returned,Maharashtra,Nagpur
ORD005135,CUST0136,PROD0020,2025-06-28,1,0,19040.21,2570.31,Cash on Delivery,Delivered,Karnataka,Bangalore
ORD005136,CUST0039,PROD0025,2025-04-06,1,0,25679.41,5191.5,Credit Card,Delivered,Delhi,Delhi
ORD005137,CUST0164,PROD0003,2024-10-01,4,0,83360.56,11109.08,Debit Card,Returned,Delhi,Delhi
ORD005138,CUST0319,PROD0024,2025-04-27,1,5,26999.71,5847.6,Credit Card,Cancelled,Maharashtra,Pune
ORD005139,CUST0472,PROD0015,2024-02-28,1,0,11317.12,2380.21,UPI,Cancelled,Uttar Pradesh,Lucknow
ORD005140,CUST0310,PROD0035,2025-06-21,2,10,22577.47,1411.79,Unknown,Cancelled,Telangana,Hyderabad
ORD005141,CUST0150,PROD0020,2024-05-11,5,30,66640.73,-15708.77,UPI,Delivered,Bihar,Patna
ORD005142,CUST0466,PROD0018,2023-09-07,1,30,12531.44,-2538.75,Credit Card,Delivered,Gujarat,Ahmedabad
ORD005143,CUST0344,PROD0004,2024-10-01,1,0,13157.81,1786.67,Net Banking,Delivered,West Bengal,Kolkata
ORD005144,CUST0055,PROD0024,2025-04-16,1,5,26999.71,5847.6,Debit Card,Delivered,Madhya Pradesh,Indore
ORD005145,CUST0263,PROD0021,2024-01-04,1,20,2978.57,139.34,Net Banking,Delivered,Maharashtra,Mumbai
ORD005146,CUST0239,PROD0011,2024-01-29,1,0,3275.51,725.88,Cash on Delivery,Returned,Kerala,Kochi
ORD005147,CUST0078,PROD0030,2025-07-25,1,0,9467.22,872.58,Credit Card,Cancelled,Karnataka,Bangalore
ORD005148,CUST0116,PROD0020,2023-10-19,1,0,19040.21,2570.31,Credit Card,Delivered,Maharashtra,Pune
ORD005149,CUST0144,PROD0001,2023-02-08,1,5,21943.22,4354.0,Net Banking,Returned,Tamil Nadu,Coimbatore
ORD005150,CUST0336,PROD0016,2024-05-04,1,0,24752.87,5958.31,Debit Card,Delivered,Maharashtra,Pune
ORD005151,CUST0541,PROD0018,2023-11-20,1,0,17902.05,2831.86,Debit Card,Delivered,Karnataka,Bangalore
ORD005152,CUST0108,PROD0015,2024-07-30,1,10,10185.41,1248.5,UPI,Delivered,Telangana,Hyderabad
ORD005153,CUST0130,PROD0014,2024-02-13,1,0,9430.77,1089.07,Net Banking,Returned,Chandigarh,Chandigarh
ORD005154,CUST0212,PROD0011,2024-03-04,4,0,13102.04,2903.52,Debit Card,Delivered,Gujarat,Surat
ORD005155,CUST0203,PROD0012,2025-07-01,1,15,21404.21,1081.74,Net Banking,Delivered,Delhi,Delhi
ORD005156,CUST0212,PROD0029,2025-01-16,3,0,62201.19,9365.01,UPI,Delivered,Gujarat,Surat
ORD005157,CUST0560,PROD0017,2023-09-29,1,10,21824.59,3756.23,UPI,Cancelled,Rajasthan,Jaipur
ORD005158,CUST0598,PROD0019,2025-07-02,1,30,11713.93,-2797.35,Debit Card,Delivered,Tamil Nadu,Coimbatore
ORD005159,CUST0084,PROD0004,2024-04-14,1,5,12499.92,1128.78,Credit Card,Delivered,Madhya Pradesh,Indore
ORD005160,CUST0066,PROD0018,2024-10-07,4,5,68027.79,7747.03,Debit Card,Delivered,Tamil Nadu,Chennai
ORD005161,CUST0406,PROD0024,2024-03-15,2,10,51157.35,8853.13,UPI,Delivered,Tamil Nadu,Chennai
ORD005162,CUST0193,PROD0027,2023-05-22,1,5,28861.2,5623.46,Debit Card,Cancelled,Rajasthan,Jaipur
ORD005163,CUST0091,PROD0021,2025-06-29,2,20,5957.14,278.68,Net Banking,Cancelled,Uttar Pradesh,Lucknow
ORD005164,CUST0538,PROD0013,2024-08-10,2,0,36526.36,7079.04,Net Banking,Delivered,Tamil Nadu,Coimbatore
ORD005165,CUST0062,PROD0004,2024-09-17,1,15,11184.14,-187.0,Cash on Delivery,Returned,Uttar Pradesh,Lucknow
ORD005166,CUST0537,PROD0016,2023-10-14,2,10,44555.17,6966.05,Cash on Delivery,Delivered,Maharashtra,Pune
ORD005167,CUST0131,PROD0034,2023-09-29,1,5,20486.96,1796.08,Cash on Delivery,Delivered,Tamil Nadu,Chennai
ORD005168,CUST0386,PROD0013,2025-01-23,1,15,15523.7,800.04,Debit Card,Delivered,Maharashtra,Pune
ORD005169,CUST0179,PROD0006,2023-01-15,1,10,10606.83,119.49,Cash on Delivery,Delivered,Gujarat,Ahmedabad
ORD005170,CUST0426,PROD0029,2023-02-08,2,5,39394.09,4169.97,UPI,Delivered,Delhi,Delhi
ORD005171,CUST0178,PROD0015,2023-09-24,1,20,9053.7,116.79,Net Banking,Delivered,Madhya Pradesh,Indore
ORD005172,CUST0296,PROD0023,2024-07-12,3,30,39411.39,-3837.78,UPI,Delivered,Telangana,Hyderabad
ORD005173,CUST0228,PROD0028,2023-02-20,2,15,13229.77,-362.39,UPI,Delivered,Gujarat,Ahmedabad
ORD005174,CUST0487,PROD0023,2023-10-16,1,20,15013.86,597.47,Cash on Delivery,Cancelled,Karnataka,Bangalore
ORD005175,CUST0290,PROD0005,2024-02-10,2,20,16642.54,-502.36,Net Banking,Cancelled,Maharashtra,Mumbai
ORD005176,CUST0041,PROD0030,2024-09-13,1,5,8993.86,399.22,Debit Card,Returned,West Bengal,Kolkata
ORD005177,CUST0283,PROD0023,2023-01-01,5,0,93836.65,21754.7,Credit Card,Delivered,Madhya Pradesh,Indore
ORD005178,CUST0122,PROD0022,2023-08-25,1,15,10184.93,901.04,UPI,Delivered,Kerala,Kochi
ORD005179,CUST0092,PROD0014,2023-11-26,3,0,28292.31,3267.21,UPI,Returned,Kerala,Kochi
ORD005180,CUST0482,PROD0002,2023-09-24,2,10,37973.14,5322.58,Debit Card,Delivered,Delhi,Delhi
ORD005181,CUST0134,PROD0003,2025-03-20,1,15,17714.12,-348.75,UPI,Delivered,Assam,Guwahati
ORD005182,CUST0180,PROD0029,2024-09-18,1,0,20733.73,3121.67,Debit Card,Delivered,Maharashtra,Pune
ORD005183,CUST0585,PROD0027,2024-12-25,1,0,30380.21,7142.47,Debit Card,Delivered,Maharashtra,Pune
ORD005184,CUST0399,PROD0002,2023-05-27,1,15,17931.76,1606.48,UPI,Delivered,Tamil Nadu,Coimbatore
ORD005185,CUST0112,PROD0011,2023-03-23,2,10,5895.92,796.66,Net Banking,Delivered,Karnataka,Bangalore
ORD005186,CUST0299,PROD0009,2023-09-12,1,0,25782.26,2696.08,UPI,Delivered,Gujarat,Surat
ORD005187,CUST0099,PROD0004,2025-07-27,1,10,11842.03,470.89,Cash on Delivery,Delivered,Assam,Guwahati
ORD005188,CUST0541,PROD0030,2023-07-05,3,0,28401.66,2617.74,Credit Card,Cancelled,Karnataka,Bangalore
ORD005189,CUST0354,PROD0016,2024-07-05,1,0,24752.87,5958.31,Cash on Delivery,Delivered,Delhi,Delhi
ORD005190,CUST0473,PROD0025,2023-03-18,2,0,51358.82,10383.0,Cash on Delivery,Delivered,Madhya Pradesh,Bhopal
ORD005191,CUST0174,PROD0025,2023-07-26,1,30,17975.59,-2512.32,Unknown,Delivered,Delhi,Delhi
ORD005192,CUST0464,PROD0028,2024-03-21,2,5,14786.22,1194.06,UPI,Delivered,Bihar,Patna
ORD005193,CUST0576,PROD0017,2023-12-01,2,10,43649.17,7512.45,Credit Card,Delivered,Maharashtra,Mumbai
ORD005194,CUST0110,PROD0001,2025-02-03,2,30,32337.38,-2841.06,Net Banking,Cancelled,Gujarat,Ahmedabad
ORD005195,CUST0413,PROD0007,2024-08-23,1,0,13618.92,2863.83,Net Banking,Delivered,Telangana,Hyderabad
ORD005196,CUST0190,PROD0031,2024-02-03,3,15,68912.09,3613.82,Debit Card,Delivered,Maharashtra,Pune
ORD005197,CUST0492,PROD0024,2025-06-29,1,15,24157.64,3005.53,Credit Card,Returned,Bihar,Patna
ORD005198,CUST0477,PROD0015,2023-04-03,1,0,11317.12,2380.21,Cash on Delivery,Cancelled,Karnataka,Bangalore
ORD005199,CUST0431,PROD0014,2023-09-04,1,0,9430.77,1089.07,Cash on Delivery,Delivered,Tamil Nadu,Chennai
ORD005200,CUST0595,PROD0014,2023-10-12,1,10,8487.69,145.99,UPI,Delivered,Rajasthan,Jaipur
ORD005201,CUST0353,PROD0028,2023-10-20,1,0,7782.22,986.14,Net Banking,Delivered,Kerala,Kochi
ORD005202,CUST0062,PROD0007,2024-06-15,2,0,27237.84,5727.66,UPI,Delivered,Uttar Pradesh,Lucknow
ORD005203,CUST0060,PROD0014,2024-10-01,1,0,9430.77,1089.07,Net Banking,Delivered,Telangana,Hyderabad
ORD005204,CUST0219,PROD0030,2023-10-31,3,5,26981.58,1197.66,UPI,Delivered,Assam,Guwahati
ORD005205,CUST0492,PROD0021,2024-06-28,2,0,7446.42,1767.96,Cash on Delivery,Cancelled,Bihar,Patna
ORD005206,CUST0371,PROD0013,2024-10-05,1,0,18263.18,3539.52,Cash on Delivery,Delivered,Chandigarh,Chandigarh
ORD005207,CUST0118,PROD0034,2023-07-07,1,0,21565.22,2874.34,Credit Card,Delivered,Maharashtra,Nagpur
ORD005208,CUST0069,PROD0013,2023-05-08,1,30,12784.23,-1939.43,UPI,Cancelled,Chandigarh,Chandigarh
ORD005209,CUST0280,PROD0010,2024-06-06,1,5,22217.39,1397.86,Net Banking,Cancelled,West Bengal,Kolkata
ORD005210,CUST0187,PROD0017,2023-10-11,1,15,20612.11,2543.75,Net Banking,Delivered,Delhi,Delhi
ORD005211,CUST0016,PROD0012,2023-03-22,1,0,25181.42,4858.95,Cash on Delivery,Delivered,Maharashtra,Nagpur
ORD005212,CUST0344,PROD0015,2024-06-17,3,5,32253.79,5443.06,Cash on Delivery,Returned,West Bengal,Kolkata
ORD005213,CUST0194,PROD0002,2024-08-14,1,0,21096.19,4770.91,Net Banking,Delivered,Chandigarh,Chandigarh
ORD005214,CUST0409,PROD0012,2024-05-29,1,0,25181.42,4858.95,Debit Card,Delivered,Madhya Pradesh,Indore
ORD005215,CUST0466,PROD0022,2023-12-21,3,10,32352.13,4500.46,Net Banking,Delivered,Gujarat,Ahmedabad
ORD005216,CUST0218,PROD0014,2025-04-05,2,30,13203.08,-3480.32,Cash on Delivery,Delivered,West Bengal,Kolkata
ORD005217,CUST0556,PROD0018,2024-02-16,1,15,15216.74,146.55,Net Banking,Delivered,Bihar,Patna
ORD005218,CUST0440,PROD0020,2023-05-11,3,5,54264.6,4854.9,Credit Card,Delivered,Maharashtra,Pune
ORD005219,CUST0492,PROD0019,2024-02-21,1,30,11713.93,-2797.35,Credit Card,Delivered,Bihar,Patna
ORD005220,CUST0054,PROD0028,2023-10-23,2,0,15564.44,1972.28,Credit Card,Delivered,Tamil Nadu,Chennai
ORD005221,CUST0179,PROD0007,2025-05-30,1,0,13618.92,2863.83,UPI,Delivered,Gujarat,Ahmedabad
ORD005222,CUST0025,PROD0012,2024-11-02,1,0,25181.42,4858.95,Unknown,Cancelled,Maharashtra,Pune
ORD005223,CUST0108,PROD0014,2024-03-17,2,0,18861.54,2178.14,UPI,Returned,Telangana,Hyderabad
ORD005224,CUST0065,PROD0006,2024-02-07,2,0,23570.74,2596.06,Net Banking,Delivered,Rajasthan,Jaipur
ORD005225,CUST0363,PROD0026,2024-02-01,3,0,53516.97,5153.76,Credit Card,Delivered,Karnataka,Bangalore
ORD005226,CUST0598,PROD0024,2024-01-22,2,5,53999.42,11695.2,Debit Card,Returned,Tamil Nadu,Coimbatore
ORD005227,CUST0176,PROD0021,2023-01-27,1,0,3723.21,883.98,Net Banking,Delivered,Telangana,Hyderabad
ORD005228,CUST0557,PROD0004,2024-06-10,1,10,11842.03,470.89,Debit Card,Cancelled,Uttar Pradesh,Kanpur
ORD005229,CUST0565,PROD0008,2025-06-20,2,0,21514.36,2611.6,Credit Card,Returned,Delhi,Delhi
ORD005230,CUST0245,PROD0023,2024-02-01,1,0,18767.33,4350.94,Debit Card,Returned,Kerala,Kochi
ORD005231,CUST0592,PROD0034,2024-12-13,2,0,43130.44,5748.68,UPI,Delivered,Bihar,Patna
ORD005232,CUST0051,PROD0023,2024-08-02,1,0,18767.33,4350.94,UPI,Returned,Gujarat,Ahmedabad
ORD005233,CUST0041,PROD0035,2023-10-12,1,20,10034.43,-548.41,UPI,Cancelled,West Bengal,Kolkata
ORD005234,CUST0058,PROD0031,2023-08-17,1,5,25673.13,3907.04,Debit Card,Delivered,Kerala,Kochi
ORD005235,CUST0432,PROD0030,2024-04-27,2,15,16094.27,-1095.01,Debit Card,Delivered,Maharashtra,Mumbai
ORD005236,CUST0442,PROD0005,2023-04-30,1,5,9881.51,1309.06,Net Banking,Cancelled,Tamil Nadu,Coimbatore
ORD005237,CUST0031,PROD0016,2024-05-26,1,5,23515.23,4720.67,UPI,Delivered,Rajasthan,Jaipur
ORD005238,CUST0498,PROD0021,2024-06-16,1,0,3723.21,883.98,Debit Card,Delivered,Madhya Pradesh,Indore
ORD005239,CUST0071,PROD0022,2023-10-04,1,10,10784.04,1500.15,Cash on Delivery,Delivered,Tamil Nadu,Chennai
ORD005240,CUST0599,PROD0034,2024-12-12,5,30,75478.27,-17976.13,Unknown,Delivered,Bihar,Patna
ORD005241,CUST0398,PROD0025,2024-01-05,1,0,25679.41,5191.5,Unknown,Cancelled,Madhya Pradesh,Bhopal
ORD005242,CUST0360,PROD0003,2024-01-15,1,0,20840.14,2777.27,Net Banking,Delivered,Uttar Pradesh,Lucknow
ORD005243,CUST0552,PROD0014,2023-01-06,2,10,16975.39,291.99,Credit Card,Cancelled,Telangana,Hyderabad
ORD005244,CUST0236,PROD0019,2025-01-30,1,30,11713.93,-2797.35,Credit Card,Returned,Telangana,Hyderabad
ORD005245,CUST0065,PROD0003,2025-04-04,3,15,53142.36,-1046.25,Debit Card,Delivered,Rajasthan,Jaipur
ORD005246,CUST0379,PROD0010,2024-03-09,1,5,22217.39,1397.86,Net Banking,Delivered,Tamil Nadu,Chennai
ORD005247,CUST0092,PROD0024,2023-02-21,4,0,113683.0,29074.56,UPI,Delivered,Kerala,Kochi
ORD005248,CUST0200,PROD0034,2023-02-21,1,30,15095.65,-3595.23,Debit Card,Delivered,Uttar Pradesh,Lucknow
ORD005249,CUST0479,PROD0032,2025-02-20,1,0,11479.01,1369.52,UPI,Returned,Telangana,Hyderabad
ORD005250,CUST0259,PROD0004,2024-09-04,1,30,9210.47,-2160.67,Net Banking,Delivered,Uttar Pradesh,Lucknow
ORD005251,CUST0077,PROD0012,2023-11-11,2,10,45326.56,4681.62,Debit Card,Delivered,Maharashtra,Pune
ORD005252,CUST0586,PROD0035,2023-04-02,4,0,50172.16,7840.8,Credit Card,Delivered,Delhi,Delhi
ORD005253,CUST0474,PROD0027,2023-10-01,1,0,30380.21,7142.47,Cash on Delivery,Cancelled,Delhi,Delhi
ORD005254,CUST0469,PROD0034,2024-03-29,1,15,18330.44,-360.44,Net Banking,Returned,Maharashtra,Nagpur
ORD005255,CUST0438,PROD0005,2023-11-09,1,5,9881.51,1309.06,UPI,Cancelled,Rajasthan,Jaipur
ORD005256,CUST0475,PROD0012,2023-02-27,1,5,23922.35,3599.88,UPI,Cancelled,Maharashtra,Pune
ORD005257,CUST0042,PROD0001,2024-11-28,1,0,23098.13,5508.91,UPI,Delivered,Assam,Guwahati
ORD005258,CUST0228,PROD0009,2024-09-27,2,20,41251.62,-4920.74,Net Banking,Delivered,Gujarat,Ahmedabad
ORD005259,CUST0551,PROD0030,2024-11-27,2,10,17041.0,-148.28,Credit Card,Delivered,Gujarat,Ahmedabad
ORD005260,CUST0112,PROD0032,2023-02-19,1,5,10905.06,795.57,Cash on Delivery,Delivered,Karnataka,Bangalore
ORD005261,CUST0071,PROD0033,2023-07-13,2,20,28151.18,-3617.46,Net Banking,Cancelled,Tamil Nadu,Chennai
ORD005262,CUST0376,PROD0009,2023-05-16,2,10,46408.07,235.71,UPI,Delivered,Telangana,Hyderabad
ORD005263,CUST0095,PROD0002,2024-11-28,1,10,18986.57,2661.29,Cash on Delivery,Delivered,Delhi,Delhi
ORD005264,CUST0559,PROD0016,2024-04-11,5,30,86635.04,-7337.76,Net Banking,Cancelled,Uttar Pradesh,Kanpur
ORD005265,CUST0150,PROD0008,2023-07-30,1,0,10757.18,1305.8,UPI,Delivered,Bihar,Patna
ORD005266,CUST0097,PROD0006,2024-09-28,1,20,9428.3,-1059.04,Cash on Delivery,Cancelled,Rajasthan,Jaipur
ORD005267,CUST0171,PROD0010,2025-03-13,1,0,23386.73,2567.2,UPI,Delivered,Uttar Pradesh,Kanpur
ORD005268,CUST0088,PROD0002,2023-10-11,3,10,56959.71,7983.87,Net Banking,Delivered,Uttar Pradesh,Kanpur
ORD005269,CUST0367,PROD0025,2023-10-20,1,0,25679.41,5191.5,Debit Card,Delivered,Karnataka,Bangalore
ORD005270,CUST0309,PROD0019,2025-07-20,1,10,15060.77,549.49,Debit Card,Returned,Madhya Pradesh,Indore
ORD005271,CUST0204,PROD0015,2023-01-07,2,0,22634.24,4760.42,Cash on Delivery,Delivered,Maharashtra,Mumbai
ORD005272,CUST0205,PROD0027,2024-04-01,5,0,151901.05,35712.35,Credit Card,Delivered,Kerala,Kochi
ORD005273,CUST0355,PROD0029,2024-10-09,2,15,35247.34,23.22,UPI,Returned,Kerala,Kochi
ORD005274,CUST0291,PROD0012,2023-04-19,1,0,25181.42,4858.95,Unknown,Delivered,Maharashtra,Pune
ORD005275,CUST0052,PROD0011,2023-01-01,1,0,3275.51,725.88,Net Banking,Delivered,Karnataka,Bangalore
ORD005276,CUST0069,PROD0035,2024-07-22,4,10,45154.94,2823.58,Debit Card,Delivered,Chandigarh,Chandigarh
ORD005277,CUST0239,PROD0001,2023-04-25,2,10,41576.63,6398.19,Net Banking,Delivered,Kerala,Kochi
ORD005278,CUST0496,PROD0022,2023-04-02,1,10,10784.04,1500.15,UPI,Delivered,Bihar,Patna
ORD005279,CUST0550,PROD0018,2023-07-12,2,0,35804.1,5663.72,UPI,Returned,Kerala,Kochi
ORD005280,CUST0452,PROD0009,2024-03-22,3,10,69612.1,353.56,UPI,Cancelled,Uttar Pradesh,Kanpur
ORD005281,CUST0074,PROD0013,2025-02-23,2,0,36526.36,7079.04,Credit Card,Delivered,Maharashtra,Mumbai
ORD005282,CUST0181,PROD0034,2024-02-23,1,5,20486.96,1796.08,UPI,Delivered,Tamil Nadu,Chennai
ORD005283,CUST0285,PROD0035,2023-02-22,1,20,10034.43,-548.41,UPI,Delivered,Kerala,Kochi
ORD005284,CUST0294,PROD0024,2023-04-25,1,5,26999.71,5847.6,Net Banking,Delivered,Rajasthan,Jaipur
ORD005285,CUST0470,PROD0015,2024-01-17,1,0,11317.12,2380.21,Net Banking,Delivered,Uttar Pradesh,Lucknow
ORD005286,CUST0010,PROD0024,2025-07-14,1,20,22736.6,1584.49,Credit Card,Returned,Bihar,Patna
ORD005287,CUST0169,PROD0005,2025-02-11,1,0,10401.59,1829.14,Debit Card,Delivered,Telangana,Hyderabad
ORD005288,CUST0326,PROD0031,2025-03-03,5,0,135121.75,26291.3,UPI,Delivered,Uttar Pradesh,Kanpur
ORD005289,CUST0433,PROD0013,2024-05-30,1,0,18263.18,3539.52,Credit Card,Cancelled,Karnataka,Bangalore
ORD005290,CUST0419,PROD0013,2025-02-13,2,0,36526.36,7079.04,UPI,Cancelled,Uttar Pradesh,Lucknow
ORD005291,CUST0034,PROD0033,2024-10-03,2,20,28151.18,-3617.46,Credit Card,Returned,Maharashtra,Pune
ORD005292,CUST0051,PROD0032,2025-03-20,2,30,16070.61,-4148.37,Cash on Delivery,Delivered,Gujarat,Ahmedabad
ORD005293,CUST0369,PROD0024,2024-08-04,1,10,25578.68,4426.57,UPI,Delivered,Madhya Pradesh,Indore
ORD005294,CUST0319,PROD0019,2024-02-12,3,0,50202.57,6668.73,Unknown,Cancelled,Maharashtra,Pune
ORD005295,CUST0129,PROD0012,2024-08-22,1,0,25181.42,4858.95,UPI,Delivered,Chandigarh,Chandigarh
ORD005296,CUST0024,PROD0008,2023-06-24,1,0,10757.18,1305.8,Cash on Delivery,Delivered,Karnataka,Bangalore
ORD005297,CUST0235,PROD0017,2025-02-10,1,0,24249.54,6181.18,Credit Card,Delivered,Maharashtra,Mumbai
ORD005298,CUST0162,PROD0033,2024-09-11,1,20,14075.59,-1808.73,Net Banking,Cancelled,Delhi,Delhi
ORD005299,CUST0249,PROD0010,2023-06-10,1,0,23386.73,2567.2,Debit Card,Delivered,Rajasthan,Jaipur
ORD005300,CUST0064,PROD0016,2024-11-29,4,10,89110.33,13932.09,Net Banking,Delivered,Maharashtra,Mumbai
ORD005301,CUST0552,PROD0002,2024-05-29,2,5,40082.76,7432.2,Credit Card,Delivered,Telangana,Hyderabad
ORD005302,CUST0200,PROD0012,2024-03-24,4,15,85616.83,4326.95,Debit Card,Returned,Uttar Pradesh,Lucknow
ORD005303,CUST0159,PROD0012,2023-10-01,1,10,22663.28,2340.81,Credit Card,Delivered,Uttar Pradesh,Lucknow
ORD005304,CUST0297,PROD0031,2024-09-20,3,30,56751.13,-8547.14,Credit Card,Delivered,Tamil Nadu,Chennai
ORD005305,CUST0190,PROD0013,2025-06-22,3,0,54789.54,10618.56,UPI,Delivered,Maharashtra,Pune
ORD005306,CUST0488,PROD0034,2024-04-09,2,0,43130.44,5748.68,Debit Card,Delivered,Maharashtra,Nagpur
ORD005307,CUST0114,PROD0010,2024-09-20,1,10,21048.06,228.53,Credit Card,Returned,Kerala,Kochi
ORD005308,CUST0553,PROD0012,2024-01-04,5,0,125907.1,24294.75,Debit Card,Delivered,Tamil Nadu,Coimbatore
ORD005309,CUST0189,PROD0030,2024-10-19,1,5,8993.86,399.22,UPI,Delivered,Bihar,Patna
ORD005310,CUST0070,PROD0015,2023-04-12,1,5,10751.26,1814.35,Credit Card,Delivered,Gujarat,Ahmedabad
ORD005311,CUST0549,PROD0015,2024-01-28,4,15,38478.21,2730.57,Credit Card,Returned,Uttar Pradesh,Kanpur
ORD005312,CUST0262,PROD0003,2024-02-05,3,10,56268.38,2079.77,Net Banking,Delivered,Assam,Guwahati
ORD005313,CUST0032,PROD0009,2023-01-27,1,0,25782.26,2696.08,Net Banking,Delivered,Karnataka,Bangalore
ORD005314,CUST0297,PROD0017,2024-03-06,2,0,48499.08,12362.36,Net Banking,Delivered,Tamil Nadu,Chennai
ORD005315,CUST0062,PROD0006,2024-06-15,4,20,37713.18,-4236.18,UPI,Delivered,Uttar Pradesh,Lucknow
ORD005316,CUST0098,PROD0015,2023-01-11,4,10,40741.63,4993.99,Net Banking,Delivered,West Bengal,Kolkata
ORD005317,CUST0080,PROD0007,2023-10-13,3,5,38813.92,6548.65,Unknown,Delivered,Kerala,Kochi
ORD005318,CUST0515,PROD0030,2024-08-30,1,5,8993.86,399.22,Credit Card,Delivered,Bihar,Patna
ORD005319,CUST0524,PROD0021,2025-04-21,2,10,6701.78,1023.32,UPI,Delivered,Madhya Pradesh,Bhopal
ORD005320,CUST0365,PROD0015,2024-08-06,1,30,7921.98,-1014.93,Cash on Delivery,Delivered,Delhi,Delhi
ORD005321,CUST0331,PROD0020,2023-02-10,1,5,18088.2,1618.3,Credit Card,Delivered,Karnataka,Bangalore
ORD005322,CUST0389,PROD0016,2025-05-04,1,0,24752.87,5958.31,Credit Card,Delivered,Kerala,Kochi
ORD005323,CUST0170,PROD0001,2025-06-25,1,0,23098.13,5508.91,Net Banking,Delivered,Gujarat,Ahmedabad
ORD005324,CUST0359,PROD0007,2024-03-16,1,20,10895.14,140.05,UPI,Delivered,Madhya Pradesh,Bhopal
ORD005325,CUST0164,PROD0003,2024-11-12,1,10,18756.13,693.26,Cash on Delivery,Delivered,Delhi,Delhi
ORD005326,CUST0598,PROD0033,2023-09-18,2,0,35188.98,3420.34,Debit Card,Delivered,Tamil Nadu,Coimbatore
ORD005327,CUST0337,PROD0031,2025-07-13,2,0,54048.7,10516.52,Debit Card,Delivered,Maharashtra,Pune
ORD005328,CUST0308,PROD0001,2023-12-03,3,10,62364.95,9597.29,UPI,Delivered,Uttar Pradesh,Lucknow
ORD005329,CUST0248,PROD0008,2025-03-17,1,10,9681.46,230.08,Credit Card,Delivered,Maharashtra,Pune
ORD005330,CUST0017,PROD0010,2024-04-19,1,0,23386.73,2567.2,Net Banking,Delivered,Uttar Pradesh,Kanpur
ORD005331,CUST0370,PROD0029,2023-11-25,1,20,16586.98,-1025.08,Credit Card,Delivered,Tamil Nadu,Coimbatore
ORD005332,CUST0520,PROD0030,2024-10-27,1,0,9467.22,872.58,Debit Card,Cancelled,Kerala,Kochi
ORD005333,CUST0433,PROD0006,2024-01-03,1,20,9428.3,-1059.04,UPI,Delivered,Karnataka,Bangalore
ORD005334,CUST0045,PROD0017,2023-03-01,1,0,24249.54,6181.18,Cash on Delivery,Delivered,Bihar,Patna
ORD005335,CUST0434,PROD0011,2024-09-09,1,5,3111.73,562.1,UPI,Delivered,Telangana,Hyderabad
ORD005336,CUST0194,PROD0033,2023-11-28,1,0,17594.49,1710.17,UPI,Delivered,Chandigarh,Chandigarh
ORD005337,CUST0599,PROD0029,2024-11-08,1,0,20733.73,3121.67,Debit Card,Delivered,Bihar,Patna
ORD005338,CUST0353,PROD0017,2023-11-16,1,10,21824.59,3756.23,Credit Card,Delivered,Kerala,Kochi
ORD005339,CUST0252,PROD0021,2024-11-04,1,0,3723.21,883.98,Net Banking,Returned,Karnataka,Bangalore
ORD005340,CUST0305,PROD0002,2025-01-11,1,10,18986.57,2661.29,Net Banking,Cancelled,Assam,Guwahati
ORD005341,CUST0600,PROD0014,2023-09-20,1,20,7544.62,-797.08,Unknown,Delivered,Madhya Pradesh,Indore
ORD005342,CUST0348,PROD0026,2024-12-19,1,10,16055.09,-65.98,Net Banking,Cancelled,Assam,Guwahati
ORD005343,CUST0423,PROD0011,2023-10-13,1,0,3275.51,725.88,UPI,Delivered,Delhi,Delhi
ORD005344,CUST0378,PROD0002,2024-01-07,5,0,105480.95,23854.55,Net Banking,Cancelled,Rajasthan,Jaipur
ORD005345,CUST0555,PROD0015,2025-05-13,2,5,21502.53,3628.71,UPI,Cancelled,Uttar Pradesh,Kanpur
ORD005346,CUST0262,PROD0019,2024-08-30,1,15,14224.06,-287.22,UPI,Delivered,Assam,Guwahati
ORD005347,CUST0439,PROD0001,2023-12-21,1,20,18478.5,889.28,UPI,Delivered,Madhya Pradesh,Bhopal
ORD005348,CUST0387,PROD0020,2024-03-20,1,15,16184.18,-285.72,UPI,Delivered,Assam,Guwahati
ORD005349,CUST0473,PROD0021,2024-09-12,2,5,7074.1,1395.64,Cash on Delivery,Returned,Madhya Pradesh,Bhopal
ORD005350,CUST0489,PROD0019,2024-06-26,1,15,14224.06,-287.22,Net Banking,Delivered,Maharashtra,Pune
ORD005351,CUST0230,PROD0029,2025-05-23,3,0,62201.19,9365.01,Cash on Delivery,Delivered,Tamil Nadu,Coimbatore
ORD005352,CUST0551,PROD0014,2024-12-31,5,30,33007.7,-8700.8,Cash on Delivery,Returned,Gujarat,Ahmedabad
ORD005353,CUST0569,PROD0034,2024-05-09,1,5,20486.96,1796.08,Net Banking,Delivered,West Bengal,Kolkata
ORD005354,CUST0239,PROD0006,2023-05-02,3,0,35356.11,3894.09,UPI,Delivered,Kerala,Kochi
ORD005355,CUST0243,PROD0002,2023-11-02,2,0,42192.38,9541.82,Debit Card,Delivered,Bihar,Patna
ORD005356,CUST0159,PROD0033,2025-06-18,1,5,16714.77,830.45,UPI,Returned,Uttar Pradesh,Lucknow
ORD005357,CUST0526,PROD0001,2023-11-24,1,20,18478.5,889.28,Cash on Delivery,Cancelled,Uttar Pradesh,Lucknow
ORD005358,CUST0591,PROD0014,2024-08-04,2,15,16032.31,-651.09,UPI,Cancelled,Madhya Pradesh,Bhopal
ORD005359,CUST0452,PROD0013,2024-01-16,1,15,15523.7,800.04,UPI,Cancelled,Uttar Pradesh,Kanpur
ORD005360,CUST0409,PROD0029,2023-02-12,2,5,39394.09,4169.97,UPI,Delivered,Madhya Pradesh,Indore
ORD005361,CUST0438,PROD0002,2025-03-13,1,5,20041.38,3716.1,UPI,Cancelled,Rajasthan,Jaipur
ORD005362,CUST0124,PROD0008,2023-05-30,2,5,20438.64,1535.88,Credit Card,Delivered,Gujarat,Surat
ORD005363,CUST0358,PROD0032,2023-04-01,3,10,30993.33,664.86,Net Banking,Cancelled,Maharashtra,Mumbai
ORD005364,CUST0100,PROD0027,2023-04-11,1,5,28861.2,5623.46,Cash on Delivery,Delivered,Maharashtra,Pune
ORD005365,CUST0271,PROD0028,2025-05-30,1,0,7782.22,986.14,UPI,Delivered,Maharashtra,Mumbai
ORD005366,CUST0446,PROD0009,2024-03-24,1,5,24493.15,1406.97,UPI,Delivered,Chandigarh,Chandigarh
ORD005367,CUST0386,PROD0029,2024-12-16,1,0,20733.73,3121.67,Cash on Delivery,Delivered,Maharashtra,Pune
ORD005368,CUST0547,PROD0035,2025-07-13,1,0,12543.04,1960.2,UPI,Cancelled,Maharashtra,Pune
ORD005369,CUST0064,PROD0006,2025-01-31,1,10,10606.83,119.49,Debit Card,Returned,Maharashtra,Mumbai
ORD005370,CUST0499,PROD0012,2024-11-21,1,15,21404.21,1081.74,Net Banking,Delivered,Bihar,Patna
ORD005371,CUST0215,PROD0014,2023-08-11,5,0,47153.85,5445.35,Net Banking,Delivered,Tamil Nadu,Chennai
ORD005372,CUST0472,PROD0021,2025-04-27,2,15,6329.46,651.0,Cash on Delivery,Delivered,Uttar Pradesh,Lucknow
ORD005373,CUST0403,PROD0015,2023-06-13,2,0,22634.24,4760.42,Net Banking,Delivered,Assam,Guwahati
ORD005374,CUST0085,PROD0031,2025-04-20,1,10,24321.92,2555.83,Net Banking,Delivered,Kerala,Kochi
ORD005375,CUST0156,PROD0028,2024-12-12,3,10,21011.99,623.75,UPI,Delivered,Telangana,Hyderabad
ORD005376,CUST0514,PROD0022,2024-01-31,1,10,10784.04,1500.15,Cash on Delivery,Delivered,Delhi,Delhi
ORD005377,CUST0203,PROD0029,2023-03-02,3,20,49760.95,-3075.23,Credit Card,Delivered,Delhi,Delhi
ORD005378,CUST0018,PROD0005,2024-07-30,1,0,10401.59,1829.14,Net Banking,Delivered,Delhi,Delhi
ORD005379,CUST0403,PROD0005,2023-04-18,3,15,26524.05,806.7,UPI,Delivered,Assam,Guwahati
ORD005380,CUST0247,PROD0010,2025-03-08,1,20,18709.38,-2110.15,Credit Card,Delivered,Madhya Pradesh,Bhopal
ORD005381,CUST0024,PROD0035,2023-03-10,1,30,8780.13,-1802.71,Cash on Delivery,Returned,Karnataka,Bangalore
ORD005382,CUST0591,PROD0028,2024-12-20,2,20,12451.55,-1140.61,Debit Card,Delivered,Madhya Pradesh,Bhopal
ORD005383,CUST0350,PROD0002,2024-07-25,3,10,56959.71,7983.87,UPI,Returned,Telangana,Hyderabad
ORD005384,CUST0561,PROD0021,2025-03-02,2,20,5957.14,278.68,Credit Card,Cancelled,Telangana,Hyderabad
ORD005385,CUST0525,PROD0024,2025-05-19,1,20,22736.6,1584.49,UPI,Cancelled,Gujarat,Surat
ORD005386,CUST0209,PROD0001,2023-10-30,1,0,23098.13,5508.91,Net Banking,Delivered,Telangana,Hyderabad
ORD005387,CUST0089,PROD0033,2024-10-20,2,15,29910.63,-1858.01,Debit Card,Delivered,Chandigarh,Chandigarh
ORD005388,CUST0088,PROD0005,2023-12-22,3,0,31204.77,5487.42,Debit Card,Delivered,Uttar Pradesh,Kanpur
ORD005389,CUST0441,PROD0021,2025-07-20,4,0,14892.84,3535.92,Debit Card,Returned,Gujarat,Ahmedabad
ORD005390,CUST0300,PROD0017,2024-06-24,2,10,43649.17,7512.45,Debit Card,Delivered,Maharashtra,Nagpur
ORD005391,CUST0168,PROD0020,2023-07-08,1,15,16184.18,-285.72,Cash on Delivery,Delivered,Madhya Pradesh,Indore
ORD005392,CUST0502,PROD0030,2023-08-26,3,0,28401.66,2617.74,UPI,Cancelled,Maharashtra,Nagpur
ORD005393,CUST0275,PROD0010,2024-02-17,1,0,23386.73,2567.2,Debit Card,Delivered,Maharashtra,Nagpur
ORD005394,CUST0342,PROD0024,2023-09-27,4,5,107998.85,23390.41,Net Banking,Delivered,Bihar,Patna
ORD005395,CUST0101,PROD0032,2023-07-09,1,15,9757.16,-352.33,UPI,Delivered,Madhya Pradesh,Indore
ORD005396,CUST0192,PROD0002,2023-06-02,1,0,21096.19,4770.91,Unknown,Delivered,Rajasthan,Jaipur
ORD005397,CUST0086,PROD0027,2025-02-05,2,20,48608.34,2132.86,Credit Card,Delivered,West Bengal,Kolkata
ORD005398,CUST0010,PROD0014,2025-01-31,1,0,9430.77,1089.07,Net Banking,Delivered,Bihar,Patna
ORD005399,CUST0493,PROD0013,2023-07-01,1,0,18263.18,3539.52,Cash on Delivery,Delivered,Maharashtra,Mumbai
ORD005400,CUST0223,PROD0001,2024-07-02,1,5,21943.22,4354.0,UPI,Cancelled,Tamil Nadu,Chennai
ORD005401,CUST0040,PROD0024,2024-08-15,1,0,28420.75,7268.64,UPI,Delivered,Maharashtra,Nagpur
ORD005402,CUST0455,PROD0007,2024-09-21,2,15,23152.16,1641.98,Credit Card,Delivered,Maharashtra,Pune
ORD005403,CUST0244,PROD0012,2023-07-11,1,0,25181.42,4858.95,Debit Card,Delivered,Chandigarh,Chandigarh
ORD005404,CUST0424,PROD0006,2025-02-02,2,5,22392.2,1417.52,Debit Card,Returned,Uttar Pradesh,Kanpur
ORD005405,CUST0521,PROD0028,2025-04-21,2,5,14786.22,1194.06,Net Banking,Delivered,Uttar Pradesh,Kanpur
ORD005406,CUST0378,PROD0005,2023-12-05,1,0,10401.59,1829.14,UPI,Delivered,Rajasthan,Jaipur
ORD005407,CUST0384,PROD0026,2024-01-20,1,0,17838.99,1717.92,Net Banking,Cancelled,Gujarat,Surat
ORD005408,CUST0471,PROD0017,2024-05-29,1,0,24249.54,6181.18,Net Banking,Delivered,Kerala,Kochi
ORD005409,CUST0185,PROD0017,2023-03-09,1,10,21824.59,3756.23,Net Banking,Delivered,Maharashtra,Pune
ORD005410,CUST0010,PROD0009,2023-06-24,2,0,51564.52,5392.16,Net Banking,Delivered,Bihar,Patna
ORD005411,CUST0472,PROD0015,2024-11-18,1,30,7921.98,-1014.93,UPI,Cancelled,Uttar Pradesh,Lucknow
ORD005412,CUST0194,PROD0032,2025-05-08,2,20,18366.42,-1852.56,UPI,Delivered,Chandigarh,Chandigarh
ORD005413,CUST0298,PROD0024,2024-08-27,3,5,80999.14,17542.81,Net Banking,Delivered,Telangana,Hyderabad
ORD005414,CUST0581,PROD0004,2024-04-12,2,0,26315.62,3573.34,Cash on Delivery,Delivered,Madhya Pradesh,Indore
ORD005415,CUST0588,PROD0010,2025-02-23,1,0,23386.73,2567.2,Cash on Delivery,Delivered,Maharashtra,Mumbai
ORD005416,CUST0469,PROD0033,2024-06-21,1,0,17594.49,1710.17,Credit Card,Delivered,Maharashtra,Nagpur
ORD005417,CUST0374,PROD0011,2024-03-22,2,15,5568.37,469.11,Net Banking,Delivered,Gujarat,Surat
ORD005418,CUST0332,PROD0027,2023-11-28,1,0,30380.21,7142.47,Net Banking,Delivered,Madhya Pradesh,Indore
ORD005419,CUST0464,PROD0007,2024-08-05,2,0,27237.84,5727.66,Credit Card,Delivered,Bihar,Patna
ORD005420,CUST0092,PROD0017,2024-06-10,1,0,24249.54,6181.18,Credit Card,Returned,Kerala,Kochi
ORD005421,CUST0199,PROD0032,2023-05-10,4,0,45916.04,5478.08,Net Banking,Cancelled,Tamil Nadu,Coimbatore
ORD005422,CUST0588,PROD0022,2023-03-05,1,10,10784.04,1500.15,Cash on Delivery,Delivered,Maharashtra,Mumbai
ORD005423,CUST0527,PROD0030,2024-02-07,1,20,7573.78,-1020.86,Cash on Delivery,Delivered,Bihar,Patna
ORD005424,CUST0087,PROD0017,2023-12-21,3,10,65473.76,11268.68,UPI,Delivered,Maharashtra,Nagpur
ORD005425,CUST0588,PROD0022,2023-03-08,2,5,22766.31,4198.53,Net Banking,Cancelled,Maharashtra,Mumbai
ORD005426,CUST0552,PROD0019,2023-03-15,2,0,33468.38,4445.82,Debit Card,Delivered,Telangana,Hyderabad
ORD005427,CUST0392,PROD0003,2025-01-07,2,15,35428.24,-697.5,UPI,Delivered,Tamil Nadu,Chennai
ORD005428,CUST0225,PROD0023,2023-10-08,1,0,18767.33,4350.94,Cash on Delivery,Cancelled,Tamil Nadu,Coimbatore
ORD005429,CUST0212,PROD0024,2023-04-22,2,5,53999.42,11695.2,Net Banking,Cancelled,Gujarat,Surat
ORD005430,CUST0421,PROD0024,2023-08-06,2,30,39789.05,-2515.17,Cash on Delivery,Delivered,Maharashtra,Mumbai
ORD005431,CUST0109,PROD0004,2024-07-20,3,5,37499.76,3386.34,UPI,Delivered,West Bengal,Kolkata
ORD005432,CUST0188,PROD0002,2023-11-08,1,10,18986.57,2661.29,Debit Card,Returned,Maharashtra,Pune
ORD005433,CUST0543,PROD0027,2023-07-31,1,0,30380.21,7142.47,Cash on Delivery,Delivered,Gujarat,Surat
ORD005434,CUST0054,PROD0028,2025-06-05,2,5,14786.22,1194.06,Debit Card,Returned,Tamil Nadu,Chennai
ORD005435,CUST0501,PROD0004,2025-05-18,1,0,13157.81,1786.67,Cash on Delivery,Delivered,Madhya Pradesh,Bhopal
ORD005436,CUST0125,PROD0012,2023-08-25,2,0,50362.84,9717.9,Debit Card,Cancelled,Delhi,Delhi
ORD005437,CUST0225,PROD0032,2024-10-24,1,0,11479.01,1369.52,Net Banking,Delivered,Tamil Nadu,Coimbatore
ORD005438,CUST0102,PROD0015,2023-03-06,2,0,22634.24,4760.42,Credit Card,Returned,Telangana,Hyderabad
ORD005439,CUST0109,PROD0011,2025-03-31,1,10,2947.96,398.33,Credit Card,Delivered,West Bengal,Kolkata
ORD005440,CUST0051,PROD0035,2025-06-30,1,0,12543.04,1960.2,Net Banking,Delivered,Gujarat,Ahmedabad
ORD005441,CUST0517,PROD0029,2023-03-12,3,10,55981.07,3144.89,Net Banking,Delivered,Karnataka,Bangalore
ORD005442,CUST0099,PROD0035,2024-06-25,2,30,17560.26,-3605.42,Net Banking,Delivered,Assam,Guwahati
ORD005443,CUST0285,PROD0009,2025-03-14,1,15,21914.92,-1171.26,Cash on Delivery,Delivered,Kerala,Kochi
ORD005444,CUST0360,PROD0009,2025-05-27,3,0,77346.78,8088.24,Debit Card,Delivered,Uttar Pradesh,Lucknow
ORD005445,CUST0010,PROD0022,2024-04-16,3,5,34149.47,6297.8,Credit Card,Cancelled,Bihar,Patna
ORD005446,CUST0240,PROD0027,2024-01-12,1,0,30380.21,7142.47,Net Banking,Delivered,Telangana,Hyderabad
ORD005447,CUST0167,PROD0019,2023-02-23,4,0,66936.76,8891.64,Credit Card,Cancelled,Bihar,Patna
ORD005448,CUST0030,PROD0015,2024-10-19,1,20,9053.7,116.79,Net Banking,Returned,Uttar Pradesh,Kanpur
ORD005449,CUST0452,PROD0035,2023-04-15,5,30,43900.64,-9013.56,UPI,Cancelled,Uttar Pradesh,Kanpur
ORD005450,CUST0021,PROD0031,2024-03-19,1,30,18917.04,-2849.05,Credit Card,Delivered,Gujarat,Surat
ORD005451,CUST0181,PROD0013,2025-05-14,2,0,36526.36,7079.04,Unknown,Delivered,Tamil Nadu,Chennai
ORD005452,CUST0373,PROD0026,2023-09-05,1,0,17838.99,1717.92,Net Banking,Delivered,Assam,Guwahati
ORD005453,CUST0254,PROD0021,2023-01-29,1,20,2978.57,139.34,Credit Card,Delivered,Uttar Pradesh,Lucknow
ORD005454,CUST0192,PROD0028,2023-11-15,3,0,23346.66,2958.42,Net Banking,Delivered,Rajasthan,Jaipur
ORD005455,CUST0047,PROD0019,2023-09-03,3,0,50202.57,6668.73,UPI,Delivered,Kerala,Kochi
ORD005456,CUST0336,PROD0034,2023-11-12,4,0,86260.88,11497.36,Credit Card,Delivered,Maharashtra,Pune
ORD005457,CUST0282,PROD0006,2024-12-21,1,15,10017.56,-469.78,Debit Card,Delivered,Maharashtra,Nagpur
ORD005458,CUST0387,PROD0025,2023-05-12,4,0,102717.64,20766.0,UPI,Delivered,Assam,Guwahati
ORD005459,CUST0378,PROD0008,2024-05-30,3,5,30657.96,2303.82,Debit Card,Cancelled,Rajasthan,Jaipur
ORD005460,CUST0400,PROD0029,2024-11-22,2,5,39394.09,4169.97,Cash on Delivery,Delivered,Madhya Pradesh,Indore
ORD005461,CUST0027,PROD0024,2025-05-20,1,0,28420.75,7268.64,UPI,Cancelled,Telangana,Hyderabad
ORD005462,CUST0263,PROD0032,2024-09-16,2,15,19514.32,-704.66,Debit Card,Delivered,Maharashtra,Mumbai
ORD005463,CUST0102,PROD0025,2025-04-07,1,20,20543.53,55.62,Cash on Delivery,Cancelled,Telangana,Hyderabad
ORD005464,CUST0001,PROD0008,2023-08-10,3,5,30657.96,2303.82,Cash on Delivery,Delivered,Telangana,Hyderabad
ORD005465,CUST0588,PROD0026,2023-03-10,1,10,16055.09,-65.98,Net Banking,Delivered,Maharashtra,Mumbai
ORD005466,CUST0420,PROD0021,2025-06-12,2,30,5212.49,-465.97,Credit Card,Delivered,Maharashtra,Nagpur
ORD005467,CUST0314,PROD0032,2025-05-01,1,0,11479.01,1369.52,UPI,Cancelled,Chandigarh,Chandigarh
ORD005468,CUST0062,PROD0021,2024-10-24,3,0,11169.63,2651.94,UPI,Returned,Uttar Pradesh,Lucknow
ORD005469,CUST0228,PROD0009,2024-12-22,1,15,21914.92,-1171.26,UPI,Delivered,Gujarat,Ahmedabad
ORD005470,CUST0270,PROD0001,2023-02-03,1,5,21943.22,4354.0,Net Banking,Delivered,Rajasthan,Jaipur
ORD005471,CUST0034,PROD0027,2025-07-13,1,0,30380.21,7142.47,Net Banking,Delivered,Maharashtra,Pune
ORD005472,CUST0418,PROD0027,2025-06-13,3,5,86583.6,16870.38,Debit Card,Delivered,Karnataka,Bangalore
ORD005473,CUST0045,PROD0002,2024-07-17,5,5,100206.9,18580.5,Cash on Delivery,Delivered,Bihar,Patna
ORD005474,CUST0193,PROD0021,2024-07-30,2,5,7074.1,1395.64,Net Banking,Delivered,Rajasthan,Jaipur
ORD005475,CUST0277,PROD0021,2023-03-17,2,5,7074.1,1395.64,Net Banking,Cancelled,Madhya Pradesh,Indore
ORD005476,CUST0571,PROD0012,2024-06-03,1,0,25181.42,4858.95,Net Banking,Returned,Gujarat,Ahmedabad
ORD005477,CUST0511,PROD0004,2025-06-10,5,15,55920.69,-935.01,Credit Card,Delivered,Uttar Pradesh,Kanpur
ORD005478,CUST0221,PROD0020,2023-09-12,1,0,19040.21,2570.31,UPI,Returned,Bihar,Patna
ORD005479,CUST0489,PROD0009,2023-02-09,2,15,43829.84,-2342.52,Cash on Delivery,Delivered,Maharashtra,Pune
ORD005480,CUST0284,PROD0004,2023-02-03,1,0,13157.81,1786.67,Debit Card,Delivered,Karnataka,Bangalore
ORD005481,CUST0538,PROD0019,2024-04-23,2,20,26774.7,-2247.86,Cash on Delivery,Delivered,Tamil Nadu,Coimbatore
ORD005482,CUST0068,PROD0015,2024-09-04,1,0,11317.12,2380.21,UPI,Cancelled,Gujarat,Surat
ORD005483,CUST0426,PROD0026,2024-02-11,2,0,35677.98,3435.84,Debit Card,Delivered,Delhi,Delhi
ORD005484,CUST0400,PROD0019,2023-10-13,4,0,66936.76,8891.64,UPI,Delivered,Madhya Pradesh,Indore
ORD005485,CUST0050,PROD0010,2025-03-11,4,0,93546.92,10268.8,UPI,Delivered,Maharashtra,Pune
ORD005486,CUST0108,PROD0009,2025-07-04,1,0,25782.26,2696.08,Debit Card,Returned,Telangana,Hyderabad
ORD005487,CUST0309,PROD0020,2023-01-21,1,30,13328.15,-3141.75,Cash on Delivery,Delivered,Madhya Pradesh,Indore
ORD005488,CUST0271,PROD0004,2023-02-22,3,0,39473.43,5360.01,Debit Card,Delivered,Maharashtra,Mumbai
ORD005489,CUST0292,PROD0003,2024-12-29,1,10,18756.13,693.26,Credit Card,Delivered,Telangana,Hyderabad
ORD005490,CUST0321,PROD0025,2025-02-03,3,5,73186.32,11722.59,Cash on Delivery,Cancelled,Bihar,Patna
ORD005491,CUST0171,PROD0023,2024-05-18,1,15,15952.23,1535.84,Credit Card,Cancelled,Uttar Pradesh,Kanpur
ORD005492,CUST0085,PROD0031,2025-03-21,2,0,54048.7,10516.52,Debit Card,Delivered,Kerala,Kochi
ORD005493,CUST0560,PROD0029,2024-10-04,3,0,62201.19,9365.01,Cash on Delivery,Delivered,Rajasthan,Jaipur
ORD005494,CUST0174,PROD0002,2024-11-26,1,0,21096.19,4770.91,UPI,Cancelled,Delhi,Delhi
ORD005495,CUST0267,PROD0017,2024-06-04,1,10,21824.59,3756.23,Credit Card,Cancelled,Madhya Pradesh,Indore
ORD005496,CUST0515,PROD0022,2023-02-19,1,15,10184.93,901.04,Debit Card,Delivered,Bihar,Patna
ORD005497,CUST0028,PROD0001,2024-12-22,1,20,18478.5,889.28,Net Banking,Delivered,Bihar,Patna
ORD005498,CUST0547,PROD0002,2024-10-17,2,15,35863.52,3212.96,Debit Card,Delivered,Maharashtra,Pune
ORD005499,CUST0223,PROD0025,2024-02-09,4,10,92445.88,10494.24,Credit Card,Cancelled,Tamil Nadu,Chennai
ORD005500,CUST0458,PROD0015,2024-02-07,4,0,45268.48,9520.84,Net Banking,Delivered,Madhya Pradesh,Bhopal
ORD005501,CUST0462,PROD0007,2023-05-10,1,0,13618.92,2863.83,Debit Card,Delivered,Assam,Guwahati
ORD005502,CUST0207,PROD0031,2024-02-17,2,0,54048.7,10516.52,UPI,Delivered,Karnataka,Bangalore
ORD005503,CUST0435,PROD0031,2025-04-25,1,5,25673.13,3907.04,UPI,Delivered,Telangana,Hyderabad
ORD005504,CUST0362,PROD0002,2025-07-14,2,20,33753.9,1103.34,Cash on Delivery,Delivered,Madhya Pradesh,Bhopal
ORD005505,CUST0247,PROD0027,2023-12-13,5,0,151901.05,35712.35,Credit Card,Delivered,Madhya Pradesh,Bhopal
ORD005506,CUST0346,PROD0023,2023-07-02,1,0,18767.33,4350.94,UPI,Delivered,Tamil Nadu,Chennai
ORD005507,CUST0203,PROD0019,2024-02-16,1,0,16734.19,2222.91,Credit Card,Delivered,Delhi,Delhi
ORD005508,CUST0581,PROD0007,2023-02-24,4,20,43580.54,560.18,Net Banking,Delivered,Madhya Pradesh,Indore
ORD005509,CUST0434,PROD0027,2023-08-07,1,10,27342.19,4104.45,Net Banking,Cancelled,Telangana,Hyderabad
ORD005510,CUST0557,PROD0029,2024-07-08,1,0,20733.73,3121.67,UPI,Delivered,Uttar Pradesh,Kanpur
ORD005511,CUST0251,PROD0025,2023-08-02,3,5,73186.32,11722.59,Credit Card,Delivered,Maharashtra,Pune
ORD005512,CUST0115,PROD0022,2024-12-05,1,5,11383.16,2099.27,Cash on Delivery,Delivered,Karnataka,Bangalore
ORD005513,CUST0193,PROD0026,2025-04-16,4,0,71355.96,6871.68,Debit Card,Delivered,Rajasthan,Jaipur
ORD005514,CUST0318,PROD0006,2025-01-17,1,0,11785.37,1298.03,UPI,Delivered,Assam,Guwahati
ORD005515,CUST0453,PROD0005,2024-06-19,1,0,10401.59,1829.14,Debit Card,Delivered,Kerala,Kochi
ORD005516,CUST0580,PROD0035,2025-07-22,1,0,12543.04,1960.2,Credit Card,Delivered,Delhi,Delhi
ORD005517,CUST0205,PROD0009,2023-01-15,1,10,23204.03,117.85,Credit Card,Delivered,Kerala,Kochi
ORD005518,CUST0552,PROD0021,2024-11-09,2,0,7446.42,1767.96,Net Banking,Delivered,Telangana,Hyderabad
ORD005519,CUST0553,PROD0021,2025-02-04,4,5,14148.2,2791.28,Debit Card,Delivered,Tamil Nadu,Coimbatore
ORD005520,CUST0194,PROD0034,2023-03-14,1,30,15095.65,-3595.23,Debit Card,Delivered,Chandigarh,Chandigarh
ORD005521,CUST0145,PROD0011,2023-04-30,3,0,9826.53,2177.64,Cash on Delivery,Delivered,Telangana,Hyderabad
ORD005522,CUST0165,PROD0024,2023-06-20,1,10,25578.68,4426.57,Debit Card,Delivered,Gujarat,Ahmedabad
ORD005523,CUST0258,PROD0008,2023-02-11,2,5,20438.64,1535.88,Cash on Delivery,Delivered,Karnataka,Bangalore
ORD005524,CUST0259,PROD0015,2023-11-26,1,20,9053.7,116.79,Debit Card,Delivered,Uttar Pradesh,Lucknow
ORD005525,CUST0001,PROD0023,2024-09-09,2,5,35657.93,6825.15,Net Banking,Delivered,Telangana,Hyderabad
ORD005526,CUST0266,PROD0017,2023-08-19,1,0,24249.54,6181.18,Credit Card,Cancelled,Gujarat,Surat
ORD005527,CUST0538,PROD0006,2023-10-03,5,20,47141.48,-5295.22,Cash on Delivery,Delivered,Tamil Nadu,Coimbatore
ORD005528,CUST0352,PROD0035,2024-07-24,2,5,23831.78,2666.1,UPI,Delivered,Tamil Nadu,Chennai
ORD005529,CUST0040,PROD0023,2024-03-26,1,10,16890.6,2474.21,Unknown,Delivered,Maharashtra,Nagpur
ORD005530,CUST0550,PROD0002,2023-04-26,1,10,18986.57,2661.29,Debit Card,Returned,Kerala,Kochi
ORD005531,CUST0481,PROD0021,2023-03-14,5,0,18616.05,4419.9,Debit Card,Cancelled,Delhi,Delhi
ORD005532,CUST0314,PROD0013,2023-08-24,2,15,31047.41,1600.09,Cash on Delivery,Delivered,Chandigarh,Chandigarh
ORD005533,CUST0389,PROD0004,2024-05-27,1,15,11184.14,-187.0,Credit Card,Cancelled,Kerala,Kochi
ORD005534,CUST0335,PROD0012,2024-04-11,5,0,125907.1,24294.75,Net Banking,Delivered,Maharashtra,Mumbai
ORD005535,CUST0371,PROD0025,2024-11-23,1,15,21827.5,1339.59,Cash on Delivery,Delivered,Chandigarh,Chandigarh
ORD005536,CUST0078,PROD0035,2023-12-03,1,5,11915.89,1333.05,Cash on Delivery,Returned,Karnataka,Bangalore
ORD005537,CUST0230,PROD0002,2025-05-12,2,0,42192.38,9541.82,Debit Card,Delivered,Tamil Nadu,Coimbatore
ORD005538,CUST0378,PROD0007,2023-07-27,2,0,27237.84,5727.66,Net Banking,Cancelled,Rajasthan,Jaipur
ORD005539,CUST0263,PROD0025,2024-11-02,1,0,25679.41,5191.5,Debit Card,Delivered,Maharashtra,Mumbai
ORD005540,CUST0255,PROD0003,2025-06-05,1,0,20840.14,2777.27,Debit Card,Delivered,Karnataka,Bangalore
ORD005541,CUST0543,PROD0023,2025-01-04,2,10,33781.19,4948.41,Net Banking,Returned,Gujarat,Surat
ORD005542,CUST0517,PROD0035,2023-10-03,1,20,10034.43,-548.41,Net Banking,Delivered,Karnataka,Bangalore
ORD005543,CUST0531,PROD0004,2024-09-07,1,5,12499.92,1128.78,Debit Card,Cancelled,Kerala,Kochi
ORD005544,CUST0218,PROD0024,2024-05-11,3,10,76736.03,13279.7,Credit Card,Delivered,West Bengal,Kolkata
ORD005545,CUST0523,PROD0018,2023-09-10,2,0,35804.1,5663.72,UPI,Delivered,Rajasthan,Jaipur
ORD005546,CUST0135,PROD0019,2024-10-19,1,5,15897.48,1386.2,UPI,Cancelled,Tamil Nadu,Coimbatore
ORD005547,CUST0580,PROD0004,2024-04-19,2,10,23684.06,941.78,Net Banking,Returned,Delhi,Delhi
ORD005548,CUST0302,PROD0001,2023-02-20,1,15,19633.41,2044.19,UPI,Delivered,Maharashtra,Pune
ORD005549,CUST0586,PROD0003,2025-04-28,1,0,20840.14,2777.27,Debit Card,Delivered,Delhi,Delhi
ORD005550,CUST0199,PROD0027,2024-10-26,3,0,91140.63,21427.41,Debit Card,Cancelled,Tamil Nadu,Coimbatore
ORD005551,CUST0264,PROD0020,2024-08-08,1,0,19040.21,2570.31,Debit Card,Delivered,Assam,Guwahati
ORD005552,CUST0502,PROD0003,2023-09-21,2,0,41680.28,5554.54,Cash on Delivery,Delivered,Maharashtra,Nagpur
ORD005553,CUST0141,PROD0018,2023-07-11,1,10,16111.84,1041.65,Cash on Delivery,Delivered,Maharashtra,Nagpur
ORD005554,CUST0282,PROD0018,2023-05-10,1,0,17902.05,2831.86,Unknown,Delivered,Maharashtra,Nagpur
ORD005555,CUST0481,PROD0019,2025-07-08,2,0,33468.38,4445.82,Net Banking,Delivered,Delhi,Delhi
ORD005556,CUST0209,PROD0016,2023-08-06,1,20,19802.3,1007.74,Net Banking,Delivered,Telangana,Hyderabad
ORD005557,CUST0308,PROD0002,2024-11-29,3,10,56959.71,7983.87,UPI,Delivered,Uttar Pradesh,Lucknow
ORD005558,CUST0418,PROD0012,2023-07-18,4,0,100725.68,19435.8,UPI,Delivered,Karnataka,Bangalore
ORD005559,CUST0512,PROD0014,2023-12-17,1,0,9430.77,1089.07,Net Banking,Delivered,West Bengal,Kolkata
ORD005560,CUST0165,PROD0020,2025-02-08,3,0,57120.63,7710.93,Credit Card,Delivered,Gujarat,Ahmedabad
ORD005561,CUST0126,PROD0025,2023-05-14,1,0,25679.41,5191.5,Debit Card,Cancelled,Kerala,Kochi
ORD005562,CUST0435,PROD0024,2025-07-10,1,5,26999.71,5847.6,Net Banking,Delivered,Telangana,Hyderabad
ORD005563,CUST0163,PROD0007,2024-10-19,1,0,13618.92,2863.83,Net Banking,Delivered,Madhya Pradesh,Indore
ORD005564,CUST0472,PROD0001,2024-09-04,3,10,62364.95,9597.29,UPI,Delivered,Uttar Pradesh,Lucknow
ORD005565,CUST0069,PROD0014,2024-03-03,1,20,7544.62,-797.08,Net Banking,Delivered,Chandigarh,Chandigarh
ORD005566,CUST0093,PROD0018,2023-04-18,1,10,16111.84,1041.65,Debit Card,Cancelled,Maharashtra,Pune
ORD005567,CUST0524,PROD0011,2024-04-14,1,0,3275.51,725.88,Debit Card,Delivered,Madhya Pradesh,Bhopal
ORD005568,CUST0111,PROD0017,2023-02-01,1,0,24249.54,6181.18,Net Banking,Delivered,Rajasthan,Jaipur
ORD005569,CUST0239,PROD0030,2023-09-19,1,20,7573.78,-1020.86,UPI,Delivered,Kerala,Kochi
ORD005570,CUST0200,PROD0002,2023-12-28,4,0,84384.76,19083.64,Net Banking,Delivered,Uttar Pradesh,Lucknow
ORD005571,CUST0019,PROD0022,2025-02-18,1,20,9585.82,301.93,Debit Card,Cancelled,Kerala,Kochi
ORD005572,CUST0541,PROD0002,2023-03-21,1,5,20041.38,3716.1,Net Banking,Delivered,Karnataka,Bangalore
ORD005573,CUST0007,PROD0031,2023-09-20,3,0,81073.05,15774.78,Cash on Delivery,Delivered,Chandigarh,Chandigarh
ORD005574,CUST0203,PROD0024,2024-07-28,1,10,25578.68,4426.57,Debit Card,Delivered,Delhi,Delhi
ORD005575,CUST0415,PROD0024,2024-04-11,3,15,72472.91,9016.58,Debit Card,Delivered,Madhya Pradesh,Bhopal
ORD005576,CUST0185,PROD0013,2025-03-23,3,0,54789.54,10618.56,Net Banking,Cancelled,Maharashtra,Pune
ORD005577,CUST0527,PROD0032,2023-12-29,1,0,11479.01,1369.52,Cash on Delivery,Delivered,Bihar,Patna
ORD005578,CUST0058,PROD0016,2023-02-11,2,0,49505.74,11916.62,Credit Card,Delivered,Kerala,Kochi
ORD005579,CUST0280,PROD0006,2023-07-13,1,0,11785.37,1298.03,Credit Card,Cancelled,West Bengal,Kolkata
ORD005580,CUST0186,PROD0035,2023-06-23,1,0,12543.04,1960.2,UPI,Delivered,Telangana,Hyderabad
ORD005581,CUST0287,PROD0003,2024-02-11,2,0,41680.28,5554.54,Debit Card,Delivered,Karnataka,Bangalore
ORD005582,CUST0190,PROD0022,2023-02-19,1,0,11982.27,2698.38,Cash on Delivery,Delivered,Maharashtra,Pune
ORD005583,CUST0072,PROD0035,2023-10-15,3,5,35747.66,3999.14,Cash on Delivery,Delivered,Chandigarh,Chandigarh
ORD005584,CUST0393,PROD0014,2024-05-25,2,0,18861.54,2178.14,Debit Card,Delivered,Tamil Nadu,Coimbatore
ORD005585,CUST0208,PROD0015,2023-11-24,2,0,22634.24,4760.42,Net Banking,Delivered,Uttar Pradesh,Lucknow
ORD005586,CUST0360,PROD0018,2023-01-25,3,0,53706.15,8495.58,Unknown,Cancelled,Uttar Pradesh,Lucknow
ORD005587,CUST0164,PROD0005,2024-07-27,1,10,9361.43,788.98,Credit Card,Delivered,Delhi,Delhi
ORD005588,CUST0029,PROD0022,2025-04-21,1,10,10784.04,1500.15,UPI,Delivered,Uttar Pradesh,Kanpur
ORD005589,CUST0323,PROD0009,2025-05-19,2,30,36095.16,-10077.2,Cash on Delivery,Delivered,Maharashtra,Nagpur
ORD005590,CUST0072,PROD0008,2025-05-04,1,5,10219.32,767.94,Debit Card,Delivered,Chandigarh,Chandigarh
ORD005591,CUST0281,PROD0029,2025-02-02,1,20,16586.98,-1025.08,UPI,Delivered,Uttar Pradesh,Lucknow
ORD005592,CUST0370,PROD0006,2024-07-10,1,0,11785.37,1298.03,Cash on Delivery,Delivered,Tamil Nadu,Coimbatore
ORD005593,CUST0453,PROD0030,2024-12-14,2,15,16094.27,-1095.01,Cash on Delivery,Delivered,Kerala,Kochi
ORD005594,CUST0086,PROD0029,2023-11-18,2,5,39394.09,4169.97,Debit Card,Delivered,West Bengal,Kolkata
ORD005595,CUST0444,PROD0025,2025-02-20,2,0,51358.82,10383.0,Net Banking,Delivered,Rajasthan,Jaipur
ORD005596,CUST0393,PROD0028,2024-02-13,2,0,15564.44,1972.28,Cash on Delivery,Delivered,Tamil Nadu,Coimbatore
ORD005597,CUST0050,PROD0024,2024-02-07,4,5,107998.85,23390.41,Credit Card,Delivered,Maharashtra,Pune
ORD005598,CUST0113,PROD0012,2024-11-17,1,0,25181.42,4858.95,UPI,Delivered,Kerala,Kochi
ORD005599,CUST0468,PROD0014,2024-11-23,1,5,8959.23,617.53,Debit Card,Returned,Rajasthan,Jaipur
ORD005600,CUST0241,PROD0006,2023-02-23,3,0,35356.11,3894.09,Net Banking,Delivered,Bihar,Patna
ORD005601,CUST0084,PROD0030,2023-04-13,1,20,7573.78,-1020.86,Net Banking,Delivered,Madhya Pradesh,Indore
ORD005602,CUST0407,PROD0022,2024-01-01,2,15,20369.86,1802.08,Debit Card,Delivered,Bihar,Patna
ORD005603,CUST0133,PROD0021,2024-11-10,2,20,5957.14,278.68,Cash on Delivery,Delivered,Maharashtra,Pune
ORD005604,CUST0363,PROD0031,2024-09-30,1,5,25673.13,3907.04,Cash on Delivery,Cancelled,Karnataka,Bangalore
ORD005605,CUST0358,PROD0009,2025-03-19,1,0,25782.26,2696.08,Net Banking,Delivered,Maharashtra,Mumbai
ORD005606,CUST0097,PROD0021,2025-06-02,4,0,14892.84,3535.92,UPI,Delivered,Rajasthan,Jaipur
ORD005607,CUST0379,PROD0031,2024-03-12,2,0,54048.7,10516.52,Net Banking,Delivered,Tamil Nadu,Chennai
ORD005608,CUST0245,PROD0009,2024-06-23,2,15,43829.84,-2342.52,UPI,Delivered,Kerala,Kochi
ORD005609,CUST0491,PROD0004,2024-06-19,1,0,13157.81,1786.67,Net Banking,Delivered,Bihar,Patna
ORD005610,CUST0344,PROD0034,2024-05-03,1,20,17252.18,-1438.7,Credit Card,Delivered,West Bengal,Kolkata
ORD005611,CUST0391,PROD0020,2023-06-03,1,20,15232.17,-1237.73,Cash on Delivery,Cancelled,Gujarat,Ahmedabad
ORD005612,CUST0327,PROD0017,2023-12-26,1,0,24249.54,6181.18,Net Banking,Delivered,Uttar Pradesh,Lucknow
ORD005613,CUST0293,PROD0007,2024-12-03,2,0,27237.84,5727.66,Net Banking,Delivered,West Bengal,Kolkata
ORD005614,CUST0195,PROD0034,2025-05-21,2,20,34504.35,-2877.41,Cash on Delivery,Delivered,Kerala,Kochi
ORD005615,CUST0251,PROD0026,2023-05-05,4,0,71355.96,6871.68,Net Banking,Delivered,Maharashtra,Pune
ORD005616,CUST0462,PROD0028,2023-01-15,1,20,6225.78,-570.3,Debit Card,Cancelled,Assam,Guwahati
ORD005617,CUST0557,PROD0019,2025-01-23,2,10,30121.54,1098.98,Net Banking,Cancelled,Uttar Pradesh,Kanpur
ORD005618,CUST0070,PROD0011,2025-06-14,1,5,3111.73,562.1,Credit Card,Delivered,Gujarat,Ahmedabad
ORD005619,CUST0056,PROD0009,2023-03-22,1,0,25782.26,2696.08,UPI,Cancelled,Maharashtra,Nagpur
ORD005620,CUST0254,PROD0029,2023-08-24,1,15,17623.67,11.61,Net Banking,Cancelled,Uttar Pradesh,Lucknow
ORD005621,CUST0506,PROD0029,2024-05-26,1,10,18660.36,1048.3,Cash on Delivery,Delivered,Assam,Guwahati
ORD005622,CUST0120,PROD0003,2023-11-14,2,20,33344.22,-2781.52,Net Banking,Cancelled,Maharashtra,Nagpur
ORD005623,CUST0448,PROD0006,2024-01-07,5,0,58926.85,6490.15,Debit Card,Delivered,Gujarat,Surat
ORD005624,CUST0560,PROD0007,2024-08-02,3,15,34728.25,2462.98,Debit Card,Returned,Rajasthan,Jaipur
ORD005625,CUST0418,PROD0010,2023-12-07,2,0,46773.46,5134.4,Net Banking,Delivered,Karnataka,Bangalore
ORD005626,CUST0480,PROD0010,2024-09-12,1,10,21048.06,228.53,Net Banking,Cancelled,Gujarat,Surat
ORD005627,CUST0162,PROD0012,2025-01-07,2,15,42808.41,2163.47,Net Banking,Cancelled,Delhi,Delhi
ORD005628,CUST0034,PROD0033,2025-02-02,2,5,33429.53,1660.89,Net Banking,Delivered,Maharashtra,Pune
ORD005629,CUST0558,PROD0020,2024-07-26,1,15,16184.18,-285.72,Net Banking,Delivered,Uttar Pradesh,Kanpur
ORD005630,CUST0493,PROD0034,2023-04-28,2,5,40973.92,3592.16,UPI,Returned,Maharashtra,Mumbai
ORD005631,CUST0230,PROD0002,2024-06-19,1,20,16876.95,551.67,Cash on Delivery,Cancelled,Tamil Nadu,Coimbatore
ORD005632,CUST0516,PROD0032,2023-10-30,1,15,9757.16,-352.33,UPI,Cancelled,Uttar Pradesh,Kanpur
ORD005633,CUST0323,PROD0019,2023-09-07,2,5,31794.96,2772.4,Credit Card,Cancelled,Maharashtra,Nagpur
ORD005634,CUST0438,PROD0029,2023-06-18,1,5,19697.04,2084.98,Debit Card,Delivered,Rajasthan,Jaipur
ORD005635,CUST0057,PROD0010,2024-03-11,5,15,99393.6,-4704.05,Net Banking,Delivered,Bihar,Patna
ORD005636,CUST0441,PROD0015,2024-02-19,1,10,10185.41,1248.5,Cash on Delivery,Delivered,Gujarat,Ahmedabad
ORD005637,CUST0450,PROD0014,2024-03-15,1,15,8016.15,-325.55,Debit Card,Cancelled,Madhya Pradesh,Bhopal
ORD005638,CUST0560,PROD0005,2025-06-28,1,5,9881.51,1309.06,UPI,Delivered,Rajasthan,Jaipur
ORD005639,CUST0269,PROD0030,2024-03-28,1,10,8520.5,-74.14,Credit Card,Cancelled,Maharashtra,Pune
ORD005640,CUST0202,PROD0018,2025-03-06,5,0,89510.25,14159.3,Debit Card,Delivered,Assam,Guwahati
ORD005641,CUST0092,PROD0027,2023-07-25,1,30,21266.15,-1971.59,UPI,Cancelled,Kerala,Kochi
ORD005642,CUST0395,PROD0007,2023-02-25,1,0,13618.92,2863.83,Cash on Delivery,Cancelled,Bihar,Patna
ORD005643,CUST0415,PROD0003,2025-06-03,5,5,98990.66,8676.31,Cash on Delivery,Delivered,Madhya Pradesh,Bhopal
ORD005644,CUST0418,PROD0032,2023-09-18,1,10,10331.11,221.62,Net Banking,Cancelled,Karnataka,Bangalore
ORD005645,CUST0048,PROD0016,2024-07-28,1,0,24752.87,5958.31,Cash on Delivery,Cancelled,Assam,Guwahati
ORD005646,CUST0152,PROD0029,2023-10-23,1,30,14513.61,-3098.45,Cash on Delivery,Delivered,Chandigarh,Chandigarh
ORD005647,CUST0267,PROD0001,2023-03-02,4,10,83153.27,12796.39,Credit Card,Delivered,Madhya Pradesh,Indore
ORD005648,CUST0092,PROD0020,2023-06-19,3,10,51408.57,1998.87,UPI,Returned,Kerala,Kochi
ORD005649,CUST0338,PROD0001,2024-12-22,1,5,21943.22,4354.0,Net Banking,Delivered,Assam,Guwahati
ORD005650,CUST0386,PROD0034,2023-09-18,1,20,17252.18,-1438.7,Net Banking,Delivered,Maharashtra,Pune
ORD005651,CUST0273,PROD0017,2025-03-29,4,0,96998.16,24724.72,UPI,Delivered,Bihar,Patna
ORD005652,CUST0233,PROD0011,2023-04-30,1,10,2947.96,398.33,UPI,Cancelled,Maharashtra,Nagpur
ORD005653,CUST0211,PROD0028,2024-08-16,1,10,7004.0,207.92,Cash on Delivery,Delivered,Madhya Pradesh,Indore
ORD005654,CUST0301,PROD0004,2023-05-19,4,10,47368.12,1883.56,Cash on Delivery,Returned,West Bengal,Kolkata
ORD005655,CUST0488,PROD0023,2024-08-05,1,0,18767.33,4350.94,UPI,Delivered,Maharashtra,Nagpur
ORD005656,CUST0289,PROD0027,2023-02-16,1,0,30380.21,7142.47,Credit Card,Cancelled,Maharashtra,Pune
ORD005657,CUST0205,PROD0005,2023-04-18,1,0,10401.59,1829.14,UPI,Delivered,Kerala,Kochi
ORD005658,CUST0277,PROD0006,2023-02-06,1,5,11196.1,708.76,UPI,Cancelled,Madhya Pradesh,Indore
ORD005659,CUST0588,PROD0020,2024-10-06,1,20,15232.17,-1237.73,Net Banking,Delivered,Maharashtra,Mumbai
ORD005660,CUST0231,PROD0026,2025-03-21,1,0,17838.99,1717.92,Unknown,Delivered,Karnataka,Bangalore
ORD005661,CUST0180,PROD0032,2024-06-30,4,5,43620.24,3182.28,Debit Card,Returned,Maharashtra,Pune
ORD005662,CUST0303,PROD0031,2023-02-09,3,15,68912.09,3613.82,UPI,Delivered,Gujarat,Surat
ORD005663,CUST0406,PROD0021,2024-11-06,2,0,7446.42,1767.96,Cash on Delivery,Delivered,Tamil Nadu,Chennai
ORD005664,CUST0454,PROD0029,2023-02-27,1,5,19697.04,2084.98,Cash on Delivery,Delivered,Uttar Pradesh,Lucknow
ORD005665,CUST0361,PROD0023,2024-11-04,1,10,16890.6,2474.21,Debit Card,Returned,Delhi,Delhi
ORD005666,CUST0115,PROD0031,2023-09-02,1,5,25673.13,3907.04,Net Banking,Delivered,Karnataka,Bangalore
ORD005667,CUST0584,PROD0002,2023-08-31,4,10,75946.28,10645.16,Cash on Delivery,Returned,Telangana,Hyderabad
ORD005668,CUST0077,PROD0013,2024-10-01,3,0,54789.54,10618.56,Credit Card,Delivered,Maharashtra,Pune
ORD005669,CUST0398,PROD0028,2025-03-18,2,5,14786.22,1194.06,UPI,Delivered,Madhya Pradesh,Bhopal
ORD005670,CUST0287,PROD0029,2023-11-29,2,5,39394.09,4169.97,Credit Card,Delivered,Karnataka,Bangalore
ORD005671,CUST0303,PROD0033,2024-11-07,2,5,33429.53,1660.89,Credit Card,Returned,Gujarat,Surat
ORD005672,CUST0508,PROD0012,2024-07-19,5,5,119611.74,17999.39,Debit Card,Returned,Madhya Pradesh,Bhopal
ORD005673,CUST0265,PROD0033,2023-11-26,1,0,17594.49,1710.17,Net Banking,Cancelled,Maharashtra,Mumbai
ORD005674,CUST0098,PROD0027,2023-03-14,2,0,60760.42,14284.94,Debit Card,Delivered,West Bengal,Kolkata
ORD005675,CUST0336,PROD0034,2024-02-23,5,10,97043.49,3589.09,UPI,Delivered,Maharashtra,Pune
ORD005676,CUST0144,PROD0015,2024-04-26,1,0,11317.12,2380.21,Debit Card,Returned,Tamil Nadu,Coimbatore
ORD005677,CUST0162,PROD0016,2023-08-12,3,20,59406.89,3023.21,Debit Card,Delivered,Delhi,Delhi
ORD005678,CUST0542,PROD0018,2023-11-03,1,20,14321.64,-748.55,Net Banking,Delivered,Bihar,Patna
ORD005679,CUST0018,PROD0033,2023-12-16,2,5,33429.53,1660.89,Credit Card,Delivered,Delhi,Delhi
ORD005680,CUST0134,PROD0033,2025-02-13,1,0,17594.49,1710.17,Cash on Delivery,Delivered,Assam,Guwahati
ORD005681,CUST0244,PROD0025,2024-01-27,4,5,97581.76,15630.12,UPI,Delivered,Chandigarh,Chandigarh
ORD005682,CUST0588,PROD0006,2024-08-27,1,0,11785.37,1298.03,UPI,Delivered,Maharashtra,Mumbai
ORD005683,CUST0377,PROD0019,2025-04-05,1,15,14224.06,-287.22,Net Banking,Delivered,West Bengal,Kolkata
ORD005684,CUST0259,PROD0014,2023-05-15,1,15,8016.15,-325.55,Debit Card,Returned,Uttar Pradesh,Lucknow
ORD005685,CUST0351,PROD0019,2023-11-04,1,0,16734.19,2222.91,Net Banking,Returned,Gujarat,Surat
ORD005686,CUST0600,PROD0022,2025-01-12,1,15,10184.93,901.04,Cash on Delivery,Returned,Madhya Pradesh,Indore
ORD005687,CUST0565,PROD0020,2023-11-12,3,15,48552.54,-857.16,UPI,Delivered,Delhi,Delhi
ORD005688,CUST0514,PROD0033,2024-01-20,5,20,70377.96,-9043.64,Debit Card,Returned,Delhi,Delhi
ORD005689,CUST0008,PROD0015,2024-09-06,3,20,27161.09,350.36,Credit Card,Cancelled,Kerala,Kochi
ORD005690,CUST0262,PROD0034,2024-03-19,1,20,17252.18,-1438.7,Net Banking,Cancelled,Assam,Guwahati
ORD005691,CUST0321,PROD0027,2025-07-06,5,0,151901.05,35712.35,Debit Card,Delivered,Bihar,Patna
ORD005692,CUST0212,PROD0031,2024-08-08,4,5,102692.53,15628.17,Credit Card,Delivered,Gujarat,Surat
ORD005693,CUST0304,PROD0013,2023-06-01,5,0,91315.9,17697.6,Net Banking,Delivered,Tamil Nadu,Coimbatore
ORD005694,CUST0051,PROD0019,2023-02-12,1,5,15897.48,1386.2,Cash on Delivery,Cancelled,Gujarat,Ahmedabad
ORD005695,CUST0382,PROD0012,2025-05-26,1,5,23922.35,3599.88,Debit Card,Delivered,Tamil Nadu,Coimbatore
ORD005696,CUST0569,PROD0023,2025-05-08,2,5,35657.93,6825.15,Credit Card,Delivered,West Bengal,Kolkata
ORD005697,CUST0381,PROD0023,2023-01-25,1,0,18767.33,4350.94,Credit Card,Delivered,Maharashtra,Mumbai
ORD005698,CUST0475,PROD0034,2024-07-27,2,0,43130.44,5748.68,Net Banking,Delivered,Maharashtra,Pune
ORD005699,CUST0367,PROD0022,2025-01-31,2,0,23964.54,5396.76,Net Banking,Delivered,Karnataka,Bangalore
ORD005700,CUST0013,PROD0019,2024-04-26,1,30,11713.93,-2797.35,Cash on Delivery,Cancelled,Uttar Pradesh,Lucknow
ORD005701,CUST0174,PROD0032,2025-01-05,1,0,11479.01,1369.52,Net Banking,Delivered,Delhi,Delhi
ORD005702,CUST0159,PROD0028,2024-04-23,2,5,14786.22,1194.06,Credit Card,Cancelled,Uttar Pradesh,Lucknow
ORD005703,CUST0165,PROD0035,2024-07-01,2,10,22577.47,1411.79,Cash on Delivery,Returned,Gujarat,Ahmedabad
ORD005704,CUST0185,PROD0009,2023-11-21,1,0,25782.26,2696.08,Net Banking,Cancelled,Maharashtra,Pune
ORD005705,CUST0323,PROD0030,2023-07-22,3,0,28401.66,2617.74,Net Banking,Cancelled,Maharashtra,Nagpur
ORD005706,CUST0401,PROD0028,2025-02-21,2,5,14786.22,1194.06,Debit Card,Delivered,Tamil Nadu,Coimbatore
ORD005707,CUST0368,PROD0015,2023-01-31,4,5,43005.06,7257.42,UPI,Delivered,Telangana,Hyderabad
ORD005708,CUST0138,PROD0016,2024-11-15,1,5,23515.23,4720.67,Cash on Delivery,Delivered,Uttar Pradesh,Lucknow
ORD005709,CUST0359,PROD0026,2023-12-25,4,15,60652.57,-3831.71,Credit Card,Cancelled,Madhya Pradesh,Bhopal
ORD005710,CUST0193,PROD0018,2025-07-28,1,0,17902.05,2831.86,Credit Card,Cancelled,Rajasthan,Jaipur
ORD005711,CUST0461,PROD0022,2023-03-15,5,5,56915.78,10496.33,Credit Card,Delivered,Delhi,Delhi
ORD005712,CUST0006,PROD0031,2023-03-14,1,0,27024.35,5258.26,Debit Card,Delivered,Karnataka,Bangalore
ORD005713,CUST0423,PROD0007,2025-05-31,1,10,12257.03,1501.94,Net Banking,Returned,Delhi,Delhi
ORD005714,CUST0457,PROD0014,2023-07-31,4,0,37723.08,4356.28,UPI,Cancelled,Madhya Pradesh,Indore
ORD005715,CUST0464,PROD0018,2024-04-19,4,0,71608.2,11327.44,Credit Card,Returned,Bihar,Patna
ORD005716,CUST0248,PROD0013,2024-06-25,3,20,43831.63,-339.35,Cash on Delivery,Returned,Maharashtra,Pune
ORD005717,CUST0419,PROD0008,2024-05-31,1,0,10757.18,1305.8,Credit Card,Delivered,Uttar Pradesh,Lucknow
ORD005718,CUST0089,PROD0022,2024-01-29,1,5,11383.16,2099.27,Credit Card,Delivered,Chandigarh,Chandigarh
ORD005719,CUST0060,PROD0025,2024-11-21,4,15,87309.99,5358.35,Credit Card,Delivered,Telangana,Hyderabad
ORD005720,CUST0491,PROD0008,2025-03-09,1,10,9681.46,230.08,Debit Card,Delivered,Bihar,Patna
ORD005721,CUST0163,PROD0024,2024-05-12,3,0,85262.25,21805.92,Credit Card,Delivered,Madhya Pradesh,Indore
ORD005722,CUST0517,PROD0032,2023-02-18,1,0,11479.01,1369.52,Credit Card,Cancelled,Karnataka,Bangalore
ORD005723,CUST0484,PROD0029,2024-03-20,1,0,20733.73,3121.67,Credit Card,Delivered,Maharashtra,Pune
ORD005724,CUST0086,PROD0026,2024-05-09,1,20,14271.19,-1849.88,Net Banking,Delivered,West Bengal,Kolkata
ORD005725,CUST0380,PROD0024,2024-02-20,2,15,48315.28,6011.06,Debit Card,Cancelled,Kerala,Kochi
ORD005726,CUST0192,PROD0003,2023-09-11,2,10,37512.25,1386.51,Cash on Delivery,Delivered,Rajasthan,Jaipur
ORD005727,CUST0440,PROD0019,2025-02-26,4,15,56896.25,-1148.87,UPI,Cancelled,Maharashtra,Pune
ORD005728,CUST0422,PROD0003,2023-10-04,2,20,33344.22,-2781.52,Cash on Delivery,Delivered,Kerala,Kochi
ORD005729,CUST0241,PROD0026,2023-08-18,1,0,17838.99,1717.92,Debit Card,Delivered,Bihar,Patna
ORD005730,CUST0377,PROD0004,2023-08-17,1,20,10526.25,-844.89,Cash on Delivery,Delivered,West Bengal,Kolkata
ORD005731,CUST0393,PROD0014,2024-12-24,1,0,9430.77,1089.07,Net Banking,Cancelled,Tamil Nadu,Coimbatore
ORD005732,CUST0327,PROD0029,2023-12-07,2,30,29027.22,-6196.9,Debit Card,Delivered,Uttar Pradesh,Lucknow
ORD005733,CUST0088,PROD0022,2024-03-05,3,0,35946.81,8095.14,Debit Card,Delivered,Uttar Pradesh,Kanpur
ORD005734,CUST0301,PROD0026,2024-12-05,1,0,17838.99,1717.92,Debit Card,Delivered,West Bengal,Kolkata
ORD005735,CUST0025,PROD0032,2023-04-19,1,0,11479.01,1369.52,Net Banking,Delivered,Maharashtra,Pune
ORD005736,CUST0235,PROD0032,2023-08-16,2,0,22958.02,2739.04,UPI,Delivered,Maharashtra,Mumbai
ORD005737,CUST0308,PROD0015,2024-11-21,1,5,10751.26,1814.35,Credit Card,Delivered,Uttar Pradesh,Lucknow
ORD005738,CUST0549,PROD0027,2025-04-09,2,0,60760.42,14284.94,UPI,Delivered,Uttar Pradesh,Kanpur
ORD005739,CUST0075,PROD0008,2023-12-07,1,0,10757.18,1305.8,Credit Card,Cancelled,Uttar Pradesh,Kanpur
ORD005740,CUST0590,PROD0007,2023-11-28,5,0,68094.6,14319.15,Cash on Delivery,Delivered,Madhya Pradesh,Indore
ORD005741,CUST0207,PROD0011,2024-04-21,2,5,6223.47,1124.21,UPI,Returned,Karnataka,Bangalore
ORD005742,CUST0366,PROD0027,2025-05-11,2,5,57722.4,11246.92,Credit Card,Delivered,Assam,Guwahati
ORD005743,CUST0276,PROD0002,2024-09-07,1,0,21096.19,4770.91,Credit Card,Returned,Maharashtra,Mumbai
ORD005744,CUST0347,PROD0030,2024-07-24,3,20,22721.33,-3062.59,Debit Card,Delivered,Madhya Pradesh,Bhopal
ORD005745,CUST0277,PROD0026,2024-02-27,3,0,53516.97,5153.76,UPI,Cancelled,Madhya Pradesh,Indore
ORD005746,CUST0045,PROD0030,2024-01-30,2,5,17987.72,798.44,Net Banking,Delivered,Bihar,Patna
ORD005747,CUST0378,PROD0001,2024-06-20,2,5,43886.45,8708.01,Credit Card,Delivered,Rajasthan,Jaipur
ORD005748,CUST0231,PROD0017,2025-02-17,1,0,24249.54,6181.18,Net Banking,Delivered,Karnataka,Bangalore
ORD005749,CUST0268,PROD0004,2023-04-29,1,0,13157.81,1786.67,UPI,Cancelled,Kerala,Kochi
ORD005750,CUST0565,PROD0027,2024-05-21,2,10,54684.38,8208.9,Cash on Delivery,Returned,Delhi,Delhi
ORD005751,CUST0462,PROD0029,2025-01-01,3,30,43540.83,-9295.35,Net Banking,Delivered,Assam,Guwahati
ORD005752,CUST0225,PROD0003,2024-01-19,2,30,29176.2,-6949.54,Cash on Delivery,Delivered,Tamil Nadu,Coimbatore
ORD005753,CUST0155,PROD0018,2024-07-04,2,0,35804.1,5663.72,Net Banking,Delivered,Gujarat,Ahmedabad
ORD005754,CUST0184,PROD0002,2023-05-11,1,0,21096.19,4770.91,UPI,Cancelled,Madhya Pradesh,Indore
ORD005755,CUST0328,PROD0012,2023-09-03,2,0,50362.84,9717.9,Debit Card,Delivered,Tamil Nadu,Coimbatore
ORD005756,CUST0521,PROD0003,2023-09-28,1,10,18756.13,693.26,UPI,Returned,Uttar Pradesh,Kanpur
ORD005757,CUST0533,PROD0013,2023-10-23,1,15,15523.7,800.04,Debit Card,Delivered,Kerala,Kochi
ORD005758,CUST0332,PROD0006,2023-03-18,2,10,21213.67,238.99,Debit Card,Returned,Madhya Pradesh,Indore
ORD005759,CUST0278,PROD0034,2024-02-01,1,10,19408.7,717.82,UPI,Delivered,Bihar,Patna
ORD005760,CUST0405,PROD0031,2025-07-15,2,15,45941.4,2409.22,UPI,Delivered,Rajasthan,Jaipur
ORD005761,CUST0443,PROD0014,2024-06-26,1,5,8959.23,617.53,Debit Card,Delivered,Gujarat,Ahmedabad
ORD005762,CUST0488,PROD0020,2024-08-18,1,0,19040.21,2570.31,Debit Card,Cancelled,Maharashtra,Nagpur
ORD005763,CUST0538,PROD0033,2024-12-28,5,30,61580.72,-17840.88,Cash on Delivery,Delivered,Tamil Nadu,Coimbatore
ORD005764,CUST0334,PROD0009,2025-04-27,4,10,92816.14,471.42,Credit Card,Delivered,Madhya Pradesh,Bhopal
ORD005765,CUST0194,PROD0026,2025-04-05,1,5,16947.04,825.97,Credit Card,Returned,Chandigarh,Chandigarh
ORD005766,CUST0290,PROD0034,2023-01-15,2,0,43130.44,5748.68,UPI,Delivered,Maharashtra,Mumbai
ORD005767,CUST0216,PROD0017,2023-04-24,1,0,24249.54,6181.18,Cash on Delivery,Cancelled,Gujarat,Surat
ORD005768,CUST0430,PROD0027,2023-09-06,1,20,24304.17,1066.43,UPI,Returned,Tamil Nadu,Coimbatore
ORD005769,CUST0596,PROD0014,2024-06-06,2,5,17918.46,1235.06,Credit Card,Delivered,Assam,Guwahati
ORD005770,CUST0273,PROD0004,2025-05-26,1,0,13157.81,1786.67,Debit Card,Returned,Bihar,Patna
ORD005771,CUST0133,PROD0004,2024-11-30,1,20,10526.25,-844.89,Net Banking,Delivered,Maharashtra,Pune
ORD005772,CUST0398,PROD0021,2023-04-30,2,0,7446.42,1767.96,Credit Card,Delivered,Madhya Pradesh,Bhopal
ORD005773,CUST0205,PROD0034,2023-02-02,1,5,20486.96,1796.08,UPI,Delivered,Kerala,Kochi
ORD005774,CUST0375,PROD0026,2024-02-11,4,10,64220.36,-263.92,Debit Card,Delivered,Delhi,Delhi
ORD005775,CUST0494,PROD0017,2024-10-12,1,0,24249.54,6181.18,UPI,Cancelled,Bihar,Patna
ORD005776,CUST0090,PROD0004,2025-07-21,2,15,22368.28,-374.0,UPI,Delivered,Maharashtra,Pune
ORD005777,CUST0540,PROD0029,2023-05-05,1,30,14513.61,-3098.45,Net Banking,Cancelled,Tamil Nadu,Coimbatore
ORD005778,CUST0327,PROD0029,2025-03-27,5,0,103668.65,15608.35,UPI,Delivered,Uttar Pradesh,Lucknow
ORD005779,CUST0285,PROD0028,2025-05-15,5,10,35019.99,1039.59,Cash on Delivery,Cancelled,Kerala,Kochi
ORD005780,CUST0423,PROD0016,2025-05-01,1,15,21039.94,2245.38,Debit Card,Returned,Delhi,Delhi
ORD005781,CUST0392,PROD0004,2023-11-30,3,0,39473.43,5360.01,Credit Card,Delivered,Tamil Nadu,Chennai
ORD005782,CUST0440,PROD0035,2024-01-14,3,0,37629.12,5880.6,Debit Card,Delivered,Maharashtra,Pune
ORD005783,CUST0388,PROD0028,2024-06-08,1,5,7393.11,597.03,UPI,Cancelled,West Bengal,Kolkata
ORD005784,CUST0350,PROD0010,2024-11-01,1,15,19878.72,-940.81,Credit Card,Delivered,Telangana,Hyderabad
ORD005785,CUST0539,PROD0006,2023-04-23,2,0,23570.74,2596.06,Net Banking,Returned,Kerala,Kochi
ORD005786,CUST0146,PROD0027,2025-04-25,1,30,21266.15,-1971.59,Credit Card,Returned,West Bengal,Kolkata
ORD005787,CUST0193,PROD0001,2025-04-26,1,0,23098.13,5508.91,Unknown,Cancelled,Rajasthan,Jaipur
ORD005788,CUST0403,PROD0001,2024-07-11,2,5,43886.45,8708.01,Debit Card,Delivered,Assam,Guwahati
ORD005789,CUST0306,PROD0003,2024-08-03,2,0,41680.28,5554.54,UPI,Returned,Uttar Pradesh,Kanpur
ORD005790,CUST0303,PROD0026,2025-07-25,3,10,48165.27,-197.94,Credit Card,Returned,Gujarat,Surat
ORD005791,CUST0184,PROD0004,2023-02-12,4,20,42104.99,-3379.57,Net Banking,Delivered,Madhya Pradesh,Indore
ORD005792,CUST0528,PROD0028,2024-11-26,2,0,15564.44,1972.28,UPI,Returned,Gujarat,Ahmedabad
ORD005793,CUST0489,PROD0035,2023-12-01,3,5,35747.66,3999.14,Credit Card,Returned,Maharashtra,Pune
ORD005794,CUST0121,PROD0031,2024-02-27,2,5,51346.26,7814.08,Net Banking,Delivered,Bihar,Patna
ORD005795,CUST0588,PROD0028,2024-01-21,5,0,38911.1,4930.7,Credit Card,Delivered,Maharashtra,Mumbai
ORD005796,CUST0234,PROD0024,2024-02-28,1,10,25578.68,4426.57,Net Banking,Cancelled,Maharashtra,Pune
ORD005797,CUST0431,PROD0002,2025-02-25,4,0,84384.76,19083.64,Credit Card,Delivered,Tamil Nadu,Chennai
ORD005798,CUST0554,PROD0018,2023-09-30,2,0,35804.1,5663.72,Debit Card,Cancelled,Rajasthan,Jaipur
ORD005799,CUST0550,PROD0001,2024-03-25,1,0,23098.13,5508.91,Net Banking,Cancelled,Kerala,Kochi
ORD005800,CUST0244,PROD0027,2023-05-07,1,20,24304.17,1066.43,Net Banking,Cancelled,Chandigarh,Chandigarh
ORD005801,CUST0248,PROD0006,2023-06-22,1,20,9428.3,-1059.04,Net Banking,Delivered,Maharashtra,Pune
ORD005802,CUST0482,PROD0025,2024-12-22,1,0,25679.41,5191.5,Net Banking,Delivered,Delhi,Delhi
ORD005803,CUST0157,PROD0026,2025-05-13,3,0,53516.97,5153.76,Cash on Delivery,Delivered,Gujarat,Ahmedabad
ORD005804,CUST0240,PROD0031,2025-06-01,3,0,81073.05,15774.78,Net Banking,Returned,Telangana,Hyderabad
ORD005805,CUST0040,PROD0004,2023-03-20,1,0,13157.81,1786.67,Cash on Delivery,Cancelled,Maharashtra,Nagpur
ORD005806,CUST0507,PROD0013,2025-04-23,1,20,14610.54,-113.12,UPI,Cancelled,Delhi,Delhi
ORD005807,CUST0346,PROD0022,2024-07-13,2,30,16775.18,-1792.6,Credit Card,Delivered,Tamil Nadu,Chennai
ORD005808,CUST0013,PROD0028,2023-12-15,2,0,15564.44,1972.28,UPI,Delivered,Uttar Pradesh,Lucknow
ORD005809,CUST0010,PROD0017,2024-09-03,2,0,48499.08,12362.36,Credit Card,Returned,Bihar,Patna
ORD005810,CUST0249,PROD0002,2023-12-24,2,5,40082.76,7432.2,Cash on Delivery,Delivered,Rajasthan,Jaipur
ORD005811,CUST0306,PROD0005,2024-02-18,1,5,9881.51,1309.06,UPI,Delivered,Uttar Pradesh,Kanpur
ORD005812,CUST0310,PROD0018,2024-04-24,2,15,30433.48,293.1,UPI,Delivered,Telangana,Hyderabad
ORD005813,CUST0151,PROD0023,2024-07-07,1,10,16890.6,2474.21,Unknown,Delivered,Gujarat,Surat
ORD005814,CUST0310,PROD0019,2025-06-08,1,30,11713.93,-2797.35,Net Banking,Delivered,Telangana,Hyderabad
ORD005815,CUST0542,PROD0017,2023-04-02,4,10,87298.34,15024.9,Debit Card,Delivered,Bihar,Patna
ORD005816,CUST0299,PROD0033,2023-10-08,5,5,83573.83,4152.23,UPI,Delivered,Gujarat,Surat
ORD005817,CUST0409,PROD0035,2023-11-18,1,10,11288.74,705.9,Debit Card,Cancelled,Madhya Pradesh,Indore
ORD005818,CUST0488,PROD0011,2024-06-15,2,20,5240.82,141.56,Cash on Delivery,Delivered,Maharashtra,Nagpur
ORD005819,CUST0456,PROD0022,2025-04-25,1,5,11383.16,2099.27,Cash on Delivery,Returned,Maharashtra,Pune
ORD005820,CUST0211,PROD0001,2024-06-30,1,5,21943.22,4354.0,Debit Card,Delivered,Madhya Pradesh,Indore
ORD005821,CUST0398,PROD0029,2025-03-06,2,5,39394.09,4169.97,Debit Card,Delivered,Madhya Pradesh,Bhopal
ORD005822,CUST0334,PROD0003,2024-02-06,2,0,41680.28,5554.54,Credit Card,Delivered,Madhya Pradesh,Bhopal
ORD005823,CUST0263,PROD0007,2023-11-01,3,5,38813.92,6548.65,Debit Card,Returned,Maharashtra,Mumbai
ORD005824,CUST0531,PROD0008,2023-10-28,1,5,10219.32,767.94,UPI,Delivered,Kerala,Kochi
ORD005825,CUST0580,PROD0001,2023-06-18,1,5,21943.22,4354.0,Credit Card,Delivered,Delhi,Delhi
ORD005826,CUST0368,PROD0024,2023-05-15,5,5,134998.56,29238.01,Credit Card,Delivered,Telangana,Hyderabad
ORD005827,CUST0546,PROD0020,2025-02-05,1,5,18088.2,1618.3,UPI,Delivered,Madhya Pradesh,Bhopal
ORD005828,CUST0291,PROD0029,2024-11-23,1,20,16586.98,-1025.08,Net Banking,Delivered,Maharashtra,Pune
ORD005829,CUST0471,PROD0024,2025-07-20,4,5,107998.85,23390.41,Credit Card,Delivered,Kerala,Kochi
ORD005830,CUST0139,PROD0019,2023-07-18,1,30,11713.93,-2797.35,Cash on Delivery,Delivered,West Bengal,Kolkata
ORD005831,CUST0586,PROD0022,2024-05-04,1,0,11982.27,2698.38,UPI,Delivered,Delhi,Delhi
ORD005832,CUST0595,PROD0010,2024-06-25,1,0,23386.73,2567.2,UPI,Returned,Rajasthan,Jaipur
ORD005833,CUST0076,PROD0004,2024-08-02,1,15,11184.14,-187.0,Net Banking,Delivered,Gujarat,Surat
ORD005834,CUST0126,PROD0034,2023-04-04,1,5,20486.96,1796.08,UPI,Cancelled,Kerala,Kochi
ORD005835,CUST0250,PROD0033,2023-09-26,1,0,17594.49,1710.17,UPI,Delivered,Chandigarh,Chandigarh
ORD005836,CUST0223,PROD0018,2023-04-22,1,5,17006.95,1936.76,Net Banking,Delivered,Tamil Nadu,Chennai
ORD005837,CUST0591,PROD0016,2023-09-15,2,0,49505.74,11916.62,Debit Card,Delivered,Madhya Pradesh,Bhopal
ORD005838,CUST0175,PROD0025,2024-02-18,2,0,51358.82,10383.0,Debit Card,Delivered,West Bengal,Kolkata
ORD005839,CUST0564,PROD0035,2025-04-13,2,30,17560.26,-3605.42,Cash on Delivery,Delivered,Tamil Nadu,Coimbatore
ORD005840,CUST0530,PROD0022,2023-09-29,1,10,10784.04,1500.15,Cash on Delivery,Delivered,Maharashtra,Nagpur
ORD005841,CUST0141,PROD0016,2025-05-14,4,0,99011.48,23833.24,Cash on Delivery,Returned,Maharashtra,Nagpur
ORD005842,CUST0360,PROD0022,2025-07-20,2,5,22766.31,4198.53,Debit Card,Delivered,Uttar Pradesh,Lucknow
ORD005843,CUST0406,PROD0029,2024-12-10,3,5,59091.13,6254.95,Net Banking,Delivered,Tamil Nadu,Chennai
ORD005844,CUST0188,PROD0017,2025-05-20,1,20,19399.63,1331.27,Credit Card,Cancelled,Maharashtra,Pune
ORD005845,CUST0111,PROD0017,2024-09-19,1,0,24249.54,6181.18,Net Banking,Cancelled,Rajasthan,Jaipur
ORD005846,CUST0517,PROD0028,2023-05-13,1,10,7004.0,207.92,Net Banking,Delivered,Karnataka,Bangalore
ORD005847,CUST0518,PROD0005,2023-07-14,1,0,10401.59,1829.14,Net Banking,Returned,Uttar Pradesh,Lucknow
ORD005848,CUST0020,PROD0028,2025-03-01,1,0,7782.22,986.14,Net Banking,Delivered,Maharashtra,Nagpur
ORD005849,CUST0333,PROD0030,2024-12-12,3,15,24141.41,-1642.51,Cash on Delivery,Delivered,Maharashtra,Pune
ORD005850,CUST0498,PROD0031,2023-01-26,1,20,21619.48,-146.61,UPI,Returned,Madhya Pradesh,Indore
ORD005851,CUST0088,PROD0001,2025-04-30,2,0,46196.26,11017.82,Debit Card,Cancelled,Uttar Pradesh,Kanpur
ORD005852,CUST0098,PROD0018,2025-06-23,1,0,17902.05,2831.86,Credit Card,Delivered,West Bengal,Kolkata
ORD005853,CUST0514,PROD0012,2024-05-23,2,10,45326.56,4681.62,Credit Card,Delivered,Delhi,Delhi
ORD005854,CUST0119,PROD0025,2025-01-22,2,0,51358.82,10383.0,Net Banking,Cancelled,Tamil Nadu,Chennai
ORD005855,CUST0461,PROD0028,2023-01-07,1,0,7782.22,986.14,Credit Card,Cancelled,Delhi,Delhi
ORD005856,CUST0393,PROD0005,2025-02-23,1,15,8841.35,268.9,Net Banking,Delivered,Tamil Nadu,Coimbatore
ORD005857,CUST0338,PROD0026,2023-01-25,1,20,14271.19,-1849.88,Credit Card,Returned,Assam,Guwahati
ORD005858,CUST0510,PROD0020,2023-07-11,1,5,18088.2,1618.3,Cash on Delivery,Delivered,Maharashtra,Pune
ORD005859,CUST0248,PROD0032,2025-06-06,4,0,45916.04,5478.08,Cash on Delivery,Returned,Maharashtra,Pune
ORD005860,CUST0277,PROD0031,2024-06-22,3,10,72965.74,7667.47,Credit Card,Delivered,Madhya Pradesh,Indore
ORD005861,CUST0299,PROD0027,2024-11-20,1,0,30380.21,7142.47,UPI,Cancelled,Gujarat,Surat
ORD005862,CUST0554,PROD0035,2024-05-05,1,30,8780.13,-1802.71,Net Banking,Delivered,Rajasthan,Jaipur
ORD005863,CUST0594,PROD0025,2025-02-21,2,0,51358.82,10383.0,Cash on Delivery,Delivered,Gujarat,Ahmedabad
ORD005864,CUST0034,PROD0031,2023-10-05,1,0,27024.35,5258.26,Net Banking,Delivered,Maharashtra,Pune
ORD005865,CUST0590,PROD0026,2023-04-14,2,10,32110.18,-131.96,Credit Card,Cancelled,Madhya Pradesh,Indore
ORD005866,CUST0115,PROD0021,2024-10-27,3,0,11169.63,2651.94,Net Banking,Returned,Karnataka,Bangalore
ORD005867,CUST0292,PROD0026,2025-03-06,1,0,17838.99,1717.92,Debit Card,Delivered,Telangana,Hyderabad
ORD005868,CUST0395,PROD0025,2024-02-23,3,10,69334.41,7870.68,Net Banking,Delivered,Bihar,Patna
ORD005869,CUST0386,PROD0005,2024-02-12,1,20,8321.27,-251.18,Net Banking,Delivered,Maharashtra,Pune
ORD005870,CUST0505,PROD0019,2023-09-05,2,10,30121.54,1098.98,Credit Card,Delivered,Maharashtra,Nagpur
ORD005871,CUST0535,PROD0020,2025-03-25,2,0,38080.42,5140.62,UPI,Delivered,Rajasthan,Jaipur
ORD005872,CUST0412,PROD0024,2025-07-24,2,0,56841.5,14537.28,Credit Card,Delivered,Uttar Pradesh,Lucknow
ORD005873,CUST0034,PROD0014,2024-11-20,1,0,9430.77,1089.07,Credit Card,Delivered,Maharashtra,Pune
ORD005874,CUST0083,PROD0015,2023-04-20,4,5,43005.06,7257.42,Net Banking,Delivered,Chandigarh,Chandigarh
ORD005875,CUST0306,PROD0006,2023-11-30,1,20,9428.3,-1059.04,Cash on Delivery,Delivered,Uttar Pradesh,Kanpur
ORD005876,CUST0310,PROD0027,2023-03-16,2,0,60760.42,14284.94,Net Banking,Delivered,Telangana,Hyderabad
ORD005877,CUST0167,PROD0008,2025-01-17,4,10,38725.85,920.33,Net Banking,Delivered,Bihar,Patna
ORD005878,CUST0544,PROD0030,2024-11-16,1,5,8993.86,399.22,Credit Card,Delivered,Telangana,Hyderabad
ORD005879,CUST0121,PROD0004,2023-11-05,1,0,13157.81,1786.67,Debit Card,Cancelled,Bihar,Patna
ORD005880,CUST0268,PROD0020,2024-04-22,1,5,18088.2,1618.3,Credit Card,Delivered,Kerala,Kochi
ORD005881,CUST0074,PROD0009,2023-09-18,2,0,51564.52,5392.16,Net Banking,Delivered,Maharashtra,Mumbai
ORD005882,CUST0129,PROD0019,2024-08-17,2,0,33468.38,4445.82,Credit Card,Delivered,Chandigarh,Chandigarh
ORD005883,CUST0485,PROD0011,2024-04-28,3,0,9826.53,2177.64,Net Banking,Returned,Assam,Guwahati
ORD005884,CUST0274,PROD0024,2025-01-01,1,15,24157.64,3005.53,Credit Card,Cancelled,Tamil Nadu,Coimbatore
ORD005885,CUST0522,PROD0033,2024-10-27,1,5,16714.77,830.45,Cash on Delivery,Delivered,Rajasthan,Jaipur
ORD005886,CUST0538,PROD0009,2023-10-24,4,15,87659.68,-4685.04,Credit Card,Delivered,Tamil Nadu,Coimbatore
ORD005887,CUST0467,PROD0003,2025-05-21,1,0,20840.14,2777.27,Net Banking,Returned,Gujarat,Ahmedabad
ORD005888,CUST0563,PROD0031,2024-02-13,1,5,25673.13,3907.04,Net Banking,Delivered,West Bengal,Kolkata
ORD005889,CUST0042,PROD0026,2025-05-28,3,15,45489.42,-2873.79,UPI,Delivered,Assam,Guwahati
ORD005890,CUST0111,PROD0021,2025-01-18,1,5,3537.05,697.82,Cash on Delivery,Delivered,Rajasthan,Jaipur
ORD005891,CUST0042,PROD0017,2023-10-27,1,5,23037.06,4968.7,Cash on Delivery,Delivered,Assam,Guwahati
ORD005892,CUST0058,PROD0027,2025-03-03,4,30,85064.59,-7886.37,Cash on Delivery,Returned,Kerala,Kochi
ORD005893,CUST0299,PROD0001,2024-09-14,2,10,41576.63,6398.19,Debit Card,Cancelled,Gujarat,Surat
ORD005894,CUST0095,PROD0005,2025-04-06,3,5,29644.53,3927.18,Debit Card,Delivered,Delhi,Delhi
ORD005895,CUST0184,PROD0005,2023-02-03,2,10,18722.86,1577.96,UPI,Delivered,Madhya Pradesh,Indore
ORD005896,CUST0344,PROD0025,2024-08-20,2,10,46222.94,5247.12,Debit Card,Delivered,West Bengal,Kolkata
ORD005897,CUST0494,PROD0020,2023-01-08,1,0,19040.21,2570.31,Credit Card,Returned,Bihar,Patna
ORD005898,CUST0074,PROD0002,2023-05-09,1,5,20041.38,3716.1,Debit Card,Delivered,Maharashtra,Mumbai
ORD005899,CUST0295,PROD0012,2023-12-21,1,0,25181.42,4858.95,Cash on Delivery,Delivered,Tamil Nadu,Chennai
ORD005900,CUST0471,PROD0020,2025-06-07,1,0,19040.21,2570.31,UPI,Delivered,Kerala,Kochi
ORD005901,CUST0060,PROD0001,2024-09-26,1,5,21943.22,4354.0,Cash on Delivery,Returned,Telangana,Hyderabad
ORD005902,CUST0484,PROD0028,2023-09-07,3,0,23346.66,2958.42,Debit Card,Delivered,Maharashtra,Pune
ORD005903,CUST0056,PROD0008,2023-05-23,2,5,20438.64,1535.88,Credit Card,Delivered,Maharashtra,Nagpur
ORD005904,CUST0326,PROD0015,2025-02-05,1,0,11317.12,2380.21,Credit Card,Delivered,Uttar Pradesh,Kanpur
ORD005905,CUST0145,PROD0020,2024-11-22,2,5,36176.4,3236.6,Credit Card,Returned,Telangana,Hyderabad
ORD005906,CUST0345,PROD0019,2023-09-24,1,0,16734.19,2222.91,Cash on Delivery,Cancelled,Kerala,Kochi
ORD005907,CUST0255,PROD0012,2023-07-07,2,0,50362.84,9717.9,Debit Card,Delivered,Karnataka,Bangalore
ORD005908,CUST0160,PROD0001,2025-04-05,1,20,18478.5,889.28,Credit Card,Returned,Rajasthan,Jaipur
ORD005909,CUST0398,PROD0035,2025-06-14,1,10,11288.74,705.9,Cash on Delivery,Returned,Madhya Pradesh,Bhopal
ORD005910,CUST0310,PROD0003,2025-03-18,2,0,41680.28,5554.54,Cash on Delivery,Cancelled,Telangana,Hyderabad
ORD005911,CUST0074,PROD0023,2024-12-06,1,20,15013.86,597.47,Credit Card,Delivered,Maharashtra,Mumbai
ORD005912,CUST0561,PROD0009,2023-01-04,1,10,23204.03,117.85,Net Banking,Returned,Telangana,Hyderabad
ORD005913,CUST0491,PROD0023,2023-03-05,1,10,16890.6,2474.21,UPI,Delivered,Bihar,Patna
ORD005914,CUST0056,PROD0010,2024-06-09,1,0,23386.73,2567.2,UPI,Returned,Maharashtra,Nagpur
ORD005915,CUST0100,PROD0012,2023-07-16,5,0,125907.1,24294.75,Debit Card,Returned,Maharashtra,Pune
ORD005916,CUST0448,PROD0027,2023-06-17,2,0,60760.42,14284.94,Net Banking,Delivered,Gujarat,Surat
ORD005917,CUST0502,PROD0018,2024-01-29,2,5,34013.89,3873.51,Debit Card,Cancelled,Maharashtra,Nagpur
ORD005918,CUST0022,PROD0029,2023-09-05,1,15,17623.67,11.61,Cash on Delivery,Delivered,Tamil Nadu,Coimbatore
ORD005919,CUST0272,PROD0024,2023-12-25,1,5,26999.71,5847.6,Cash on Delivery,Delivered,Maharashtra,Nagpur
ORD005920,CUST0491,PROD0012,2024-07-04,2,0,50362.84,9717.9,Cash on Delivery,Returned,Bihar,Patna
ORD005921,CUST0082,PROD0022,2024-08-23,1,0,11982.27,2698.38,Net Banking,Cancelled,Kerala,Kochi
ORD005922,CUST0457,PROD0020,2024-04-01,1,0,19040.21,2570.31,UPI,Delivered,Madhya Pradesh,Indore
ORD005923,CUST0018,PROD0002,2024-09-10,3,0,63288.57,14312.73,Net Banking,Delivered,Delhi,Delhi
ORD005924,CUST0480,PROD0014,2023-06-19,1,5,8959.23,617.53,UPI,Delivered,Gujarat,Surat
ORD005925,CUST0491,PROD0005,2023-10-10,1,0,10401.59,1829.14,Net Banking,Delivered,Bihar,Patna
ORD005926,CUST0079,PROD0019,2023-08-07,2,5,31794.96,2772.4,Debit Card,Delivered,Madhya Pradesh,Bhopal
ORD005927,CUST0582,PROD0002,2023-10-03,1,20,16876.95,551.67,Debit Card,Delivered,Karnataka,Bangalore
ORD005928,CUST0435,PROD0016,2024-04-01,1,15,21039.94,2245.38,Debit Card,Delivered,Telangana,Hyderabad
ORD005929,CUST0301,PROD0004,2025-01-20,1,30,9210.47,-2160.67,Net Banking,Delivered,West Bengal,Kolkata
ORD005930,CUST0417,PROD0032,2024-01-05,1,0,11479.01,1369.52,Net Banking,Delivered,Kerala,Kochi
ORD005931,CUST0595,PROD0009,2023-12-03,1,0,25782.26,2696.08,Cash on Delivery,Delivered,Rajasthan,Jaipur
ORD005932,CUST0148,PROD0016,2024-03-29,3,0,74258.61,17874.93,Debit Card,Delivered,Karnataka,Bangalore
ORD005933,CUST0344,PROD0020,2023-04-01,1,0,19040.21,2570.31,Debit Card,Delivered,West Bengal,Kolkata
ORD005934,CUST0550,PROD0022,2023-04-16,1,0,11982.27,2698.38,Unknown,Delivered,Kerala,Kochi
ORD005935,CUST0193,PROD0024,2025-04-09,1,15,24157.64,3005.53,Cash on Delivery,Cancelled,Rajasthan,Jaipur
ORD005936,CUST0494,PROD0017,2024-12-12,1,0,24249.54,6181.18,Credit Card,Delivered,Bihar,Patna
ORD005937,CUST0124,PROD0024,2023-09-28,1,5,26999.71,5847.6,Net Banking,Cancelled,Gujarat,Surat
ORD005938,CUST0599,PROD0005,2025-07-02,1,15,8841.35,268.9,Net Banking,Delivered,Bihar,Patna
ORD005939,CUST0127,PROD0009,2023-11-03,3,10,69612.1,353.56,UPI,Delivered,Uttar Pradesh,Lucknow
ORD005940,CUST0239,PROD0019,2024-09-15,4,5,63589.92,5544.8,Cash on Delivery,Delivered,Kerala,Kochi
ORD005941,CUST0493,PROD0011,2023-04-20,1,20,2620.41,70.78,Credit Card,Delivered,Maharashtra,Mumbai
ORD005942,CUST0053,PROD0013,2024-03-13,1,5,17350.02,2626.36,UPI,Delivered,Telangana,Hyderabad
ORD005943,CUST0300,PROD0020,2023-10-28,2,0,38080.42,5140.62,Cash on Delivery,Delivered,Maharashtra,Nagpur
ORD005944,CUST0231,PROD0020,2023-04-17,2,5,36176.4,3236.6,Cash on Delivery,Delivered,Karnataka,Bangalore
ORD005945,CUST0148,PROD0024,2024-10-18,2,0,56841.5,14537.28,Credit Card,Delivered,Karnataka,Bangalore
ORD005946,CUST0469,PROD0035,2024-10-25,1,5,11915.89,1333.05,Net Banking,Cancelled,Maharashtra,Nagpur
ORD005947,CUST0403,PROD0018,2024-12-29,2,15,30433.48,293.1,Cash on Delivery,Delivered,Assam,Guwahati
ORD005948,CUST0396,PROD0031,2024-03-31,1,15,22970.7,1204.61,Net Banking,Cancelled,Gujarat,Surat
ORD005949,CUST0597,PROD0004,2025-01-28,1,0,13157.81,1786.67,Cash on Delivery,Delivered,Uttar Pradesh,Lucknow
ORD005950,CUST0420,PROD0035,2024-04-05,1,0,12543.04,1960.2,Cash on Delivery,Delivered,Maharashtra,Nagpur
ORD005951,CUST0462,PROD0024,2024-01-24,1,0,28420.75,7268.64,UPI,Delivered,Assam,Guwahati
ORD005952,CUST0303,PROD0013,2023-08-10,1,0,18263.18,3539.52,Net Banking,Delivered,Gujarat,Surat
ORD005953,CUST0528,PROD0034,2023-10-02,1,5,20486.96,1796.08,Cash on Delivery,Delivered,Gujarat,Ahmedabad
ORD005954,CUST0125,PROD0029,2024-04-23,1,10,18660.36,1048.3,Cash on Delivery,Delivered,Delhi,Delhi
ORD005955,CUST0002,PROD0027,2025-04-18,1,0,30380.21,7142.47,Cash on Delivery,Delivered,Rajasthan,Jaipur
ORD005956,CUST0066,PROD0028,2025-01-07,3,15,19844.66,-543.58,Credit Card,Delivered,Tamil Nadu,Chennai
ORD005957,CUST0437,PROD0011,2023-02-27,2,5,6223.47,1124.21,Cash on Delivery,Delivered,Gujarat,Surat
ORD005958,CUST0428,PROD0016,2024-12-28,1,0,24752.87,5958.31,Credit Card,Delivered,Gujarat,Surat
ORD005959,CUST0453,PROD0031,2023-09-04,5,0,135121.75,26291.3,Cash on Delivery,Cancelled,Kerala,Kochi
ORD005960,CUST0345,PROD0028,2023-10-27,5,0,38911.1,4930.7,Debit Card,Cancelled,Kerala,Kochi
ORD005961,CUST0225,PROD0011,2024-01-04,2,20,5240.82,141.56,Credit Card,Delivered,Tamil Nadu,Coimbatore
ORD005962,CUST0559,PROD0020,2024-02-21,3,0,57120.63,7710.93,UPI,Delivered,Uttar Pradesh,Kanpur
ORD005963,CUST0340,PROD0018,2024-01-11,2,5,34013.89,3873.51,Net Banking,Delivered,Madhya Pradesh,Indore
ORD005964,CUST0258,PROD0030,2025-05-09,1,5,8993.86,399.22,Cash on Delivery,Delivered,Karnataka,Bangalore
ORD005965,CUST0044,PROD0002,2023-09-10,1,20,16876.95,551.67,Debit Card,Returned,Madhya Pradesh,Bhopal
ORD005966,CUST0007,PROD0012,2024-11-16,1,20,20145.14,-177.33,Debit Card,Returned,Chandigarh,Chandigarh
ORD005967,CUST0132,PROD0030,2023-11-17,5,10,42602.49,-370.71,Credit Card,Returned,Karnataka,Bangalore
ORD005968,CUST0089,PROD0003,2025-02-10,1,5,19798.13,1735.26,Credit Card,Returned,Chandigarh,Chandigarh
ORD005969,CUST0189,PROD0015,2023-10-18,3,0,33951.36,7140.63,Cash on Delivery,Returned,Bihar,Patna
ORD005970,CUST0135,PROD0016,2024-01-22,3,10,66832.75,10449.07,UPI,Delivered,Tamil Nadu,Coimbatore
ORD005971,CUST0359,PROD0012,2024-06-23,2,0,50362.84,9717.9,Credit Card,Returned,Madhya Pradesh,Bhopal
ORD005972,CUST0259,PROD0029,2023-06-06,1,20,16586.98,-1025.08,Debit Card,Delivered,Uttar Pradesh,Lucknow
ORD005973,CUST0582,PROD0002,2023-07-14,2,0,42192.38,9541.82,Debit Card,Cancelled,Karnataka,Bangalore
ORD005974,CUST0584,PROD0010,2024-08-12,1,5,22217.39,1397.86,Debit Card,Delivered,Telangana,Hyderabad
ORD005975,CUST0284,PROD0026,2025-06-11,4,0,71355.96,6871.68,Credit Card,Delivered,Karnataka,Bangalore
ORD005976,CUST0106,PROD0007,2024-07-31,2,0,27237.84,5727.66,Cash on Delivery,Delivered,Telangana,Hyderabad
ORD005977,CUST0226,PROD0023,2023-11-07,1,30,13137.13,-1279.26,UPI,Returned,Maharashtra,Pune
ORD005978,CUST0433,PROD0020,2024-07-23,1,30,13328.15,-3141.75,UPI,Cancelled,Karnataka,Bangalore
ORD005979,CUST0024,PROD0018,2023-01-19,1,5,17006.95,1936.76,Credit Card,Delivered,Karnataka,Bangalore
ORD005980,CUST0552,PROD0034,2024-11-11,3,15,54991.31,-1081.33,Cash on Delivery,Delivered,Telangana,Hyderabad
ORD005981,CUST0009,PROD0006,2025-01-25,1,10,10606.83,119.49,UPI,Cancelled,Kerala,Kochi
ORD005982,CUST0292,PROD0023,2023-03-27,4,20,60055.46,2389.9,Credit Card,Delivered,Telangana,Hyderabad
ORD005983,CUST0466,PROD0004,2024-10-25,1,0,13157.81,1786.67,Net Banking,Returned,Gujarat,Ahmedabad
ORD005984,CUST0305,PROD0013,2025-05-09,1,10,16436.86,1713.2,UPI,Cancelled,Assam,Guwahati
ORD005985,CUST0167,PROD0005,2024-12-23,5,20,41606.36,-1255.89,Net Banking,Delivered,Bihar,Patna
ORD005986,CUST0024,PROD0017,2024-06-04,2,5,46074.13,9937.41,Net Banking,Delivered,Karnataka,Bangalore
ORD005987,CUST0054,PROD0024,2024-09-08,1,0,28420.75,7268.64,Cash on Delivery,Returned,Tamil Nadu,Chennai
ORD005988,CUST0037,PROD0014,2024-05-03,2,5,17918.46,1235.06,Cash on Delivery,Returned,Uttar Pradesh,Lucknow
ORD005989,CUST0021,PROD0016,2023-12-08,1,5,23515.23,4720.67,Cash on Delivery,Delivered,Gujarat,Surat
ORD005990,CUST0289,PROD0007,2023-07-06,1,0,13618.92,2863.83,Unknown,Returned,Maharashtra,Pune
ORD005991,CUST0564,PROD0006,2023-05-28,1,0,11785.37,1298.03,Cash on Delivery,Delivered,Tamil Nadu,Coimbatore
ORD005992,CUST0409,PROD0021,2024-05-19,1,30,2606.25,-232.98,Cash on Delivery,Cancelled,Madhya Pradesh,Indore
ORD005993,CUST0228,PROD0005,2025-03-20,2,0,20803.18,3658.28,Credit Card,Delivered,Gujarat,Ahmedabad
ORD005994,CUST0138,PROD0017,2023-08-05,1,0,24249.54,6181.18,UPI,Cancelled,Uttar Pradesh,Lucknow
ORD005995,CUST0279,PROD0031,2025-01-24,1,10,24321.92,2555.83,Cash on Delivery,Cancelled,Rajasthan,Jaipur
ORD005996,CUST0230,PROD0020,2025-05-07,1,5,18088.2,1618.3,Net Banking,Cancelled,Tamil Nadu,Coimbatore
ORD005997,CUST0501,PROD0012,2023-11-09,1,15,21404.21,1081.74,Cash on Delivery,Delivered,Madhya Pradesh,Bhopal
ORD005998,CUST0561,PROD0028,2023-07-23,1,5,7393.11,597.03,Credit Card,Delivered,Telangana,Hyderabad
ORD005999,CUST0405,PROD0011,2024-11-21,1,20,2620.41,70.78,Net Banking,Delivered,Rajasthan,Jaipur
ORD006000,CUST0464,PROD0029,2025-06-04,1,0,20733.73,3121.67,Net Banking,Cancelled,Bihar,Patna
ORD006001,CUST0524,PROD0034,2023-02-03,2,0,43130.44,5748.68,Cash on Delivery,Returned,Madhya Pradesh,Bhopal
ORD006002,CUST0260,PROD0022,2023-01-19,1,15,10184.93,901.04,UPI,Returned,Madhya Pradesh,Indore
ORD006003,CUST0392,PROD0007,2025-06-04,1,15,11576.08,820.99,Credit Card,Delivered,Tamil Nadu,Chennai
ORD006004,CUST0545,PROD0012,2023-04-07,4,10,90653.11,9363.23,Cash on Delivery,Cancelled,Delhi,Delhi
ORD006005,CUST0183,PROD0011,2024-01-10,2,15,5568.37,469.11,Cash on Delivery,Delivered,Uttar Pradesh,Lucknow
ORD006006,CUST0520,PROD0035,2024-04-01,2,15,21323.17,157.49,Net Banking,Delivered,Kerala,Kochi
ORD006007,CUST0084,PROD0003,2023-05-28,1,5,19798.13,1735.26,Cash on Delivery,Returned,Madhya Pradesh,Indore
ORD006008,CUST0075,PROD0001,2023-10-11,1,0,23098.13,5508.91,Cash on Delivery,Delivered,Uttar Pradesh,Kanpur
ORD006009,CUST0380,PROD0011,2023-08-05,1,5,3111.73,562.1,Cash on Delivery,Delivered,Kerala,Kochi
ORD006010,CUST0468,PROD0033,2024-12-28,2,0,35188.98,3420.34,Unknown,Cancelled,Rajasthan,Jaipur
ORD006011,CUST0518,PROD0030,2023-08-21,1,20,7573.78,-1020.86,Net Banking,Cancelled,Uttar Pradesh,Lucknow
ORD006012,CUST0179,PROD0005,2023-09-14,2,10,18722.86,1577.96,UPI,Delivered,Gujarat,Ahmedabad
ORD006013,CUST0020,PROD0018,2023-04-27,1,0,17902.05,2831.86,Net Banking,Delivered,Maharashtra,Nagpur
ORD006014,CUST0599,PROD0027,2025-01-08,1,5,28861.2,5623.46,Cash on Delivery,Delivered,Bihar,Patna
ORD006015,CUST0452,PROD0014,2024-09-09,2,20,15089.23,-1594.17,Debit Card,Delivered,Uttar Pradesh,Kanpur
ORD006016,CUST0573,PROD0020,2023-05-04,1,5,18088.2,1618.3,Net Banking,Delivered,Gujarat,Ahmedabad
ORD006017,CUST0486,PROD0007,2024-11-28,1,0,13618.92,2863.83,Credit Card,Delivered,Tamil Nadu,Chennai
ORD006018,CUST0017,PROD0013,2023-09-12,1,0,18263.18,3539.52,UPI,Returned,Uttar Pradesh,Kanpur
ORD006019,CUST0582,PROD0006,2023-03-21,2,15,20035.13,-939.55,UPI,Delivered,Karnataka,Bangalore
ORD006020,CUST0402,PROD0001,2023-03-11,1,10,20788.32,3199.1,Net Banking,Cancelled,Karnataka,Bangalore
ORD006021,CUST0172,PROD0002,2024-11-11,2,10,37973.14,5322.58,Credit Card,Returned,Gujarat,Ahmedabad
ORD006022,CUST0200,PROD0031,2024-12-19,1,10,24321.92,2555.83,Debit Card,Delivered,Uttar Pradesh,Lucknow
ORD006023,CUST0416,PROD0021,2024-01-27,1,0,3723.21,883.98,Cash on Delivery,Cancelled,Maharashtra,Nagpur
ORD006024,CUST0127,PROD0010,2023-01-14,1,30,16370.71,-4448.82,UPI,Delivered,Uttar Pradesh,Lucknow
ORD006025,CUST0110,PROD0019,2025-02-21,1,5,15897.48,1386.2,UPI,Delivered,Gujarat,Ahmedabad
ORD006026,CUST0568,PROD0010,2024-07-23,2,20,37418.77,-4220.29,Debit Card,Returned,Kerala,Kochi
ORD006027,CUST0267,PROD0031,2023-05-24,3,0,81073.05,15774.78,Net Banking,Cancelled,Madhya Pradesh,Indore
ORD006028,CUST0187,PROD0012,2024-11-24,1,10,22663.28,2340.81,Cash on Delivery,Delivered,Delhi,Delhi
ORD006029,CUST0046,PROD0017,2025-01-16,2,10,43649.17,7512.45,Net Banking,Cancelled,Gujarat,Ahmedabad
ORD006030,CUST0563,PROD0003,2023-07-03,3,5,59394.4,5205.79,Cash on Delivery,Delivered,West Bengal,Kolkata
ORD006031,CUST0578,PROD0026,2024-07-24,1,20,14271.19,-1849.88,Debit Card,Delivered,Maharashtra,Pune
ORD006032,CUST0109,PROD0014,2023-10-22,3,10,25463.08,437.98,Net Banking,Delivered,West Bengal,Kolkata
ORD006033,CUST0589,PROD0017,2023-11-01,1,0,24249.54,6181.18,Cash on Delivery,Delivered,Madhya Pradesh,Bhopal
ORD006034,CUST0478,PROD0012,2024-04-27,3,0,75544.26,14576.85,Net Banking,Delivered,Telangana,Hyderabad
ORD006035,CUST0392,PROD0029,2023-01-23,2,5,39394.09,4169.97,UPI,Delivered,Tamil Nadu,Chennai
ORD006036,CUST0356,PROD0017,2023-09-16,1,0,24249.54,6181.18,Cash on Delivery,Delivered,Gujarat,Ahmedabad
ORD006037,CUST0376,PROD0020,2023-07-10,1,0,19040.21,2570.31,Cash on Delivery,Delivered,Telangana,Hyderabad
ORD006038,CUST0104,PROD0025,2023-09-06,2,20,41087.06,111.24,Cash on Delivery,Delivered,Bihar,Patna
ORD006039,CUST0304,PROD0010,2024-09-09,4,0,93546.92,10268.8,Credit Card,Returned,Tamil Nadu,Coimbatore
ORD006040,CUST0141,PROD0014,2024-03-20,2,10,16975.39,291.99,Net Banking,Delivered,Maharashtra,Nagpur
ORD006041,CUST0347,PROD0017,2023-10-02,1,5,23037.06,4968.7,Credit Card,Cancelled,Madhya Pradesh,Bhopal
ORD006042,CUST0016,PROD0014,2023-03-29,2,0,18861.54,2178.14,Debit Card,Delivered,Maharashtra,Nagpur
ORD006043,CUST0208,PROD0032,2025-06-29,2,20,18366.42,-1852.56,Debit Card,Returned,Uttar Pradesh,Lucknow
ORD006044,CUST0075,PROD0019,2024-06-12,2,30,23427.87,-5594.69,Credit Card,Delivered,Uttar Pradesh,Kanpur
ORD006045,CUST0480,PROD0023,2024-03-31,1,0,18767.33,4350.94,Debit Card,Returned,Gujarat,Surat
ORD006046,CUST0289,PROD0002,2025-05-05,1,0,21096.19,4770.91,Debit Card,Returned,Maharashtra,Pune
ORD006047,CUST0430,PROD0003,2024-05-17,1,5,19798.13,1735.26,UPI,Delivered,Tamil Nadu,Coimbatore
ORD006048,CUST0046,PROD0032,2023-08-19,4,20,36732.83,-3705.13,Debit Card,Delivered,Gujarat,Ahmedabad
ORD006049,CUST0243,PROD0025,2023-01-17,2,15,43655.0,2679.18,Debit Card,Returned,Bihar,Patna
ORD006050,CUST0543,PROD0033,2024-04-13,1,10,15835.04,-49.28,Cash on Delivery,Delivered,Gujarat,Surat
ORD006051,CUST0547,PROD0030,2024-01-06,1,0,9467.22,872.58,Net Banking,Delivered,Maharashtra,Pune
ORD006052,CUST0258,PROD0027,2023-12-18,1,20,24304.17,1066.43,UPI,Cancelled,Karnataka,Bangalore
ORD006053,CUST0230,PROD0032,2024-05-29,1,5,10905.06,795.57,UPI,Delivered,Tamil Nadu,Coimbatore
ORD006054,CUST0154,PROD0025,2023-04-13,4,20,82174.11,222.47,Cash on Delivery,Delivered,Telangana,Hyderabad
ORD006055,CUST0425,PROD0004,2023-07-31,2,5,24999.84,2257.56,UPI,Cancelled,Madhya Pradesh,Bhopal
ORD006056,CUST0486,PROD0020,2025-07-07,2,20,30464.34,-2475.46,Credit Card,Delivered,Tamil Nadu,Chennai
ORD006057,CUST0299,PROD0031,2024-01-10,2,0,54048.7,10516.52,Net Banking,Delivered,Gujarat,Surat
ORD006058,CUST0483,PROD0030,2023-08-07,1,20,7573.78,-1020.86,Cash on Delivery,Returned,Uttar Pradesh,Kanpur
ORD006059,CUST0274,PROD0013,2023-12-15,1,5,17350.02,2626.36,Net Banking,Returned,Tamil Nadu,Coimbatore
ORD006060,CUST0206,PROD0010,2024-06-14,3,0,70160.19,7701.6,Credit Card,Returned,West Bengal,Kolkata
ORD006061,CUST0498,PROD0001,2024-08-28,2,10,41576.63,6398.19,Cash on Delivery,Delivered,Madhya Pradesh,Indore
ORD006062,CUST0148,PROD0026,2023-11-10,1,10,16055.09,-65.98,Credit Card,Delivered,Karnataka,Bangalore
ORD006063,CUST0342,PROD0023,2025-02-01,2,0,37534.66,8701.88,Net Banking,Delivered,Bihar,Patna
ORD006064,CUST0581,PROD0004,2025-07-08,5,10,59210.14,2354.44,UPI,Returned,Madhya Pradesh,Indore
ORD006065,CUST0583,PROD0031,2023-03-31,2,10,48643.83,5111.65,Credit Card,Delivered,Uttar Pradesh,Kanpur
ORD006066,CUST0012,PROD0006,2023-06-09,1,20,9428.3,-1059.04,Net Banking,Delivered,Tamil Nadu,Chennai
ORD006067,CUST0396,PROD0024,2025-03-25,1,0,28420.75,7268.64,Net Banking,Returned,Gujarat,Surat
ORD006068,CUST0543,PROD0012,2024-04-06,5,5,119611.74,17999.39,UPI,Delivered,Gujarat,Surat
ORD006069,CUST0579,PROD0020,2023-08-24,1,0,19040.21,2570.31,Credit Card,Delivered,Maharashtra,Mumbai
ORD006070,CUST0532,PROD0030,2023-05-14,1,15,8047.14,-547.5,Credit Card,Delivered,Maharashtra,Nagpur
ORD006071,CUST0575,PROD0026,2024-08-03,2,15,30326.28,-1915.86,Credit Card,Delivered,Tamil Nadu,Chennai
ORD006072,CUST0420,PROD0010,2024-03-22,1,5,22217.39,1397.86,Unknown,Delivered,Maharashtra,Nagpur
ORD006073,CUST0581,PROD0027,2024-11-12,3,0,91140.63,21427.41,Net Banking,Delivered,Madhya Pradesh,Indore
ORD006074,CUST0134,PROD0018,2024-06-17,2,20,28643.28,-1497.1,Debit Card,Delivered,Assam,Guwahati
ORD006075,CUST0134,PROD0004,2023-08-07,2,0,26315.62,3573.34,Net Banking,Delivered,Assam,Guwahati
ORD006076,CUST0124,PROD0012,2024-12-23,2,0,50362.84,9717.9,Debit Card,Returned,Gujarat,Surat
ORD006077,CUST0102,PROD0023,2023-08-26,1,5,17828.96,3412.57,Debit Card,Delivered,Telangana,Hyderabad
ORD006078,CUST0248,PROD0013,2023-10-21,1,0,18263.18,3539.52,Debit Card,Delivered,Maharashtra,Pune
ORD006079,CUST0469,PROD0016,2023-11-15,1,0,24752.87,5958.31,Debit Card,Delivered,Maharashtra,Nagpur
ORD006080,CUST0315,PROD0033,2023-05-22,1,0,17594.49,1710.17,UPI,Delivered,Rajasthan,Jaipur
ORD006081,CUST0065,PROD0026,2023-10-30,1,0,17838.99,1717.92,Credit Card,Delivered,Rajasthan,Jaipur
ORD006082,CUST0201,PROD0016,2024-06-16,1,0,24752.87,5958.31,Debit Card,Cancelled,Chandigarh,Chandigarh
ORD006083,CUST0220,PROD0006,2024-01-18,2,10,21213.67,238.99,Debit Card,Cancelled,Uttar Pradesh,Lucknow
ORD006084,CUST0431,PROD0029,2023-01-06,1,15,17623.67,11.61,Credit Card,Returned,Tamil Nadu,Chennai
ORD006085,CUST0555,PROD0024,2024-10-12,1,5,26999.71,5847.6,UPI,Delivered,Uttar Pradesh,Kanpur
ORD006086,CUST0004,PROD0016,2024-12-12,1,0,24752.87,5958.31,Cash on Delivery,Delivered,Kerala,Kochi
ORD006087,CUST0556,PROD0002,2025-01-18,1,30,14767.33,-1557.95,Debit Card,Returned,Bihar,Patna
ORD006088,CUST0352,PROD0017,2024-05-28,1,10,21824.59,3756.23,Debit Card,Delivered,Tamil Nadu,Chennai
ORD006089,CUST0393,PROD0002,2023-10-22,2,20,33753.9,1103.34,Cash on Delivery,Delivered,Tamil Nadu,Coimbatore
ORD006090,CUST0560,PROD0028,2024-09-06,1,0,7782.22,986.14,Cash on Delivery,Cancelled,Rajasthan,Jaipur
ORD006091,CUST0335,PROD0025,2023-10-31,1,0,25679.41,5191.5,Credit Card,Delivered,Maharashtra,Mumbai
ORD006092,CUST0372,PROD0026,2024-10-29,4,0,71355.96,6871.68,Debit Card,Delivered,Bihar,Patna
ORD006093,CUST0335,PROD0028,2024-04-29,1,10,7004.0,207.92,Debit Card,Delivered,Maharashtra,Mumbai
ORD006094,CUST0309,PROD0035,2025-03-19,2,0,25086.08,3920.4,Credit Card,Delivered,Madhya Pradesh,Indore
ORD006095,CUST0187,PROD0017,2025-07-24,1,0,24249.54,6181.18,Cash on Delivery,Returned,Delhi,Delhi
ORD006096,CUST0314,PROD0019,2023-03-18,1,5,15897.48,1386.2,Debit Card,Cancelled,Chandigarh,Chandigarh
ORD006097,CUST0455,PROD0018,2023-04-09,1,0,17902.05,2831.86,UPI,Returned,Maharashtra,Pune
ORD006098,CUST0419,PROD0002,2024-10-20,1,5,20041.38,3716.1,Credit Card,Delivered,Uttar Pradesh,Lucknow
ORD006099,CUST0353,PROD0011,2023-12-20,1,10,2947.96,398.33,UPI,Delivered,Kerala,Kochi
ORD006100,CUST0192,PROD0027,2024-12-13,1,0,30380.21,7142.47,Debit Card,Cancelled,Rajasthan,Jaipur
ORD006101,CUST0545,PROD0032,2023-06-02,1,0,11479.01,1369.52,Cash on Delivery,Returned,Delhi,Delhi
ORD006102,CUST0513,PROD0025,2024-12-05,1,0,25679.41,5191.5,Credit Card,Delivered,Gujarat,Ahmedabad
ORD006103,CUST0582,PROD0032,2023-06-06,2,0,22958.02,2739.04,Debit Card,Delivered,Karnataka,Bangalore
ORD006104,CUST0532,PROD0031,2024-02-17,1,5,25673.13,3907.04,Credit Card,Delivered,Maharashtra,Nagpur
ORD006105,CUST0087,PROD0020,2025-07-04,2,20,30464.34,-2475.46,Net Banking,Delivered,Maharashtra,Nagpur
ORD006106,CUST0109,PROD0032,2023-02-06,2,0,22958.02,2739.04,UPI,Delivered,West Bengal,Kolkata
ORD006107,CUST0029,PROD0031,2024-02-04,1,10,24321.92,2555.83,Cash on Delivery,Returned,Uttar Pradesh,Kanpur
ORD006108,CUST0279,PROD0028,2023-06-10,1,0,7782.22,986.14,Net Banking,Delivered,Rajasthan,Jaipur
ORD006109,CUST0562,PROD0010,2025-01-26,3,5,66652.18,4193.59,UPI,Cancelled,Bihar,Patna
ORD006110,CUST0597,PROD0014,2024-04-03,1,5,8959.23,617.53,Credit Card,Cancelled,Uttar Pradesh,Lucknow
ORD006111,CUST0427,PROD0006,2024-12-06,1,15,10017.56,-469.78,Debit Card,Delivered,Kerala,Kochi
ORD006112,CUST0594,PROD0004,2024-05-30,4,0,52631.24,7146.68,Credit Card,Returned,Gujarat,Ahmedabad
ORD006113,CUST0148,PROD0006,2024-01-12,1,0,11785.37,1298.03,Credit Card,Delivered,Karnataka,Bangalore
ORD006114,CUST0318,PROD0005,2023-10-07,1,30,7281.11,-1291.34,Debit Card,Delivered,Assam,Guwahati
ORD006115,CUST0557,PROD0003,2024-02-15,5,10,93780.63,3466.28,UPI,Delivered,Uttar Pradesh,Kanpur
ORD006116,CUST0480,PROD0002,2023-10-05,2,20,33753.9,1103.34,Credit Card,Delivered,Gujarat,Surat
ORD006117,CUST0082,PROD0024,2025-05-18,1,0,28420.75,7268.64,Credit Card,Delivered,Kerala,Kochi
ORD006118,CUST0275,PROD0003,2024-09-29,1,5,19798.13,1735.26,UPI,Delivered,Maharashtra,Nagpur
ORD006119,CUST0493,PROD0001,2024-05-07,1,0,23098.13,5508.91,Cash on Delivery,Returned,Maharashtra,Mumbai
ORD006120,CUST0031,PROD0015,2024-08-02,2,0,22634.24,4760.42,Net Banking,Delivered,Rajasthan,Jaipur
ORD006121,CUST0160,PROD0033,2023-12-17,3,0,52783.47,5130.51,Cash on Delivery,Returned,Rajasthan,Jaipur
ORD006122,CUST0173,PROD0009,2024-09-04,1,0,25782.26,2696.08,Debit Card,Delivered,Delhi,Delhi
ORD006123,CUST0448,PROD0015,2023-05-14,1,30,7921.98,-1014.93,Unknown,Delivered,Gujarat,Surat
ORD006124,CUST0513,PROD0006,2024-05-07,1,10,10606.83,119.49,Debit Card,Delivered,Gujarat,Ahmedabad
ORD006125,CUST0328,PROD0024,2023-07-12,1,10,25578.68,4426.57,Cash on Delivery,Delivered,Tamil Nadu,Coimbatore
ORD006126,CUST0123,PROD0033,2024-08-01,2,20,28151.18,-3617.46,Credit Card,Delivered,Madhya Pradesh,Bhopal
ORD006127,CUST0590,PROD0008,2024-11-04,1,0,10757.18,1305.8,Cash on Delivery,Delivered,Madhya Pradesh,Indore
ORD006128,CUST0209,PROD0031,2024-05-04,1,0,27024.35,5258.26,Unknown,Delivered,Telangana,Hyderabad
ORD006129,CUST0218,PROD0011,2023-08-25,1,0,3275.51,725.88,Credit Card,Delivered,West Bengal,Kolkata
ORD006130,CUST0387,PROD0029,2024-03-12,1,10,18660.36,1048.3,Debit Card,Delivered,Assam,Guwahati
ORD006131,CUST0102,PROD0015,2025-05-31,3,5,32253.79,5443.06,Debit Card,Delivered,Telangana,Hyderabad
ORD006132,CUST0068,PROD0012,2025-05-23,1,0,25181.42,4858.95,Net Banking,Cancelled,Gujarat,Surat
ORD006133,CUST0481,PROD0008,2024-11-09,1,15,9143.6,-307.78,Net Banking,Cancelled,Delhi,Delhi
ORD006134,CUST0510,PROD0030,2025-03-13,1,0,9467.22,872.58,Cash on Delivery,Delivered,Maharashtra,Pune
ORD006135,CUST0195,PROD0011,2023-05-08,1,5,3111.73,562.1,Credit Card,Delivered,Kerala,Kochi
ORD006136,CUST0336,PROD0017,2024-05-08,2,10,43649.17,7512.45,Debit Card,Cancelled,Maharashtra,Pune
ORD006137,CUST0062,PROD0006,2025-02-20,1,15,10017.56,-469.78,Net Banking,Returned,Uttar Pradesh,Lucknow
ORD006138,CUST0186,PROD0008,2023-01-10,2,20,17211.49,-1691.27,Debit Card,Delivered,Telangana,Hyderabad
ORD006139,CUST0022,PROD0025,2024-01-28,2,5,48790.88,7815.06,Debit Card,Returned,Tamil Nadu,Coimbatore
ORD006140,CUST0062,PROD0020,2023-05-22,1,5,18088.2,1618.3,Debit Card,Delivered,Uttar Pradesh,Lucknow
ORD006141,CUST0249,PROD0024,2023-03-05,1,15,24157.64,3005.53,Credit Card,Delivered,Rajasthan,Jaipur
ORD006142,CUST0223,PROD0002,2025-07-09,5,30,73836.66,-7789.74,Debit Card,Delivered,Tamil Nadu,Chennai
ORD006143,CUST0157,PROD0025,2023-10-21,3,5,73186.32,11722.59,Unknown,Delivered,Gujarat,Ahmedabad
ORD006144,CUST0556,PROD0006,2023-06-26,1,20,9428.3,-1059.04,Debit Card,Delivered,Bihar,Patna
ORD006145,CUST0428,PROD0030,2024-10-15,2,20,15147.55,-2041.73,UPI,Cancelled,Gujarat,Surat
ORD006146,CUST0388,PROD0004,2024-05-21,2,5,24999.84,2257.56,UPI,Delivered,West Bengal,Kolkata
ORD006147,CUST0594,PROD0013,2023-11-08,1,15,15523.7,800.04,Credit Card,Delivered,Gujarat,Ahmedabad
ORD006148,CUST0467,PROD0001,2023-02-27,1,15,19633.41,2044.19,Debit Card,Returned,Gujarat,Ahmedabad
ORD006149,CUST0420,PROD0029,2024-03-17,1,20,16586.98,-1025.08,Net Banking,Delivered,Maharashtra,Nagpur
ORD006150,CUST0255,PROD0013,2023-05-28,1,0,18263.18,3539.52,Debit Card,Delivered,Karnataka,Bangalore
ORD006151,CUST0355,PROD0021,2023-11-27,1,5,3537.05,697.82,Net Banking,Returned,Kerala,Kochi
ORD006152,CUST0568,PROD0010,2024-06-10,1,10,21048.06,228.53,Cash on Delivery,Cancelled,Kerala,Kochi
ORD006153,CUST0476,PROD0019,2023-08-01,3,10,45182.31,1648.47,Debit Card,Delivered,Gujarat,Surat
ORD006154,CUST0309,PROD0024,2024-08-15,1,20,22736.6,1584.49,Net Banking,Delivered,Madhya Pradesh,Indore
ORD006155,CUST0443,PROD0024,2025-05-24,4,0,113683.0,29074.56,Debit Card,Delivered,Gujarat,Ahmedabad
ORD006156,CUST0328,PROD0035,2023-09-16,1,0,12543.04,1960.2,Net Banking,Delivered,Tamil Nadu,Coimbatore
ORD006157,CUST0505,PROD0027,2025-02-12,4,10,109368.76,16417.8,Credit Card,Cancelled,Maharashtra,Nagpur
ORD006158,CUST0586,PROD0005,2025-03-28,1,0,10401.59,1829.14,Debit Card,Returned,Delhi,Delhi
ORD006159,CUST0406,PROD0014,2024-07-04,1,0,9430.77,1089.07,Net Banking,Returned,Tamil Nadu,Chennai
ORD006160,CUST0487,PROD0028,2023-10-16,1,5,7393.11,597.03,UPI,Delivered,Karnataka,Bangalore
ORD006161,CUST0349,PROD0026,2024-08-11,1,5,16947.04,825.97,Cash on Delivery,Delivered,Chandigarh,Chandigarh
ORD006162,CUST0315,PROD0021,2024-01-15,1,10,3350.89,511.66,Cash on Delivery,Cancelled,Rajasthan,Jaipur
ORD006163,CUST0079,PROD0003,2023-08-28,2,15,35428.24,-697.5,UPI,Returned,Madhya Pradesh,Bhopal
ORD006164,CUST0551,PROD0011,2024-05-24,1,0,3275.51,725.88,Cash on Delivery,Delivered,Gujarat,Ahmedabad
ORD006165,CUST0563,PROD0035,2024-09-13,1,0,12543.04,1960.2,Credit Card,Cancelled,West Bengal,Kolkata
ORD006166,CUST0157,PROD0019,2023-03-14,2,0,33468.38,4445.82,UPI,Delivered,Gujarat,Ahmedabad
ORD006167,CUST0399,PROD0035,2023-05-24,1,0,12543.04,1960.2,Net Banking,Delivered,Tamil Nadu,Coimbatore
ORD006168,CUST0182,PROD0023,2024-11-19,1,10,16890.6,2474.21,UPI,Delivered,Maharashtra,Mumbai
ORD006169,CUST0327,PROD0034,2023-09-21,1,10,19408.7,717.82,Cash on Delivery,Delivered,Uttar Pradesh,Lucknow
ORD006170,CUST0071,PROD0002,2023-09-05,4,0,84384.76,19083.64,Net Banking,Delivered,Tamil Nadu,Chennai
ORD006171,CUST0463,PROD0031,2023-04-07,2,5,51346.26,7814.08,Credit Card,Delivered,Telangana,Hyderabad
ORD006172,CUST0508,PROD0008,2025-01-20,5,30,37650.13,-9606.77,Credit Card,Delivered,Madhya Pradesh,Bhopal
ORD006173,CUST0571,PROD0015,2024-07-07,2,0,22634.24,4760.42,Net Banking,Delivered,Gujarat,Ahmedabad
ORD006174,CUST0329,PROD0017,2024-12-22,1,10,21824.59,3756.23,Cash on Delivery,Delivered,Rajasthan,Jaipur
ORD006175,CUST0447,PROD0006,2023-11-08,5,10,53034.17,597.47,Debit Card,Delivered,Maharashtra,Mumbai
ORD006176,CUST0391,PROD0032,2024-12-28,1,5,10905.06,795.57,Cash on Delivery,Delivered,Gujarat,Ahmedabad
ORD006177,CUST0223,PROD0015,2024-07-11,1,0,11317.12,2380.21,Cash on Delivery,Cancelled,Tamil Nadu,Chennai
ORD006178,CUST0520,PROD0004,2023-09-19,2,0,26315.62,3573.34,Net Banking,Delivered,Kerala,Kochi
ORD006179,CUST0487,PROD0010,2025-01-30,3,0,70160.19,7701.6,UPI,Returned,Karnataka,Bangalore
ORD006180,CUST0024,PROD0019,2025-03-31,5,0,83670.95,11114.55,Net Banking,Returned,Karnataka,Bangalore
ORD006181,CUST0277,PROD0003,2024-09-21,2,0,41680.28,5554.54,Cash on Delivery,Delivered,Madhya Pradesh,Indore
ORD006182,CUST0356,PROD0003,2024-03-21,1,10,18756.13,693.26,UPI,Delivered,Gujarat,Ahmedabad
ORD006183,CUST0570,PROD0030,2023-06-08,1,20,7573.78,-1020.86,Credit Card,Delivered,Maharashtra,Pune
ORD006184,CUST0540,PROD0009,2025-01-07,1,10,23204.03,117.85,UPI,Delivered,Tamil Nadu,Coimbatore
ORD006185,CUST0479,PROD0018,2025-07-20,4,0,71608.2,11327.44,Cash on Delivery,Delivered,Telangana,Hyderabad
ORD006186,CUST0278,PROD0014,2023-03-28,1,5,8959.23,617.53,Credit Card,Returned,Bihar,Patna
ORD006187,CUST0362,PROD0005,2025-01-26,2,0,20803.18,3658.28,UPI,Cancelled,Madhya Pradesh,Bhopal
ORD006188,CUST0326,PROD0029,2023-05-18,2,0,41467.46,6243.34,Credit Card,Delivered,Uttar Pradesh,Kanpur
ORD006189,CUST0533,PROD0020,2023-06-05,1,0,19040.21,2570.31,Net Banking,Delivered,Kerala,Kochi
ORD006190,CUST0486,PROD0003,2025-04-03,3,10,56268.38,2079.77,Debit Card,Delivered,Tamil Nadu,Chennai
ORD006191,CUST0260,PROD0022,2023-11-01,1,0,11982.27,2698.38,Cash on Delivery,Delivered,Madhya Pradesh,Indore
ORD006192,CUST0564,PROD0020,2025-04-23,1,10,17136.19,666.29,UPI,Delivered,Tamil Nadu,Coimbatore
ORD006193,CUST0443,PROD0018,2023-02-19,4,20,57286.56,-2994.2,Cash on Delivery,Delivered,Gujarat,Ahmedabad
ORD006194,CUST0433,PROD0034,2024-04-27,1,0,21565.22,2874.34,Cash on Delivery,Delivered,Karnataka,Bangalore
ORD006195,CUST0331,PROD0024,2024-02-19,1,5,26999.71,5847.6,Cash on Delivery,Delivered,Karnataka,Bangalore
ORD006196,CUST0040,PROD0006,2024-09-18,2,5,22392.2,1417.52,UPI,Returned,Maharashtra,Nagpur
ORD006197,CUST0528,PROD0024,2023-11-05,2,0,56841.5,14537.28,Credit Card,Delivered,Gujarat,Ahmedabad
ORD006198,CUST0334,PROD0030,2024-04-16,3,0,28401.66,2617.74,Cash on Delivery,Cancelled,Madhya Pradesh,Bhopal
ORD006199,CUST0029,PROD0001,2023-04-21,3,5,65829.67,13062.01,UPI,Delivered,Uttar Pradesh,Kanpur
ORD006200,CUST0520,PROD0014,2024-06-11,1,5,8959.23,617.53,UPI,Delivered,Kerala,Kochi
ORD006201,CUST0557,PROD0018,2023-12-22,3,10,48335.54,3124.97,Debit Card,Delivered,Uttar Pradesh,Kanpur
ORD006202,CUST0576,PROD0025,2023-12-30,1,30,17975.59,-2512.32,Debit Card,Delivered,Maharashtra,Mumbai
ORD006203,CUST0067,PROD0015,2024-03-22,1,10,10185.41,1248.5,Debit Card,Delivered,Telangana,Hyderabad
ORD006204,CUST0167,PROD0017,2023-10-21,2,20,38799.26,2662.54,Credit Card,Delivered,Bihar,Patna
ORD006205,CUST0134,PROD0003,2024-05-06,1,0,20840.14,2777.27,Net Banking,Delivered,Assam,Guwahati
ORD006206,CUST0530,PROD0029,2024-05-14,2,10,37320.71,2096.59,Cash on Delivery,Delivered,Maharashtra,Nagpur
ORD006207,CUST0260,PROD0017,2025-04-12,1,20,19399.63,1331.27,UPI,Delivered,Madhya Pradesh,Indore
ORD006208,CUST0487,PROD0032,2025-03-04,1,15,9757.16,-352.33,UPI,Delivered,Karnataka,Bangalore
ORD006209,CUST0419,PROD0027,2025-06-18,2,0,60760.42,14284.94,UPI,Delivered,Uttar Pradesh,Lucknow
ORD006210,CUST0156,PROD0012,2025-06-09,2,0,50362.84,9717.9,Credit Card,Delivered,Telangana,Hyderabad
ORD006211,CUST0136,PROD0018,2025-02-24,1,5,17006.95,1936.76,Credit Card,Delivered,Karnataka,Bangalore
ORD006212,CUST0113,PROD0014,2024-11-01,5,5,44796.16,3087.66,UPI,Returned,Kerala,Kochi
ORD006213,CUST0285,PROD0031,2025-03-02,1,0,27024.35,5258.26,Net Banking,Cancelled,Kerala,Kochi
ORD006214,CUST0215,PROD0012,2024-06-11,3,0,75544.26,14576.85,Net Banking,Delivered,Tamil Nadu,Chennai
ORD006215,CUST0469,PROD0022,2024-04-06,4,0,47929.08,10793.52,Credit Card,Cancelled,Maharashtra,Nagpur
ORD006216,CUST0006,PROD0015,2025-01-13,5,5,53756.32,9071.77,Debit Card,Cancelled,Karnataka,Bangalore
ORD006217,CUST0240,PROD0034,2024-10-07,1,0,21565.22,2874.34,Credit Card,Delivered,Telangana,Hyderabad
ORD006218,CUST0084,PROD0011,2024-06-09,2,0,6551.02,1451.76,UPI,Delivered,Madhya Pradesh,Indore
ORD006219,CUST0345,PROD0026,2024-02-15,4,5,67788.16,3303.88,UPI,Cancelled,Kerala,Kochi
ORD006220,CUST0265,PROD0023,2023-11-24,2,0,37534.66,8701.88,Debit Card,Cancelled,Maharashtra,Mumbai
ORD006221,CUST0465,PROD0035,2023-01-24,1,10,11288.74,705.9,Debit Card,Delivered,Bihar,Patna
ORD006222,CUST0362,PROD0030,2023-12-11,1,0,9467.22,872.58,Credit Card,Returned,Madhya Pradesh,Bhopal
ORD006223,CUST0126,PROD0023,2024-03-15,1,0,18767.33,4350.94,UPI,Delivered,Kerala,Kochi
ORD006224,CUST0210,PROD0009,2024-09-23,1,10,23204.03,117.85,Credit Card,Returned,Gujarat,Surat
ORD006225,CUST0038,PROD0008,2024-11-17,1,5,10219.32,767.94,Debit Card,Delivered,Delhi,Delhi
ORD006226,CUST0548,PROD0010,2023-07-21,1,30,16370.71,-4448.82,Net Banking,Delivered,Gujarat,Ahmedabad
ORD006227,CUST0258,PROD0024,2024-06-11,2,20,45473.2,3168.98,Credit Card,Delivered,Karnataka,Bangalore
ORD006228,CUST0532,PROD0029,2025-07-29,2,0,41467.46,6243.34,UPI,Returned,Maharashtra,Nagpur
ORD006229,CUST0578,PROD0010,2025-06-03,4,5,88869.57,5591.45,Cash on Delivery,Cancelled,Maharashtra,Pune
ORD006230,CUST0265,PROD0011,2023-12-27,2,0,6551.02,1451.76,Debit Card,Cancelled,Maharashtra,Mumbai
ORD006231,CUST0415,PROD0018,2023-06-18,1,10,16111.84,1041.65,Cash on Delivery,Cancelled,Madhya Pradesh,Bhopal
ORD006232,CUST0140,PROD0016,2024-12-05,5,5,117576.13,23603.33,UPI,Delivered,Uttar Pradesh,Lucknow
ORD006233,CUST0361,PROD0023,2023-01-11,1,5,17828.96,3412.57,Debit Card,Returned,Delhi,Delhi
ORD006234,CUST0303,PROD0003,2024-02-21,1,0,20840.14,2777.27,Net Banking,Returned,Gujarat,Surat
ORD006235,CUST0318,PROD0021,2024-05-10,1,0,3723.21,883.98,Debit Card,Cancelled,Assam,Guwahati
ORD006236,CUST0048,PROD0027,2023-01-06,3,20,72912.5,3199.28,Net Banking,Delivered,Assam,Guwahati
ORD006237,CUST0186,PROD0028,2023-10-20,2,0,15564.44,1972.28,Net Banking,Delivered,Telangana,Hyderabad
ORD006238,CUST0560,PROD0007,2023-03-30,1,15,11576.08,820.99,Net Banking,Delivered,Rajasthan,Jaipur
ORD006239,CUST0094,PROD0026,2023-12-14,1,0,17838.99,1717.92,Net Banking,Delivered,Delhi,Delhi
ORD006240,CUST0245,PROD0015,2023-08-28,1,0,11317.12,2380.21,Debit Card,Delivered,Kerala,Kochi
ORD006241,CUST0178,PROD0002,2025-05-18,1,0,21096.19,4770.91,Unknown,Delivered,Madhya Pradesh,Indore
ORD006242,CUST0425,PROD0008,2024-07-25,2,30,15060.05,-3842.71,Debit Card,Delivered,Madhya Pradesh,Bhopal
ORD006243,CUST0334,PROD0017,2023-02-01,1,10,21824.59,3756.23,UPI,Delivered,Madhya Pradesh,Bhopal
ORD006244,CUST0058,PROD0001,2023-09-17,3,0,69294.39,16526.73,Net Banking,Returned,Kerala,Kochi
ORD006245,CUST0031,PROD0011,2024-03-26,1,5,3111.73,562.1,Debit Card,Returned,Rajasthan,Jaipur
ORD006246,CUST0320,PROD0011,2023-02-11,5,15,13920.92,1172.77,Unknown,Delivered,Karnataka,Bangalore
ORD006247,CUST0182,PROD0019,2024-10-17,1,0,16734.19,2222.91,Net Banking,Delivered,Maharashtra,Mumbai
ORD006248,CUST0100,PROD0010,2023-08-27,1,5,22217.39,1397.86,UPI,Delivered,Maharashtra,Pune
ORD006249,CUST0002,PROD0001,2024-08-12,1,15,19633.41,2044.19,Credit Card,Delivered,Rajasthan,Jaipur
ORD006250,CUST0030,PROD0008,2025-07-03,1,5,10219.32,767.94,Credit Card,Delivered,Uttar Pradesh,Kanpur
ORD006251,CUST0253,PROD0035,2025-02-14,2,0,25086.08,3920.4,Debit Card,Cancelled,Maharashtra,Pune
ORD006252,CUST0182,PROD0012,2025-03-24,1,20,20145.14,-177.33,Credit Card,Cancelled,Maharashtra,Mumbai
ORD006253,CUST0164,PROD0022,2025-05-23,1,10,10784.04,1500.15,Debit Card,Cancelled,Delhi,Delhi
ORD006254,CUST0516,PROD0019,2025-07-28,1,0,16734.19,2222.91,Cash on Delivery,Delivered,Uttar Pradesh,Kanpur
ORD006255,CUST0116,PROD0013,2024-08-18,1,10,16436.86,1713.2,Credit Card,Delivered,Maharashtra,Pune
ORD006256,CUST0318,PROD0002,2024-04-06,1,15,17931.76,1606.48,UPI,Returned,Assam,Guwahati
ORD006257,CUST0525,PROD0015,2024-03-21,4,0,45268.48,9520.84,Debit Card,Delivered,Gujarat,Surat
ORD006258,CUST0011,PROD0032,2025-04-04,1,30,8035.31,-2074.18,Credit Card,Delivered,Maharashtra,Mumbai
ORD006259,CUST0179,PROD0006,2024-12-08,1,10,10606.83,119.49,Credit Card,Cancelled,Gujarat,Ahmedabad
ORD006260,CUST0186,PROD0012,2025-01-30,4,0,100725.68,19435.8,Debit Card,Delivered,Telangana,Hyderabad
ORD006261,CUST0496,PROD0031,2023-02-05,1,10,24321.92,2555.83,Debit Card,Returned,Bihar,Patna
ORD006262,CUST0588,PROD0035,2023-01-28,4,5,47663.55,5332.19,Cash on Delivery,Delivered,Maharashtra,Mumbai
ORD006263,CUST0181,PROD0012,2025-04-22,2,5,47844.7,7199.76,Credit Card,Delivered,Tamil Nadu,Chennai
ORD006264,CUST0409,PROD0031,2023-05-25,4,0,108097.4,21033.04,UPI,Delivered,Madhya Pradesh,Indore
ORD006265,CUST0037,PROD0013,2024-11-24,3,0,54789.54,10618.56,Debit Card,Delivered,Uttar Pradesh,Lucknow
ORD006266,CUST0370,PROD0001,2025-03-31,1,0,23098.13,5508.91,Credit Card,Delivered,Tamil Nadu,Coimbatore
ORD006267,CUST0019,PROD0008,2023-05-05,2,5,20438.64,1535.88,Debit Card,Delivered,Kerala,Kochi
ORD006268,CUST0022,PROD0032,2024-01-31,1,5,10905.06,795.57,Debit Card,Delivered,Tamil Nadu,Coimbatore
ORD006269,CUST0240,PROD0012,2025-03-07,2,10,45326.56,4681.62,UPI,Cancelled,Telangana,Hyderabad
ORD006270,CUST0477,PROD0033,2023-02-22,1,10,15835.04,-49.28,Cash on Delivery,Returned,Karnataka,Bangalore
ORD006271,CUST0511,PROD0026,2024-08-23,4,0,71355.96,6871.68,Credit Card,Delivered,Uttar Pradesh,Kanpur
ORD006272,CUST0355,PROD0012,2023-02-28,2,5,47844.7,7199.76,UPI,Cancelled,Kerala,Kochi
ORD006273,CUST0086,PROD0007,2023-04-02,2,0,27237.84,5727.66,Cash on Delivery,Cancelled,West Bengal,Kolkata
ORD006274,CUST0457,PROD0030,2024-05-27,2,10,17041.0,-148.28,Credit Card,Delivered,Madhya Pradesh,Indore
ORD006275,CUST0136,PROD0020,2025-07-15,3,10,51408.57,1998.87,Net Banking,Returned,Karnataka,Bangalore
ORD006276,CUST0334,PROD0008,2023-07-02,1,20,8605.74,-845.64,Net Banking,Delivered,Madhya Pradesh,Bhopal
ORD006277,CUST0357,PROD0027,2024-08-01,2,0,60760.42,14284.94,Cash on Delivery,Delivered,Madhya Pradesh,Bhopal
ORD006278,CUST0278,PROD0031,2023-01-16,1,0,27024.35,5258.26,Debit Card,Delivered,Bihar,Patna
ORD006279,CUST0164,PROD0008,2025-02-27,2,0,21514.36,2611.6,Cash on Delivery,Delivered,Delhi,Delhi
ORD006280,CUST0151,PROD0021,2025-03-10,2,0,7446.42,1767.96,UPI,Returned,Gujarat,Surat
ORD006281,CUST0448,PROD0001,2023-10-26,3,10,62364.95,9597.29,Cash on Delivery,Delivered,Gujarat,Surat
ORD006282,CUST0157,PROD0018,2024-10-30,2,10,32223.69,2083.31,Credit Card,Delivered,Gujarat,Ahmedabad
ORD006283,CUST0187,PROD0030,2025-05-03,1,15,8047.14,-547.5,UPI,Delivered,Delhi,Delhi
ORD006284,CUST0168,PROD0023,2024-07-06,1,10,16890.6,2474.21,Debit Card,Delivered,Madhya Pradesh,Indore
ORD006285,CUST0106,PROD0027,2025-06-08,1,0,30380.21,7142.47,Debit Card,Delivered,Telangana,Hyderabad
ORD006286,CUST0203,PROD0025,2024-05-01,1,20,20543.53,55.62,Net Banking,Delivered,Delhi,Delhi
ORD006287,CUST0364,PROD0028,2025-06-04,1,5,7393.11,597.03,Credit Card,Delivered,Karnataka,Bangalore
ORD006288,CUST0521,PROD0008,2024-01-15,1,5,10219.32,767.94,Cash on Delivery,Delivered,Uttar Pradesh,Kanpur
ORD006289,CUST0184,PROD0026,2025-02-28,3,0,53516.97,5153.76,Credit Card,Delivered,Madhya Pradesh,Indore
ORD006290,CUST0069,PROD0007,2024-09-22,2,5,25875.95,4365.77,Net Banking,Delivered,Chandigarh,Chandigarh
ORD006291,CUST0034,PROD0026,2023-03-03,2,10,32110.18,-131.96,Cash on Delivery,Delivered,Maharashtra,Pune
ORD006292,CUST0197,PROD0020,2025-02-16,3,0,57120.63,7710.93,Net Banking,Delivered,Rajasthan,Jaipur
ORD006293,CUST0157,PROD0018,2024-04-17,2,5,34013.89,3873.51,Debit Card,Delivered,Gujarat,Ahmedabad
ORD006294,CUST0067,PROD0027,2024-11-17,3,15,77469.54,7756.32,Debit Card,Cancelled,Telangana,Hyderabad
ORD006295,CUST0146,PROD0012,2023-03-21,2,0,50362.84,9717.9,Debit Card,Delivered,West Bengal,Kolkata
ORD006296,CUST0437,PROD0029,2024-02-22,1,0,20733.73,3121.67,UPI,Delivered,Gujarat,Surat
ORD006297,CUST0340,PROD0028,2023-09-17,1,5,7393.11,597.03,Debit Card,Delivered,Madhya Pradesh,Indore
ORD006298,CUST0591,PROD0032,2023-07-07,1,0,11479.01,1369.52,Net Banking,Delivered,Madhya Pradesh,Bhopal
ORD006299,CUST0467,PROD0022,2024-04-21,2,0,23964.54,5396.76,Debit Card,Delivered,Gujarat,Ahmedabad
ORD006300,CUST0079,PROD0016,2023-06-12,1,15,21039.94,2245.38,UPI,Cancelled,Madhya Pradesh,Bhopal
ORD006301,CUST0425,PROD0018,2024-12-04,1,15,15216.74,146.55,Net Banking,Cancelled,Madhya Pradesh,Bhopal
ORD006302,CUST0095,PROD0002,2025-02-28,1,0,21096.19,4770.91,Net Banking,Delivered,Delhi,Delhi
ORD006303,CUST0157,PROD0021,2023-01-04,1,30,2606.25,-232.98,Credit Card,Delivered,Gujarat,Ahmedabad
ORD006304,CUST0283,PROD0010,2023-09-15,2,10,42096.11,457.05,Cash on Delivery,Delivered,Madhya Pradesh,Indore
ORD006305,CUST0513,PROD0024,2023-11-27,1,0,28420.75,7268.64,UPI,Delivered,Gujarat,Ahmedabad
ORD006306,CUST0364,PROD0010,2023-11-18,1,5,22217.39,1397.86,Cash on Delivery,Delivered,Karnataka,Bangalore
ORD006307,CUST0411,PROD0030,2024-06-19,1,0,9467.22,872.58,Credit Card,Delivered,Madhya Pradesh,Bhopal
ORD006308,CUST0557,PROD0012,2024-10-17,2,0,50362.84,9717.9,Cash on Delivery,Returned,Uttar Pradesh,Kanpur
ORD006309,CUST0148,PROD0008,2024-06-17,2,5,20438.64,1535.88,Net Banking,Delivered,Karnataka,Bangalore
ORD006310,CUST0300,PROD0019,2024-03-12,1,0,16734.19,2222.91,Credit Card,Delivered,Maharashtra,Nagpur
ORD006311,CUST0388,PROD0024,2023-04-20,1,0,28420.75,7268.64,Cash on Delivery,Delivered,West Bengal,Kolkata
ORD006312,CUST0463,PROD0013,2023-03-27,4,0,73052.72,14158.08,Debit Card,Delivered,Telangana,Hyderabad
ORD006313,CUST0151,PROD0027,2024-11-18,2,5,57722.4,11246.92,Net Banking,Delivered,Gujarat,Surat
ORD006314,CUST0100,PROD0016,2023-06-24,2,5,47030.45,9441.33,Net Banking,Delivered,Maharashtra,Pune
ORD006315,CUST0592,PROD0008,2024-07-10,1,0,10757.18,1305.8,UPI,Delivered,Bihar,Patna
ORD006316,CUST0288,PROD0012,2025-06-28,5,0,125907.1,24294.75,Cash on Delivery,Delivered,Delhi,Delhi
ORD006317,CUST0019,PROD0023,2024-12-23,1,0,18767.33,4350.94,Debit Card,Cancelled,Kerala,Kochi
ORD006318,CUST0124,PROD0022,2025-01-12,1,0,11982.27,2698.38,UPI,Delivered,Gujarat,Surat
ORD006319,CUST0470,PROD0003,2023-07-24,2,0,41680.28,5554.54,Credit Card,Cancelled,Uttar Pradesh,Lucknow
ORD006320,CUST0368,PROD0030,2023-12-19,2,0,18934.44,1745.16,Credit Card,Cancelled,Telangana,Hyderabad
ORD006321,CUST0245,PROD0004,2023-03-18,1,5,12499.92,1128.78,UPI,Cancelled,Kerala,Kochi
ORD006322,CUST0334,PROD0030,2024-11-13,1,10,8520.5,-74.14,Cash on Delivery,Delivered,Madhya Pradesh,Bhopal
ORD006323,CUST0377,PROD0020,2023-08-21,2,5,36176.4,3236.6,Credit Card,Delivered,West Bengal,Kolkata
ORD006324,CUST0529,PROD0005,2025-02-27,1,0,10401.59,1829.14,Debit Card,Returned,Maharashtra,Pune
ORD006325,CUST0221,PROD0022,2024-08-28,2,0,23964.54,5396.76,Debit Card,Returned,Bihar,Patna
ORD006326,CUST0300,PROD0028,2025-04-29,1,5,7393.11,597.03,Net Banking,Delivered,Maharashtra,Nagpur
ORD006327,CUST0312,PROD0002,2023-06-30,2,10,37973.14,5322.58,Credit Card,Delivered,Bihar,Patna
ORD006328,CUST0008,PROD0011,2024-12-12,1,15,2784.18,234.55,Credit Card,Delivered,Kerala,Kochi
ORD006329,CUST0065,PROD0013,2023-05-06,1,0,18263.18,3539.52,Net Banking,Delivered,Rajasthan,Jaipur
ORD006330,CUST0009,PROD0029,2023-02-20,1,15,17623.67,11.61,Debit Card,Delivered,Kerala,Kochi
ORD006331,CUST0233,PROD0026,2024-10-26,1,0,17838.99,1717.92,Debit Card,Returned,Maharashtra,Nagpur
ORD006332,CUST0417,PROD0003,2023-06-17,3,5,59394.4,5205.79,UPI,Returned,Kerala,Kochi
ORD006333,CUST0256,PROD0015,2023-05-13,2,20,18107.39,233.57,Credit Card,Delivered,Maharashtra,Pune
ORD006334,CUST0238,PROD0007,2023-10-25,2,10,24514.06,3003.88,UPI,Delivered,Chandigarh,Chandigarh
ORD006335,CUST0007,PROD0019,2023-08-01,2,30,23427.87,-5594.69,Net Banking,Delivered,Chandigarh,Chandigarh
ORD006336,CUST0326,PROD0030,2023-06-27,2,0,18934.44,1745.16,Credit Card,Delivered,Uttar Pradesh,Kanpur
ORD006337,CUST0324,PROD0001,2025-04-12,2,10,41576.63,6398.19,UPI,Delivered,Madhya Pradesh,Bhopal
ORD006338,CUST0194,PROD0022,2023-06-16,1,15,10184.93,901.04,Cash on Delivery,Delivered,Chandigarh,Chandigarh
ORD006339,CUST0433,PROD0008,2023-10-05,1,10,9681.46,230.08,Net Banking,Delivered,Karnataka,Bangalore
ORD006340,CUST0469,PROD0007,2024-10-19,1,5,12937.97,2182.88,Cash on Delivery,Delivered,Maharashtra,Nagpur
ORD006341,CUST0235,PROD0015,2023-09-07,1,0,11317.12,2380.21,UPI,Delivered,Maharashtra,Mumbai
ORD006342,CUST0031,PROD0004,2024-04-06,1,10,11842.03,470.89,Net Banking,Returned,Rajasthan,Jaipur
ORD006343,CUST0598,PROD0010,2024-06-29,1,10,21048.06,228.53,Net Banking,Delivered,Tamil Nadu,Coimbatore
ORD006344,CUST0368,PROD0008,2023-11-25,1,0,10757.18,1305.8,Credit Card,Delivered,Telangana,Hyderabad
ORD006345,CUST0218,PROD0030,2024-08-27,2,0,18934.44,1745.16,Cash on Delivery,Delivered,West Bengal,Kolkata
ORD006346,CUST0351,PROD0019,2024-02-28,1,20,13387.35,-1123.93,Cash on Delivery,Delivered,Gujarat,Surat
ORD006347,CUST0246,PROD0015,2024-08-17,2,10,20370.82,2497.0,Net Banking,Delivered,Tamil Nadu,Chennai
ORD006348,CUST0179,PROD0035,2025-02-22,1,5,11915.89,1333.05,Debit Card,Delivered,Gujarat,Ahmedabad
ORD006349,CUST0179,PROD0008,2023-02-04,3,10,29044.39,690.25,UPI,Delivered,Gujarat,Ahmedabad
ORD006350,CUST0043,PROD0013,2025-02-25,1,20,14610.54,-113.12,Net Banking,Delivered,Uttar Pradesh,Lucknow
ORD006351,CUST0550,PROD0012,2023-12-30,3,15,64212.62,3245.21,Cash on Delivery,Delivered,Kerala,Kochi
ORD006352,CUST0019,PROD0014,2024-05-21,2,5,17918.46,1235.06,Credit Card,Returned,Kerala,Kochi
ORD006353,CUST0474,PROD0012,2023-07-18,3,10,67989.83,7022.42,Credit Card,Delivered,Delhi,Delhi
ORD006354,CUST0191,PROD0006,2024-10-23,1,5,11196.1,708.76,Cash on Delivery,Cancelled,West Bengal,Kolkata
ORD006355,CUST0164,PROD0017,2023-11-23,3,0,72748.62,18543.54,Credit Card,Delivered,Delhi,Delhi
ORD006356,CUST0042,PROD0026,2025-02-02,5,15,75815.71,-4789.64,Debit Card,Cancelled,Assam,Guwahati
ORD006357,CUST0468,PROD0008,2025-01-20,1,10,9681.46,230.08,Net Banking,Delivered,Rajasthan,Jaipur
ORD006358,CUST0384,PROD0034,2023-07-15,1,5,20486.96,1796.08,Credit Card,Delivered,Gujarat,Surat
ORD006359,CUST0033,PROD0032,2024-10-21,4,0,45916.04,5478.08,UPI,Delivered,Tamil Nadu,Chennai
ORD006360,CUST0568,PROD0029,2024-04-19,2,10,37320.71,2096.59,Net Banking,Delivered,Kerala,Kochi
ORD006361,CUST0394,PROD0034,2025-02-20,3,0,64695.66,8623.02,Net Banking,Delivered,Assam,Guwahati
ORD006362,CUST0146,PROD0018,2025-01-18,1,5,17006.95,1936.76,Debit Card,Delivered,West Bengal,Kolkata
ORD006363,CUST0178,PROD0032,2023-03-27,1,0,11479.01,1369.52,Debit Card,Delivered,Madhya Pradesh,Indore
ORD006364,CUST0103,PROD0021,2024-12-29,1,0,3723.21,883.98,Net Banking,Delivered,Uttar Pradesh,Kanpur
ORD006365,CUST0398,PROD0030,2023-09-01,4,0,37868.88,3490.32,Debit Card,Delivered,Madhya Pradesh,Bhopal
ORD006366,CUST0108,PROD0025,2024-03-16,4,0,102717.64,20766.0,Net Banking,Delivered,Telangana,Hyderabad
ORD006367,CUST0339,PROD0026,2023-01-30,1,5,16947.04,825.97,Cash on Delivery,Delivered,Kerala,Kochi
ORD006368,CUST0332,PROD0029,2023-04-19,1,0,20733.73,3121.67,Debit Card,Cancelled,Madhya Pradesh,Indore
ORD006369,CUST0579,PROD0021,2024-09-12,2,15,6329.46,651.0,Debit Card,Delivered,Maharashtra,Mumbai
ORD006370,CUST0198,PROD0026,2023-06-25,1,0,17838.99,1717.92,Net Banking,Delivered,Rajasthan,Jaipur
ORD006371,CUST0258,PROD0031,2023-05-12,2,30,37834.09,-5698.09,Debit Card,Delivered,Karnataka,Bangalore
ORD006372,CUST0320,PROD0031,2024-07-06,1,20,21619.48,-146.61,Credit Card,Delivered,Karnataka,Bangalore
ORD006373,CUST0232,PROD0034,2023-12-17,3,0,64695.66,8623.02,Credit Card,Delivered,Assam,Guwahati
ORD006374,CUST0581,PROD0004,2023-12-22,2,20,21052.5,-1689.78,Net Banking,Returned,Madhya Pradesh,Indore
ORD006375,CUST0447,PROD0019,2024-07-08,1,20,13387.35,-1123.93,Debit Card,Returned,Maharashtra,Mumbai
ORD006376,CUST0179,PROD0002,2023-02-01,2,10,37973.14,5322.58,Credit Card,Cancelled,Gujarat,Ahmedabad
ORD006377,CUST0151,PROD0014,2024-10-22,1,20,7544.62,-797.08,UPI,Delivered,Gujarat,Surat
ORD006378,CUST0051,PROD0001,2024-08-15,1,0,23098.13,5508.91,Debit Card,Delivered,Gujarat,Ahmedabad
ORD006379,CUST0504,PROD0020,2025-03-29,4,0,76160.84,10281.24,Debit Card,Delivered,Gujarat,Surat
ORD006380,CUST0468,PROD0016,2023-01-08,3,5,70545.68,14162.0,UPI,Returned,Rajasthan,Jaipur
ORD006381,CUST0146,PROD0035,2024-02-01,1,0,12543.04,1960.2,Cash on Delivery,Delivered,West Bengal,Kolkata
ORD006382,CUST0087,PROD0004,2023-11-12,1,20,10526.25,-844.89,UPI,Delivered,Maharashtra,Nagpur
ORD006383,CUST0206,PROD0034,2024-09-02,3,0,64695.66,8623.02,UPI,Returned,West Bengal,Kolkata
ORD006384,CUST0322,PROD0027,2023-04-05,1,0,30380.21,7142.47,Cash on Delivery,Returned,Bihar,Patna
ORD006385,CUST0218,PROD0034,2025-05-10,1,0,21565.22,2874.34,Cash on Delivery,Delivered,West Bengal,Kolkata
ORD006386,CUST0104,PROD0034,2023-10-16,2,20,34504.35,-2877.41,Credit Card,Delivered,Bihar,Patna
ORD006387,CUST0496,PROD0018,2024-03-15,1,10,16111.84,1041.65,UPI,Delivered,Bihar,Patna
ORD006388,CUST0322,PROD0004,2023-06-25,4,10,47368.12,1883.56,Debit Card,Delivered,Bihar,Patna
ORD006389,CUST0025,PROD0001,2023-01-21,1,20,18478.5,889.28,Net Banking,Delivered,Maharashtra,Pune
ORD006390,CUST0284,PROD0024,2025-02-01,2,5,53999.42,11695.2,Credit Card,Delivered,Karnataka,Bangalore
ORD006391,CUST0437,PROD0035,2024-03-05,1,0,12543.04,1960.2,Cash on Delivery,Delivered,Gujarat,Surat
ORD006392,CUST0215,PROD0007,2024-06-26,1,0,13618.92,2863.83,Credit Card,Delivered,Tamil Nadu,Chennai
ORD006393,CUST0149,PROD0001,2024-02-14,3,15,58900.23,6132.57,UPI,Delivered,Uttar Pradesh,Kanpur
ORD006394,CUST0249,PROD0022,2024-01-12,3,10,32352.13,4500.46,Debit Card,Cancelled,Rajasthan,Jaipur
ORD006395,CUST0373,PROD0028,2025-02-24,1,0,7782.22,986.14,Debit Card,Delivered,Assam,Guwahati
ORD006396,CUST0495,PROD0020,2023-08-26,2,20,30464.34,-2475.46,Credit Card,Delivered,Kerala,Kochi
ORD006397,CUST0100,PROD0015,2023-12-18,5,0,56585.6,11901.05,Cash on Delivery,Delivered,Maharashtra,Pune
ORD006398,CUST0121,PROD0034,2023-11-15,1,20,17252.18,-1438.7,Credit Card,Cancelled,Bihar,Patna
ORD006399,CUST0220,PROD0013,2024-10-01,4,10,65747.45,6852.81,Net Banking,Cancelled,Uttar Pradesh,Lucknow
ORD006400,CUST0401,PROD0035,2023-10-10,1,10,11288.74,705.9,Credit Card,Delivered,Tamil Nadu,Coimbatore
ORD006401,CUST0389,PROD0014,2025-07-03,1,20,7544.62,-797.08,Debit Card,Returned,Kerala,Kochi
ORD006402,CUST0482,PROD0027,2025-04-06,2,0,60760.42,14284.94,Cash on Delivery,Delivered,Delhi,Delhi
ORD006403,CUST0210,PROD0013,2024-12-19,1,5,17350.02,2626.36,Net Banking,Delivered,Gujarat,Surat
ORD006404,CUST0092,PROD0010,2025-04-28,1,10,21048.06,228.53,UPI,Delivered,Kerala,Kochi
ORD006405,CUST0284,PROD0012,2024-04-22,3,0,75544.26,14576.85,Debit Card,Cancelled,Karnataka,Bangalore
ORD006406,CUST0341,PROD0032,2024-02-01,2,0,22958.02,2739.04,Credit Card,Cancelled,Kerala,Kochi
ORD006407,CUST0297,PROD0031,2024-12-30,1,15,22970.7,1204.61,UPI,Delivered,Tamil Nadu,Chennai
ORD006408,CUST0498,PROD0025,2025-06-17,1,0,25679.41,5191.5,UPI,Delivered,Madhya Pradesh,Indore
ORD006409,CUST0368,PROD0003,2024-01-13,1,15,17714.12,-348.75,UPI,Cancelled,Telangana,Hyderabad
ORD006410,CUST0420,PROD0014,2023-01-27,1,0,9430.77,1089.07,Cash on Delivery,Cancelled,Maharashtra,Nagpur
ORD006411,CUST0029,PROD0009,2024-04-27,2,15,43829.84,-2342.52,Unknown,Returned,Uttar Pradesh,Kanpur
ORD006412,CUST0456,PROD0028,2025-05-18,1,10,7004.0,207.92,Debit Card,Delivered,Maharashtra,Pune
ORD006413,CUST0195,PROD0035,2025-04-15,1,0,12543.04,1960.2,Net Banking,Delivered,Kerala,Kochi
ORD006414,CUST0404,PROD0032,2025-06-28,1,5,10905.06,795.57,Credit Card,Delivered,Maharashtra,Mumbai
ORD006415,CUST0153,PROD0007,2025-06-07,3,0,40856.76,8591.49,UPI,Returned,Kerala,Kochi
ORD006416,CUST0595,PROD0017,2023-07-06,1,10,21824.59,3756.23,Debit Card,Delivered,Rajasthan,Jaipur
ORD006417,CUST0528,PROD0031,2025-07-05,1,0,27024.35,5258.26,Unknown,Delivered,Gujarat,Ahmedabad
ORD006418,CUST0217,PROD0003,2024-12-09,1,10,18756.13,693.26,Net Banking,Delivered,Maharashtra,Mumbai
ORD006419,CUST0425,PROD0017,2023-05-03,1,0,24249.54,6181.18,Net Banking,Delivered,Madhya Pradesh,Bhopal
ORD006420,CUST0320,PROD0022,2023-11-10,1,15,10184.93,901.04,Unknown,Delivered,Karnataka,Bangalore
ORD006421,CUST0206,PROD0032,2025-06-23,1,0,11479.01,1369.52,UPI,Cancelled,West Bengal,Kolkata
ORD006422,CUST0159,PROD0008,2025-07-03,1,5,10219.32,767.94,UPI,Returned,Uttar Pradesh,Lucknow
ORD006423,CUST0404,PROD0007,2023-10-19,1,10,12257.03,1501.94,Cash on Delivery,Returned,Maharashtra,Mumbai
ORD006424,CUST0037,PROD0035,2024-12-22,2,0,25086.08,3920.4,UPI,Returned,Uttar Pradesh,Lucknow
ORD006425,CUST0147,PROD0011,2025-01-25,1,0,3275.51,725.88,Net Banking,Cancelled,Gujarat,Ahmedabad
ORD006426,CUST0340,PROD0007,2024-03-08,1,15,11576.08,820.99,UPI,Delivered,Madhya Pradesh,Indore
ORD006427,CUST0058,PROD0015,2023-06-05,1,5,10751.26,1814.35,Net Banking,Delivered,Kerala,Kochi
ORD006428,CUST0554,PROD0011,2023-01-01,1,10,2947.96,398.33,Credit Card,Cancelled,Rajasthan,Jaipur
ORD006429,CUST0188,PROD0032,2023-05-19,2,0,22958.02,2739.04,Net Banking,Delivered,Maharashtra,Pune
ORD006430,CUST0486,PROD0029,2025-04-11,3,10,55981.07,3144.89,Debit Card,Delivered,Tamil Nadu,Chennai
ORD006431,CUST0359,PROD0019,2023-10-11,5,5,79487.4,6931.0,Credit Card,Delivered,Madhya Pradesh,Bhopal
ORD006432,CUST0143,PROD0002,2023-03-17,1,10,18986.57,2661.29,Cash on Delivery,Delivered,Karnataka,Bangalore
ORD006433,CUST0598,PROD0032,2023-08-11,1,0,11479.01,1369.52,Credit Card,Returned,Tamil Nadu,Coimbatore
ORD006434,CUST0267,PROD0021,2023-07-11,1,0,3723.21,883.98,Credit Card,Delivered,Madhya Pradesh,Indore
ORD006435,CUST0416,PROD0022,2023-03-26,2,5,22766.31,4198.53,Credit Card,Cancelled,Maharashtra,Nagpur
ORD006436,CUST0338,PROD0031,2023-08-19,1,0,27024.35,5258.26,Credit Card,Returned,Assam,Guwahati
ORD006437,CUST0537,PROD0025,2024-10-07,1,20,20543.53,55.62,Net Banking,Returned,Maharashtra,Pune
ORD006438,CUST0484,PROD0016,2025-03-07,1,0,24752.87,5958.31,Debit Card,Returned,Maharashtra,Pune
ORD006439,CUST0044,PROD0015,2023-12-19,1,0,11317.12,2380.21,Net Banking,Delivered,Madhya Pradesh,Bhopal
ORD006440,CUST0276,PROD0019,2024-03-25,1,10,15060.77,549.49,UPI,Delivered,Maharashtra,Mumbai
ORD006441,CUST0339,PROD0002,2023-11-21,3,15,53795.28,4819.44,Credit Card,Delivered,Kerala,Kochi
ORD006442,CUST0084,PROD0019,2024-03-19,2,0,33468.38,4445.82,Net Banking,Delivered,Madhya Pradesh,Indore
ORD006443,CUST0089,PROD0006,2024-10-08,1,15,10017.56,-469.78,Cash on Delivery,Delivered,Chandigarh,Chandigarh
ORD006444,CUST0160,PROD0021,2024-10-20,2,10,6701.78,1023.32,Debit Card,Delivered,Rajasthan,Jaipur
ORD006445,CUST0245,PROD0016,2025-05-09,1,0,24752.87,5958.31,UPI,Returned,Kerala,Kochi
ORD006446,CUST0406,PROD0027,2024-09-21,1,0,30380.21,7142.47,Debit Card,Cancelled,Tamil Nadu,Chennai
ORD006447,CUST0203,PROD0009,2025-02-22,4,5,97972.59,5627.87,UPI,Delivered,Delhi,Delhi
ORD006448,CUST0158,PROD0015,2024-10-27,3,5,32253.79,5443.06,UPI,Delivered,Tamil Nadu,Coimbatore
ORD006449,CUST0353,PROD0024,2024-12-19,1,5,26999.71,5847.6,Unknown,Delivered,Kerala,Kochi
ORD006450,CUST0287,PROD0029,2023-04-01,3,15,52871.01,34.83,Net Banking,Returned,Karnataka,Bangalore
ORD006451,CUST0475,PROD0029,2023-05-02,2,0,41467.46,6243.34,Credit Card,Returned,Maharashtra,Pune
ORD006452,CUST0026,PROD0016,2024-12-19,4,15,84159.76,8981.52,Net Banking,Delivered,Karnataka,Bangalore
ORD006453,CUST0419,PROD0007,2023-05-06,4,30,38132.98,-4887.38,UPI,Delivered,Uttar Pradesh,Lucknow
ORD006454,CUST0046,PROD0016,2024-12-29,3,5,70545.68,14162.0,Debit Card,Delivered,Gujarat,Ahmedabad
ORD006455,CUST0558,PROD0017,2025-04-25,1,10,21824.59,3756.23,Cash on Delivery,Returned,Uttar Pradesh,Kanpur
ORD006456,CUST0472,PROD0020,2025-02-11,4,0,76160.84,10281.24,UPI,Cancelled,Uttar Pradesh,Lucknow
ORD006457,CUST0600,PROD0023,2024-11-19,1,20,15013.86,597.47,UPI,Delivered,Madhya Pradesh,Indore
ORD006458,CUST0429,PROD0005,2024-02-04,1,0,10401.59,1829.14,Credit Card,Delivered,Madhya Pradesh,Bhopal
ORD006459,CUST0278,PROD0004,2024-01-07,1,10,11842.03,470.89,Credit Card,Delivered,Bihar,Patna
ORD006460,CUST0365,PROD0033,2023-03-09,3,30,36948.43,-10704.53,Net Banking,Delivered,Delhi,Delhi
ORD006461,CUST0069,PROD0003,2024-04-04,3,10,56268.38,2079.77,Net Banking,Delivered,Chandigarh,Chandigarh
ORD006462,CUST0359,PROD0022,2024-11-28,1,10,10784.04,1500.15,Net Banking,Returned,Madhya Pradesh,Bhopal
ORD006463,CUST0483,PROD0021,2024-07-06,4,10,13403.56,2046.64,Net Banking,Cancelled,Uttar Pradesh,Kanpur
ORD006464,CUST0217,PROD0034,2023-07-28,1,0,21565.22,2874.34,Net Banking,Cancelled,Maharashtra,Mumbai
ORD006465,CUST0043,PROD0035,2024-07-27,1,0,12543.04,1960.2,Unknown,Delivered,Uttar Pradesh,Lucknow
ORD006466,CUST0364,PROD0007,2024-12-24,1,10,12257.03,1501.94,Net Banking,Returned,Karnataka,Bangalore
ORD006467,CUST0280,PROD0004,2023-12-14,1,0,13157.81,1786.67,Debit Card,Delivered,West Bengal,Kolkata
ORD006468,CUST0465,PROD0009,2023-11-17,1,10,23204.03,117.85,Credit Card,Delivered,Bihar,Patna
ORD006469,CUST0563,PROD0022,2025-02-14,1,15,10184.93,901.04,Credit Card,Delivered,West Bengal,Kolkata
ORD006470,CUST0272,PROD0011,2024-07-29,5,0,16377.55,3629.4,Debit Card,Returned,Maharashtra,Nagpur
ORD006471,CUST0165,PROD0007,2024-12-09,1,5,12937.97,2182.88,Credit Card,Delivered,Gujarat,Ahmedabad
ORD006472,CUST0547,PROD0027,2025-05-11,1,0,30380.21,7142.47,Debit Card,Delivered,Maharashtra,Pune
ORD006473,CUST0185,PROD0003,2024-08-31,1,10,18756.13,693.26,Net Banking,Delivered,Maharashtra,Pune
ORD006474,CUST0422,PROD0014,2023-05-11,1,10,8487.69,145.99,Credit Card,Delivered,Kerala,Kochi
ORD006475,CUST0319,PROD0012,2023-06-27,1,15,21404.21,1081.74,Net Banking,Delivered,Maharashtra,Pune
ORD006476,CUST0295,PROD0006,2023-07-18,2,5,22392.2,1417.52,Debit Card,Delivered,Tamil Nadu,Chennai
ORD006477,CUST0298,PROD0010,2024-02-15,1,10,21048.06,228.53,UPI,Delivered,Telangana,Hyderabad
ORD006478,CUST0298,PROD0027,2023-11-16,1,15,25823.18,2585.44,Net Banking,Delivered,Telangana,Hyderabad
ORD006479,CUST0291,PROD0002,2024-09-08,1,5,20041.38,3716.1,Net Banking,Delivered,Maharashtra,Pune
ORD006480,CUST0213,PROD0023,2024-02-06,1,5,17828.96,3412.57,Debit Card,Delivered,West Bengal,Kolkata
ORD006481,CUST0564,PROD0014,2023-09-26,3,20,22633.85,-2391.25,Net Banking,Cancelled,Tamil Nadu,Coimbatore
ORD006482,CUST0398,PROD0022,2023-12-31,3,20,28757.45,905.78,Credit Card,Delivered,Madhya Pradesh,Bhopal
ORD006483,CUST0008,PROD0002,2025-02-12,1,5,20041.38,3716.1,Credit Card,Returned,Kerala,Kochi
ORD006484,CUST0061,PROD0010,2023-02-02,1,20,18709.38,-2110.15,Credit Card,Cancelled,Kerala,Kochi
ORD006485,CUST0207,PROD0015,2025-06-21,1,5,10751.26,1814.35,Cash on Delivery,Delivered,Karnataka,Bangalore
ORD006486,CUST0010,PROD0004,2024-02-02,1,0,13157.81,1786.67,Cash on Delivery,Delivered,Bihar,Patna
ORD006487,CUST0310,PROD0020,2023-06-04,4,30,53312.59,-12567.01,Debit Card,Delivered,Telangana,Hyderabad
ORD006488,CUST0111,PROD0004,2024-10-04,2,0,26315.62,3573.34,UPI,Delivered,Rajasthan,Jaipur
ORD006489,CUST0136,PROD0033,2025-02-24,3,0,52783.47,5130.51,Credit Card,Delivered,Karnataka,Bangalore
ORD006490,CUST0160,PROD0012,2024-03-13,3,5,71767.05,10799.64,Credit Card,Delivered,Rajasthan,Jaipur
ORD006491,CUST0218,PROD0034,2023-03-19,2,0,43130.44,5748.68,Cash on Delivery,Delivered,West Bengal,Kolkata
ORD006492,CUST0540,PROD0030,2024-10-08,1,20,7573.78,-1020.86,Credit Card,Cancelled,Tamil Nadu,Coimbatore
ORD006493,CUST0573,PROD0014,2023-04-06,5,5,44796.16,3087.66,Debit Card,Delivered,Gujarat,Ahmedabad
ORD006494,CUST0104,PROD0006,2025-03-23,1,15,10017.56,-469.78,Credit Card,Returned,Bihar,Patna
ORD006495,CUST0351,PROD0026,2025-01-26,1,0,17838.99,1717.92,UPI,Delivered,Gujarat,Surat
ORD006496,CUST0141,PROD0014,2023-01-12,1,10,8487.69,145.99,Debit Card,Delivered,Maharashtra,Nagpur
ORD006497,CUST0201,PROD0011,2023-10-28,1,0,3275.51,725.88,Debit Card,Delivered,Chandigarh,Chandigarh
ORD006498,CUST0176,PROD0026,2024-06-25,1,0,17838.99,1717.92,Net Banking,Delivered,Telangana,Hyderabad
ORD006499,CUST0330,PROD0001,2023-12-28,4,0,92392.52,22035.64,Credit Card,Delivered,Chandigarh,Chandigarh
ORD006500,CUST0340,PROD0008,2024-03-04,5,0,53785.9,6529.0,Credit Card,Delivered,Madhya Pradesh,Indore
ORD006501,CUST0241,PROD0017,2024-04-02,1,10,21824.59,3756.23,Unknown,Delivered,Bihar,Patna
ORD006502,CUST0426,PROD0015,2025-06-23,1,0,11317.12,2380.21,UPI,Returned,Delhi,Delhi
ORD006503,CUST0221,PROD0027,2024-01-14,2,5,57722.4,11246.92,Cash on Delivery,Cancelled,Bihar,Patna
ORD006504,CUST0247,PROD0030,2024-12-27,1,5,8993.86,399.22,UPI,Cancelled,Madhya Pradesh,Bhopal
ORD006505,CUST0330,PROD0028,2023-10-13,2,15,13229.77,-362.39,Cash on Delivery,Delivered,Chandigarh,Chandigarh
ORD006506,CUST0196,PROD0011,2023-09-01,5,0,16377.55,3629.4,Credit Card,Returned,Maharashtra,Mumbai
ORD006507,CUST0507,PROD0023,2024-08-20,1,30,13137.13,-1279.26,Debit Card,Delivered,Delhi,Delhi
ORD006508,CUST0220,PROD0028,2024-07-22,1,20,6225.78,-570.3,Cash on Delivery,Delivered,Uttar Pradesh,Lucknow
ORD006509,CUST0580,PROD0006,2025-01-25,2,10,21213.67,238.99,UPI,Delivered,Delhi,Delhi
ORD006510,CUST0293,PROD0004,2024-02-29,4,10,47368.12,1883.56,Net Banking,Returned,West Bengal,Kolkata
ORD006511,CUST0096,PROD0032,2023-12-18,1,0,11479.01,1369.52,Net Banking,Delivered,Karnataka,Bangalore
ORD006512,CUST0061,PROD0003,2024-03-22,1,20,16672.11,-1390.76,Cash on Delivery,Delivered,Kerala,Kochi
ORD006513,CUST0526,PROD0008,2023-11-12,2,0,21514.36,2611.6,Net Banking,Delivered,Uttar Pradesh,Lucknow
ORD006514,CUST0100,PROD0008,2024-05-18,1,0,10757.18,1305.8,Debit Card,Cancelled,Maharashtra,Pune
ORD006515,CUST0004,PROD0001,2023-12-10,2,20,36957.01,1778.57,Net Banking,Delivered,Kerala,Kochi
ORD006516,CUST0585,PROD0030,2025-01-09,3,20,22721.33,-3062.59,Credit Card,Returned,Maharashtra,Pune
ORD006517,CUST0084,PROD0014,2025-07-12,1,15,8016.15,-325.55,UPI,Delivered,Madhya Pradesh,Indore
ORD006518,CUST0171,PROD0016,2024-05-15,5,10,111387.92,17415.12,Credit Card,Delivered,Uttar Pradesh,Kanpur
ORD006519,CUST0098,PROD0035,2023-12-28,1,10,11288.74,705.9,Credit Card,Delivered,West Bengal,Kolkata
ORD006520,CUST0382,PROD0028,2024-09-27,2,10,14008.0,415.84,Credit Card,Delivered,Tamil Nadu,Coimbatore
ORD006521,CUST0107,PROD0005,2023-05-22,1,5,9881.51,1309.06,Debit Card,Delivered,Uttar Pradesh,Lucknow
ORD006522,CUST0405,PROD0025,2023-11-14,1,5,24395.44,3907.53,Net Banking,Delivered,Rajasthan,Jaipur
ORD006523,CUST0501,PROD0024,2025-05-29,5,10,127893.38,22132.83,UPI,Delivered,Madhya Pradesh,Bhopal
ORD006524,CUST0477,PROD0028,2024-07-09,2,0,15564.44,1972.28,Net Banking,Delivered,Karnataka,Bangalore
ORD006525,CUST0052,PROD0018,2023-07-06,1,20,14321.64,-748.55,Net Banking,Cancelled,Karnataka,Bangalore
ORD006526,CUST0047,PROD0012,2025-02-04,1,20,20145.14,-177.33,Cash on Delivery,Delivered,Kerala,Kochi
ORD006527,CUST0345,PROD0026,2024-11-16,1,30,12487.29,-3633.78,Credit Card,Delivered,Kerala,Kochi
ORD006528,CUST0428,PROD0016,2024-03-04,1,5,23515.23,4720.67,Debit Card,Returned,Gujarat,Surat
ORD006529,CUST0243,PROD0034,2023-02-15,1,10,19408.7,717.82,Credit Card,Delivered,Bihar,Patna
ORD006530,CUST0058,PROD0028,2023-09-23,1,5,7393.11,597.03,Credit Card,Cancelled,Kerala,Kochi
ORD006531,CUST0521,PROD0034,2023-04-25,1,5,20486.96,1796.08,Cash on Delivery,Delivered,Uttar Pradesh,Kanpur
ORD006532,CUST0252,PROD0021,2024-04-06,3,5,10611.15,2093.46,Credit Card,Cancelled,Karnataka,Bangalore
ORD006533,CUST0350,PROD0012,2023-12-12,1,0,25181.42,4858.95,Debit Card,Delivered,Telangana,Hyderabad
ORD006534,CUST0225,PROD0007,2025-04-17,1,5,12937.97,2182.88,Cash on Delivery,Returned,Tamil Nadu,Coimbatore
ORD006535,CUST0028,PROD0011,2024-10-08,2,10,5895.92,796.66,UPI,Cancelled,Bihar,Patna
ORD006536,CUST0587,PROD0026,2023-08-26,1,5,16947.04,825.97,Debit Card,Delivered,Chandigarh,Chandigarh
ORD006537,CUST0044,PROD0016,2023-11-14,2,0,49505.74,11916.62,Debit Card,Delivered,Madhya Pradesh,Bhopal
ORD006538,CUST0059,PROD0012,2023-10-06,2,5,47844.7,7199.76,Net Banking,Delivered,Maharashtra,Mumbai
ORD006539,CUST0214,PROD0029,2025-02-10,1,10,18660.36,1048.3,Net Banking,Delivered,Maharashtra,Nagpur
ORD006540,CUST0589,PROD0032,2024-05-26,1,5,10905.06,795.57,Cash on Delivery,Delivered,Madhya Pradesh,Bhopal
ORD006541,CUST0324,PROD0013,2023-06-18,1,10,16436.86,1713.2,Debit Card,Delivered,Madhya Pradesh,Bhopal
ORD006542,CUST0254,PROD0009,2023-12-03,1,0,25782.26,2696.08,Debit Card,Returned,Uttar Pradesh,Lucknow
ORD006543,CUST0301,PROD0028,2023-01-17,1,5,7393.11,597.03,Debit Card,Delivered,West Bengal,Kolkata
ORD006544,CUST0140,PROD0010,2023-11-02,1,5,22217.39,1397.86,UPI,Cancelled,Uttar Pradesh,Lucknow
ORD006545,CUST0553,PROD0034,2024-08-22,4,0,86260.88,11497.36,Net Banking,Delivered,Tamil Nadu,Coimbatore
ORD006546,CUST0127,PROD0003,2024-07-15,1,0,20840.14,2777.27,Net Banking,Cancelled,Uttar Pradesh,Lucknow
ORD006547,CUST0027,PROD0018,2023-12-03,1,0,17902.05,2831.86,Cash on Delivery,Delivered,Telangana,Hyderabad
ORD006548,CUST0585,PROD0004,2023-02-04,1,0,13157.81,1786.67,Debit Card,Returned,Maharashtra,Pune
ORD006549,CUST0322,PROD0013,2024-11-26,2,0,36526.36,7079.04,Credit Card,Cancelled,Bihar,Patna
ORD006550,CUST0354,PROD0034,2023-08-23,1,5,20486.96,1796.08,Credit Card,Returned,Delhi,Delhi
ORD006551,CUST0568,PROD0020,2023-03-21,1,5,18088.2,1618.3,Debit Card,Delivered,Kerala,Kochi
ORD006552,CUST0050,PROD0026,2023-03-31,2,30,24974.59,-7267.55,Credit Card,Returned,Maharashtra,Pune
ORD006553,CUST0027,PROD0034,2024-11-15,2,15,36660.87,-720.89,Credit Card,Cancelled,Telangana,Hyderabad
ORD006554,CUST0148,PROD0024,2024-08-19,1,0,28420.75,7268.64,Debit Card,Delivered,Karnataka,Bangalore
ORD006555,CUST0392,PROD0027,2024-02-11,2,0,60760.42,14284.94,Net Banking,Cancelled,Tamil Nadu,Chennai
ORD006556,CUST0553,PROD0035,2023-09-16,3,0,37629.12,5880.6,Credit Card,Delivered,Tamil Nadu,Coimbatore
ORD006557,CUST0158,PROD0025,2025-07-04,2,30,35951.17,-5024.65,Cash on Delivery,Delivered,Tamil Nadu,Coimbatore
ORD006558,CUST0546,PROD0024,2024-10-11,1,30,19894.52,-1257.59,Credit Card,Delivered,Madhya Pradesh,Bhopal
ORD006559,CUST0333,PROD0007,2023-08-18,3,5,38813.92,6548.65,UPI,Delivered,Maharashtra,Pune
ORD006560,CUST0598,PROD0009,2025-02-16,2,0,51564.52,5392.16,UPI,Delivered,Tamil Nadu,Coimbatore
ORD006561,CUST0306,PROD0015,2025-02-25,1,30,7921.98,-1014.93,Credit Card,Returned,Uttar Pradesh,Kanpur
ORD006562,CUST0088,PROD0030,2024-11-21,1,0,9467.22,872.58,Credit Card,Delivered,Uttar Pradesh,Kanpur
ORD006563,CUST0371,PROD0021,2024-05-08,4,10,13403.56,2046.64,Credit Card,Delivered,Chandigarh,Chandigarh
ORD006564,CUST0143,PROD0014,2024-03-07,1,15,8016.15,-325.55,Debit Card,Delivered,Karnataka,Bangalore
ORD006565,CUST0431,PROD0027,2023-03-14,1,20,24304.17,1066.43,Debit Card,Returned,Tamil Nadu,Chennai
ORD006566,CUST0052,PROD0026,2023-12-18,5,10,80275.46,-329.89,Net Banking,Delivered,Karnataka,Bangalore
ORD006567,CUST0169,PROD0024,2023-05-19,3,10,76736.03,13279.7,Debit Card,Returned,Telangana,Hyderabad
ORD006568,CUST0527,PROD0017,2025-07-09,1,20,19399.63,1331.27,Debit Card,Cancelled,Bihar,Patna
ORD006569,CUST0524,PROD0008,2024-08-23,4,10,38725.85,920.33,Debit Card,Delivered,Madhya Pradesh,Bhopal
ORD006570,CUST0037,PROD0035,2025-04-10,1,0,12543.04,1960.2,Credit Card,Delivered,Uttar Pradesh,Lucknow
ORD006571,CUST0138,PROD0007,2023-12-26,1,0,13618.92,2863.83,Credit Card,Delivered,Uttar Pradesh,Lucknow
ORD006572,CUST0531,PROD0006,2025-07-12,1,10,10606.83,119.49,Net Banking,Delivered,Kerala,Kochi
ORD006573,CUST0084,PROD0029,2023-03-16,2,20,33173.97,-2050.15,Net Banking,Cancelled,Madhya Pradesh,Indore
ORD006574,CUST0077,PROD0006,2025-05-23,1,20,9428.3,-1059.04,Debit Card,Delivered,Maharashtra,Pune
ORD006575,CUST0017,PROD0006,2024-12-06,1,15,10017.56,-469.78,Credit Card,Cancelled,Uttar Pradesh,Kanpur
ORD006576,CUST0569,PROD0033,2024-02-03,2,20,28151.18,-3617.46,Cash on Delivery,Returned,West Bengal,Kolkata
ORD006577,CUST0384,PROD0023,2023-01-22,4,10,67562.39,9896.83,Net Banking,Delivered,Gujarat,Surat
ORD006578,CUST0548,PROD0003,2025-06-14,1,30,14588.1,-3474.77,Cash on Delivery,Delivered,Gujarat,Ahmedabad
ORD006579,CUST0576,PROD0028,2023-08-30,1,0,7782.22,986.14,Net Banking,Returned,Maharashtra,Mumbai
ORD006580,CUST0213,PROD0001,2024-09-07,1,5,21943.22,4354.0,Cash on Delivery,Delivered,West Bengal,Kolkata
ORD006581,CUST0474,PROD0011,2025-04-11,4,0,13102.04,2903.52,Net Banking,Delivered,Delhi,Delhi
ORD006582,CUST0362,PROD0013,2025-02-27,2,10,32873.72,3426.4,Debit Card,Delivered,Madhya Pradesh,Bhopal
ORD006583,CUST0351,PROD0004,2024-02-13,1,20,10526.25,-844.89,Net Banking,Returned,Gujarat,Surat
ORD006584,CUST0209,PROD0002,2023-04-20,5,10,94932.86,13306.46,UPI,Cancelled,Telangana,Hyderabad
ORD006585,CUST0429,PROD0032,2023-06-30,1,15,9757.16,-352.33,Debit Card,Delivered,Madhya Pradesh,Bhopal
ORD006586,CUST0520,PROD0003,2023-09-03,2,0,41680.28,5554.54,UPI,Returned,Kerala,Kochi
ORD006587,CUST0302,PROD0019,2023-10-13,2,5,31794.96,2772.4,Net Banking,Delivered,Maharashtra,Pune
ORD006588,CUST0086,PROD0027,2024-04-29,1,15,25823.18,2585.44,Net Banking,Delivered,West Bengal,Kolkata
ORD006589,CUST0520,PROD0008,2025-03-15,1,0,10757.18,1305.8,Credit Card,Cancelled,Kerala,Kochi
ORD006590,CUST0392,PROD0004,2023-08-18,2,10,23684.06,941.78,Credit Card,Delivered,Tamil Nadu,Chennai
ORD006591,CUST0009,PROD0013,2025-01-22,4,5,69400.08,10505.44,Cash on Delivery,Delivered,Kerala,Kochi
ORD006592,CUST0049,PROD0001,2023-12-19,1,10,20788.32,3199.1,UPI,Delivered,Assam,Guwahati
ORD006593,CUST0354,PROD0014,2024-03-21,1,20,7544.62,-797.08,Net Banking,Delivered,Delhi,Delhi
ORD006594,CUST0311,PROD0030,2024-12-17,1,5,8993.86,399.22,UPI,Delivered,Uttar Pradesh,Kanpur
ORD006595,CUST0340,PROD0007,2024-02-16,1,10,12257.03,1501.94,UPI,Returned,Madhya Pradesh,Indore
ORD006596,CUST0288,PROD0001,2024-12-04,1,0,23098.13,5508.91,Credit Card,Returned,Delhi,Delhi
ORD006597,CUST0110,PROD0012,2025-01-03,4,0,100725.68,19435.8,Debit Card,Delivered,Gujarat,Ahmedabad
ORD006598,CUST0039,PROD0008,2023-09-18,1,0,10757.18,1305.8,Cash on Delivery,Delivered,Delhi,Delhi
ORD006599,CUST0525,PROD0005,2024-09-24,1,10,9361.43,788.98,Credit Card,Returned,Gujarat,Surat
ORD006600,CUST0168,PROD0031,2024-07-23,3,15,68912.09,3613.82,Debit Card,Cancelled,Madhya Pradesh,Indore
ORD006601,CUST0343,PROD0023,2025-05-06,1,15,15952.23,1535.84,UPI,Returned,Rajasthan,Jaipur
ORD006602,CUST0072,PROD0029,2024-09-30,1,0,20733.73,3121.67,Cash on Delivery,Delivered,Chandigarh,Chandigarh
ORD006603,CUST0101,PROD0002,2023-09-14,1,30,14767.33,-1557.95,Net Banking,Delivered,Madhya Pradesh,Indore
ORD006604,CUST0241,PROD0019,2024-01-19,1,20,13387.35,-1123.93,Credit Card,Delivered,Bihar,Patna
ORD006605,CUST0476,PROD0001,2023-01-18,2,15,39266.82,4088.38,Credit Card,Delivered,Gujarat,Surat
ORD006606,CUST0200,PROD0023,2024-01-26,3,0,56301.99,13052.82,UPI,Returned,Uttar Pradesh,Lucknow
ORD006607,CUST0403,PROD0027,2023-05-03,1,5,28861.2,5623.46,Credit Card,Cancelled,Assam,Guwahati
ORD006608,CUST0348,PROD0002,2023-09-09,2,10,37973.14,5322.58,Debit Card,Delivered,Assam,Guwahati
ORD006609,CUST0140,PROD0019,2024-07-18,1,0,16734.19,2222.91,Net Banking,Returned,Uttar Pradesh,Lucknow
ORD006610,CUST0430,PROD0006,2025-07-08,5,15,50087.82,-2348.88,UPI,Returned,Tamil Nadu,Coimbatore
ORD006611,CUST0553,PROD0011,2023-10-27,2,0,6551.02,1451.76,Net Banking,Delivered,Tamil Nadu,Coimbatore
ORD006612,CUST0130,PROD0024,2023-07-28,2,20,45473.2,3168.98,Debit Card,Delivered,Chandigarh,Chandigarh
ORD006613,CUST0294,PROD0029,2023-01-18,1,10,18660.36,1048.3,Net Banking,Returned,Rajasthan,Jaipur
ORD006614,CUST0373,PROD0032,2023-11-02,2,20,18366.42,-1852.56,Credit Card,Delivered,Assam,Guwahati
ORD006615,CUST0504,PROD0011,2023-03-02,1,5,3111.73,562.1,Net Banking,Delivered,Gujarat,Surat
ORD006616,CUST0473,PROD0033,2023-09-29,1,0,17594.49,1710.17,Net Banking,Delivered,Madhya Pradesh,Bhopal
ORD006617,CUST0021,PROD0013,2024-11-01,1,15,15523.7,800.04,Debit Card,Delivered,Gujarat,Surat
ORD006618,CUST0212,PROD0031,2025-02-18,3,0,81073.05,15774.78,Credit Card,Delivered,Gujarat,Surat
ORD006619,CUST0173,PROD0009,2024-07-07,2,0,51564.52,5392.16,Credit Card,Delivered,Delhi,Delhi
ORD006620,CUST0530,PROD0019,2024-08-20,2,0,33468.38,4445.82,Cash on Delivery,Delivered,Maharashtra,Nagpur
ORD006621,CUST0102,PROD0025,2023-11-06,1,30,17975.59,-2512.32,Net Banking,Returned,Telangana,Hyderabad
ORD006622,CUST0015,PROD0005,2024-01-02,1,0,10401.59,1829.14,UPI,Cancelled,Uttar Pradesh,Lucknow
ORD006623,CUST0165,PROD0020,2025-05-25,1,0,19040.21,2570.31,Net Banking,Cancelled,Gujarat,Ahmedabad
ORD006624,CUST0111,PROD0008,2023-01-12,1,15,9143.6,-307.78,Cash on Delivery,Delivered,Rajasthan,Jaipur
ORD006625,CUST0005,PROD0008,2023-11-17,2,20,17211.49,-1691.27,Net Banking,Delivered,Madhya Pradesh,Indore
ORD006626,CUST0106,PROD0019,2023-11-23,4,0,66936.76,8891.64,Debit Card,Delivered,Telangana,Hyderabad
ORD006627,CUST0256,PROD0027,2024-02-23,2,15,51646.36,5170.88,Credit Card,Cancelled,Maharashtra,Pune
ORD006628,CUST0149,PROD0034,2024-03-11,4,0,86260.88,11497.36,Net Banking,Returned,Uttar Pradesh,Kanpur
ORD006629,CUST0581,PROD0026,2024-11-30,1,10,16055.09,-65.98,Credit Card,Delivered,Madhya Pradesh,Indore
ORD006630,CUST0112,PROD0015,2023-07-18,4,0,45268.48,9520.84,Cash on Delivery,Delivered,Karnataka,Bangalore
ORD006631,CUST0127,PROD0009,2024-10-19,4,5,97972.59,5627.87,Debit Card,Delivered,Uttar Pradesh,Lucknow
ORD006632,CUST0461,PROD0029,2024-09-25,1,20,16586.98,-1025.08,Debit Card,Delivered,Delhi,Delhi
ORD006633,CUST0059,PROD0022,2023-08-29,2,0,23964.54,5396.76,Cash on Delivery,Delivered,Maharashtra,Mumbai
ORD006634,CUST0286,PROD0008,2023-01-31,3,5,30657.96,2303.82,UPI,Delivered,Uttar Pradesh,Kanpur
ORD006635,CUST0595,PROD0008,2025-03-13,3,0,32271.54,3917.4,Credit Card,Delivered,Rajasthan,Jaipur
ORD006636,CUST0079,PROD0013,2025-06-30,1,0,18263.18,3539.52,Debit Card,Delivered,Madhya Pradesh,Bhopal
ORD006637,CUST0399,PROD0017,2024-08-17,2,5,46074.13,9937.41,Credit Card,Delivered,Tamil Nadu,Coimbatore
ORD006638,CUST0005,PROD0003,2024-06-12,2,0,41680.28,5554.54,Debit Card,Returned,Madhya Pradesh,Indore
ORD006639,CUST0255,PROD0018,2023-11-22,1,0,17902.05,2831.86,Debit Card,Delivered,Karnataka,Bangalore
ORD006640,CUST0248,PROD0009,2023-07-15,1,0,25782.26,2696.08,Credit Card,Returned,Maharashtra,Pune
ORD006641,CUST0533,PROD0016,2025-07-16,2,0,49505.74,11916.62,Debit Card,Cancelled,Kerala,Kochi
ORD006642,CUST0502,PROD0002,2023-12-14,1,15,17931.76,1606.48,Credit Card,Delivered,Maharashtra,Nagpur
ORD006643,CUST0116,PROD0014,2023-10-02,2,5,17918.46,1235.06,UPI,Delivered,Maharashtra,Pune
ORD006644,CUST0100,PROD0019,2023-10-25,2,0,33468.38,4445.82,Net Banking,Delivered,Maharashtra,Pune
ORD006645,CUST0451,PROD0034,2024-09-27,1,5,20486.96,1796.08,Net Banking,Returned,Bihar,Patna
ORD006646,CUST0472,PROD0024,2023-01-28,2,0,56841.5,14537.28,UPI,Delivered,Uttar Pradesh,Lucknow
ORD006647,CUST0244,PROD0031,2024-08-11,4,0,108097.4,21033.04,Cash on Delivery,Delivered,Chandigarh,Chandigarh
ORD006648,CUST0139,PROD0013,2023-06-07,1,5,17350.02,2626.36,Cash on Delivery,Returned,West Bengal,Kolkata
ORD006649,CUST0392,PROD0031,2023-11-28,1,0,27024.35,5258.26,Net Banking,Cancelled,Tamil Nadu,Chennai
ORD006650,CUST0464,PROD0034,2024-02-11,1,10,19408.7,717.82,UPI,Delivered,Bihar,Patna
ORD006651,CUST0067,PROD0032,2025-07-27,2,0,22958.02,2739.04,UPI,Cancelled,Telangana,Hyderabad
ORD006652,CUST0396,PROD0004,2023-01-23,2,5,24999.84,2257.56,Net Banking,Returned,Gujarat,Surat
ORD006653,CUST0168,PROD0006,2025-07-05,1,5,11196.1,708.76,Debit Card,Delivered,Madhya Pradesh,Indore
ORD006654,CUST0284,PROD0032,2024-06-08,1,5,10905.06,795.57,Net Banking,Delivered,Karnataka,Bangalore
ORD006655,CUST0136,PROD0008,2024-04-07,1,10,9681.46,230.08,Cash on Delivery,Delivered,Karnataka,Bangalore
ORD006656,CUST0238,PROD0005,2023-08-10,2,15,17682.7,537.8,Debit Card,Delivered,Chandigarh,Chandigarh
ORD006657,CUST0374,PROD0023,2025-05-17,3,0,56301.99,13052.82,Debit Card,Delivered,Gujarat,Surat
ORD006658,CUST0053,PROD0023,2023-05-05,1,15,15952.23,1535.84,UPI,Delivered,Telangana,Hyderabad
ORD006659,CUST0099,PROD0020,2024-07-25,1,10,17136.19,666.29,Cash on Delivery,Returned,Assam,Guwahati
ORD006660,CUST0522,PROD0017,2025-03-11,1,5,23037.06,4968.7,UPI,Cancelled,Rajasthan,Jaipur
ORD006661,CUST0008,PROD0007,2023-04-02,3,10,36771.08,4505.81,Debit Card,Delivered,Kerala,Kochi
ORD006662,CUST0563,PROD0012,2023-07-25,3,0,75544.26,14576.85,Cash on Delivery,Delivered,West Bengal,Kolkata
ORD006663,CUST0411,PROD0006,2025-07-23,1,15,10017.56,-469.78,Credit Card,Delivered,Madhya Pradesh,Bhopal
ORD006664,CUST0090,PROD0024,2024-06-21,2,0,56841.5,14537.28,Cash on Delivery,Delivered,Maharashtra,Pune
ORD006665,CUST0460,PROD0017,2023-06-18,2,15,41224.22,5087.5,Net Banking,Delivered,Gujarat,Ahmedabad
ORD006666,CUST0552,PROD0019,2023-05-30,2,5,31794.96,2772.4,Debit Card,Delivered,Telangana,Hyderabad
ORD006667,CUST0540,PROD0021,2025-01-02,2,5,7074.1,1395.64,Credit Card,Returned,Tamil Nadu,Coimbatore
ORD006668,CUST0353,PROD0020,2024-11-22,1,5,18088.2,1618.3,UPI,Cancelled,Kerala,Kochi
ORD006669,CUST0096,PROD0014,2024-01-13,1,20,7544.62,-797.08,Credit Card,Cancelled,Karnataka,Bangalore
ORD006670,CUST0243,PROD0025,2024-01-20,1,0,25679.41,5191.5,UPI,Delivered,Bihar,Patna
ORD006671,CUST0416,PROD0022,2024-12-08,1,0,11982.27,2698.38,UPI,Delivered,Maharashtra,Nagpur
ORD006672,CUST0167,PROD0018,2024-01-29,1,0,17902.05,2831.86,UPI,Delivered,Bihar,Patna
ORD006673,CUST0076,PROD0029,2024-07-18,1,10,18660.36,1048.3,Debit Card,Delivered,Gujarat,Surat
ORD006674,CUST0193,PROD0031,2023-10-28,2,0,54048.7,10516.52,Unknown,Cancelled,Rajasthan,Jaipur
ORD006675,CUST0314,PROD0023,2023-12-09,2,0,37534.66,8701.88,Net Banking,Returned,Chandigarh,Chandigarh
ORD006676,CUST0207,PROD0021,2023-04-10,1,10,3350.89,511.66,Net Banking,Returned,Karnataka,Bangalore
ORD006677,CUST0138,PROD0033,2025-04-13,1,15,14955.32,-929.0,Cash on Delivery,Delivered,Uttar Pradesh,Lucknow
ORD006678,CUST0235,PROD0028,2025-06-23,2,10,14008.0,415.84,Net Banking,Delivered,Maharashtra,Mumbai
ORD006679,CUST0552,PROD0024,2024-12-18,5,10,127893.38,22132.83,UPI,Cancelled,Telangana,Hyderabad
ORD006680,CUST0324,PROD0013,2023-10-27,1,5,17350.02,2626.36,Debit Card,Returned,Madhya Pradesh,Bhopal
ORD006681,CUST0590,PROD0029,2024-05-19,2,5,39394.09,4169.97,UPI,Delivered,Madhya Pradesh,Indore
ORD006682,CUST0502,PROD0029,2024-01-05,1,0,20733.73,3121.67,Debit Card,Delivered,Maharashtra,Nagpur
ORD006683,CUST0350,PROD0003,2025-03-20,2,0,41680.28,5554.54,Net Banking,Delivered,Telangana,Hyderabad
ORD006684,CUST0507,PROD0025,2024-04-11,4,5,97581.76,15630.12,Credit Card,Delivered,Delhi,Delhi
ORD006685,CUST0124,PROD0022,2024-03-13,1,0,11982.27,2698.38,Cash on Delivery,Delivered,Gujarat,Surat
ORD006686,CUST0043,PROD0010,2025-02-17,3,0,70160.19,7701.6,Credit Card,Delivered,Uttar Pradesh,Lucknow
ORD006687,CUST0183,PROD0030,2024-02-28,1,5,8993.86,399.22,UPI,Delivered,Uttar Pradesh,Lucknow
ORD006688,CUST0502,PROD0032,2025-05-20,3,5,32715.18,2386.71,Cash on Delivery,Delivered,Maharashtra,Nagpur
ORD006689,CUST0020,PROD0019,2023-06-17,1,10,15060.77,549.49,Debit Card,Delivered,Maharashtra,Nagpur
ORD006690,CUST0086,PROD0020,2023-09-29,4,5,72352.8,6473.2,Credit Card,Delivered,West Bengal,Kolkata
ORD006691,CUST0035,PROD0015,2024-05-16,2,0,22634.24,4760.42,UPI,Delivered,Maharashtra,Nagpur
ORD006692,CUST0476,PROD0029,2023-11-11,2,5,39394.09,4169.97,UPI,Delivered,Gujarat,Surat
ORD006693,CUST0272,PROD0001,2024-03-13,1,5,21943.22,4354.0,UPI,Returned,Maharashtra,Nagpur
ORD006694,CUST0065,PROD0001,2023-06-12,2,10,41576.63,6398.19,Net Banking,Cancelled,Rajasthan,Jaipur
ORD006695,CUST0016,PROD0030,2025-05-04,2,15,16094.27,-1095.01,Cash on Delivery,Delivered,Maharashtra,Nagpur
ORD006696,CUST0480,PROD0027,2023-12-28,1,0,30380.21,7142.47,Net Banking,Returned,Gujarat,Surat
ORD006697,CUST0539,PROD0030,2024-09-07,2,0,18934.44,1745.16,Cash on Delivery,Delivered,Kerala,Kochi
ORD006698,CUST0430,PROD0005,2025-07-06,1,0,10401.59,1829.14,Net Banking,Delivered,Tamil Nadu,Coimbatore
ORD006699,CUST0078,PROD0011,2024-01-22,1,0,3275.51,725.88,Cash on Delivery,Cancelled,Karnataka,Bangalore
ORD006700,CUST0051,PROD0035,2024-08-22,1,0,12543.04,1960.2,Credit Card,Delivered,Gujarat,Ahmedabad
ORD006701,CUST0007,PROD0027,2024-08-05,2,0,60760.42,14284.94,Debit Card,Returned,Chandigarh,Chandigarh
ORD006702,CUST0329,PROD0001,2023-05-11,2,30,32337.38,-2841.06,Debit Card,Delivered,Rajasthan,Jaipur
ORD006703,CUST0551,PROD0009,2024-08-06,2,20,41251.62,-4920.74,Net Banking,Delivered,Gujarat,Ahmedabad
ORD006704,CUST0032,PROD0031,2025-07-29,1,10,24321.92,2555.83,Debit Card,Delivered,Karnataka,Bangalore
ORD006705,CUST0346,PROD0016,2024-07-18,4,0,99011.48,23833.24,Net Banking,Delivered,Tamil Nadu,Chennai
ORD006706,CUST0561,PROD0005,2024-11-20,2,10,18722.86,1577.96,UPI,Delivered,Telangana,Hyderabad
ORD006707,CUST0466,PROD0034,2025-06-09,1,0,21565.22,2874.34,UPI,Delivered,Gujarat,Ahmedabad
ORD006708,CUST0483,PROD0021,2023-11-03,2,30,5212.49,-465.97,Net Banking,Returned,Uttar Pradesh,Kanpur
ORD006709,CUST0081,PROD0032,2023-08-24,1,20,9183.21,-926.28,Net Banking,Delivered,Gujarat,Ahmedabad
ORD006710,CUST0493,PROD0003,2024-06-20,1,0,20840.14,2777.27,Net Banking,Delivered,Maharashtra,Mumbai
ORD006711,CUST0235,PROD0010,2024-03-20,1,5,22217.39,1397.86,Cash on Delivery,Cancelled,Maharashtra,Mumbai
ORD006712,CUST0412,PROD0022,2023-03-27,4,20,38343.26,1207.7,Unknown,Delivered,Uttar Pradesh,Lucknow
ORD006713,CUST0195,PROD0018,2023-12-15,2,15,30433.48,293.1,UPI,Delivered,Kerala,Kochi
ORD006714,CUST0566,PROD0013,2024-11-30,1,5,17350.02,2626.36,Cash on Delivery,Delivered,Maharashtra,Pune
ORD006715,CUST0165,PROD0023,2025-04-12,4,0,75069.32,17403.76,Credit Card,Returned,Gujarat,Ahmedabad
ORD006716,CUST0141,PROD0029,2024-09-08,2,0,41467.46,6243.34,Cash on Delivery,Delivered,Maharashtra,Nagpur
ORD006717,CUST0396,PROD0028,2024-06-04,5,10,35019.99,1039.59,Cash on Delivery,Delivered,Gujarat,Surat
ORD006718,CUST0146,PROD0023,2025-03-24,1,10,16890.6,2474.21,UPI,Delivered,West Bengal,Kolkata
ORD006719,CUST0106,PROD0012,2025-03-11,1,5,23922.35,3599.88,UPI,Delivered,Telangana,Hyderabad
ORD006720,CUST0224,PROD0022,2023-06-02,1,0,11982.27,2698.38,Credit Card,Delivered,Gujarat,Surat
ORD006721,CUST0008,PROD0032,2023-12-14,2,0,22958.02,2739.04,Unknown,Delivered,Kerala,Kochi
ORD006722,CUST0328,PROD0012,2025-04-03,1,0,25181.42,4858.95,UPI,Delivered,Tamil Nadu,Coimbatore
ORD006723,CUST0422,PROD0024,2023-06-15,1,0,28420.75,7268.64,UPI,Cancelled,Kerala,Kochi
ORD006724,CUST0530,PROD0033,2025-06-01,1,5,16714.77,830.45,UPI,Delivered,Maharashtra,Nagpur
ORD006725,CUST0017,PROD0006,2025-05-17,3,5,33588.3,2126.28,Net Banking,Returned,Uttar Pradesh,Kanpur
ORD006726,CUST0430,PROD0006,2023-11-01,1,10,10606.83,119.49,Cash on Delivery,Returned,Tamil Nadu,Coimbatore
ORD006727,CUST0035,PROD0004,2023-10-03,2,15,22368.28,-374.0,Debit Card,Delivered,Maharashtra,Nagpur
ORD006728,CUST0049,PROD0033,2025-04-22,2,5,33429.53,1660.89,UPI,Cancelled,Assam,Guwahati
ORD006729,CUST0191,PROD0008,2023-07-15,1,20,8605.74,-845.64,UPI,Delivered,West Bengal,Kolkata
ORD006730,CUST0221,PROD0019,2024-03-10,1,0,16734.19,2222.91,Net Banking,Cancelled,Bihar,Patna
ORD006731,CUST0266,PROD0006,2023-08-19,2,30,16499.52,-4475.16,Cash on Delivery,Delivered,Gujarat,Surat
ORD006732,CUST0249,PROD0017,2024-07-22,2,5,46074.13,9937.41,UPI,Cancelled,Rajasthan,Jaipur
ORD006733,CUST0251,PROD0002,2025-07-21,5,20,84384.76,2758.36,Net Banking,Delivered,Maharashtra,Pune
ORD006734,CUST0555,PROD0020,2025-01-20,1,0,19040.21,2570.31,Debit Card,Returned,Uttar Pradesh,Kanpur
ORD006735,CUST0545,PROD0011,2025-07-05,1,0,3275.51,725.88,Credit Card,Delivered,Delhi,Delhi
ORD006736,CUST0526,PROD0020,2024-04-16,3,0,57120.63,7710.93,Debit Card,Delivered,Uttar Pradesh,Lucknow
ORD006737,CUST0100,PROD0019,2023-04-15,3,5,47692.44,4158.6,Net Banking,Delivered,Maharashtra,Pune
ORD006738,CUST0486,PROD0033,2024-07-22,1,5,16714.77,830.45,Net Banking,Cancelled,Tamil Nadu,Chennai
ORD006739,CUST0157,PROD0018,2023-11-09,1,20,14321.64,-748.55,UPI,Cancelled,Gujarat,Ahmedabad
ORD006740,CUST0552,PROD0016,2025-05-16,1,15,21039.94,2245.38,Cash on Delivery,Delivered,Telangana,Hyderabad
ORD006741,CUST0589,PROD0011,2023-05-31,3,10,8843.88,1194.99,Cash on Delivery,Returned,Madhya Pradesh,Bhopal
ORD006742,CUST0235,PROD0029,2024-03-11,3,0,62201.19,9365.01,Credit Card,Cancelled,Maharashtra,Mumbai
ORD006743,CUST0457,PROD0015,2025-06-25,2,0,22634.24,4760.42,UPI,Delivered,Madhya Pradesh,Indore
ORD006744,CUST0353,PROD0024,2023-01-07,1,5,26999.71,5847.6,Debit Card,Delivered,Kerala,Kochi
ORD006745,CUST0338,PROD0022,2023-01-31,1,10,10784.04,1500.15,UPI,Delivered,Assam,Guwahati
ORD006746,CUST0163,PROD0020,2024-09-29,1,15,16184.18,-285.72,Credit Card,Returned,Madhya Pradesh,Indore
ORD006747,CUST0416,PROD0010,2025-03-27,1,0,23386.73,2567.2,UPI,Delivered,Maharashtra,Nagpur
ORD006748,CUST0033,PROD0011,2025-07-26,1,20,2620.41,70.78,Debit Card,Delivered,Tamil Nadu,Chennai
ORD006749,CUST0368,PROD0015,2025-03-23,2,15,19239.1,1365.28,Debit Card,Delivered,Telangana,Hyderabad
ORD006750,CUST0163,PROD0029,2023-03-08,2,15,35247.34,23.22,Net Banking,Delivered,Madhya Pradesh,Indore
ORD006751,CUST0594,PROD0034,2024-01-28,2,10,38817.4,1435.64,Debit Card,Returned,Gujarat,Ahmedabad
ORD006752,CUST0062,PROD0026,2023-09-02,1,15,15163.14,-957.93,Credit Card,Cancelled,Uttar Pradesh,Lucknow
ORD006753,CUST0567,PROD0011,2024-11-05,1,5,3111.73,562.1,Cash on Delivery,Delivered,Assam,Guwahati
ORD006754,CUST0556,PROD0027,2023-04-24,4,5,115444.8,22493.84,Credit Card,Delivered,Bihar,Patna
ORD006755,CUST0521,PROD0004,2025-01-01,1,0,13157.81,1786.67,Credit Card,Returned,Uttar Pradesh,Kanpur
ORD006756,CUST0110,PROD0004,2024-09-01,2,0,26315.62,3573.34,Debit Card,Delivered,Gujarat,Ahmedabad
ORD006757,CUST0029,PROD0033,2024-05-18,1,15,14955.32,-929.0,Cash on Delivery,Delivered,Uttar Pradesh,Kanpur
ORD006758,CUST0531,PROD0014,2023-01-23,2,0,18861.54,2178.14,UPI,Cancelled,Kerala,Kochi
ORD006759,CUST0027,PROD0026,2024-03-28,2,15,30326.28,-1915.86,Net Banking,Delivered,Telangana,Hyderabad
ORD006760,CUST0470,PROD0034,2024-11-14,3,20,51756.53,-4316.11,Credit Card,Delivered,Uttar Pradesh,Lucknow
ORD006761,CUST0180,PROD0001,2023-10-03,2,5,43886.45,8708.01,UPI,Delivered,Maharashtra,Pune
ORD006762,CUST0276,PROD0004,2024-01-11,2,0,26315.62,3573.34,Cash on Delivery,Cancelled,Maharashtra,Mumbai
ORD006763,CUST0355,PROD0011,2025-02-13,1,0,3275.51,725.88,Cash on Delivery,Delivered,Kerala,Kochi
ORD006764,CUST0567,PROD0028,2024-12-25,1,0,7782.22,986.14,Net Banking,Delivered,Assam,Guwahati
ORD006765,CUST0274,PROD0013,2023-12-09,1,0,18263.18,3539.52,UPI,Delivered,Tamil Nadu,Coimbatore
ORD006766,CUST0171,PROD0023,2024-11-06,3,15,47856.69,4607.52,Net Banking,Cancelled,Uttar Pradesh,Kanpur
ORD006767,CUST0019,PROD0004,2024-04-26,1,10,11842.03,470.89,UPI,Cancelled,Kerala,Kochi
ORD006768,CUST0523,PROD0001,2024-09-03,2,5,43886.45,8708.01,Debit Card,Returned,Rajasthan,Jaipur
ORD006769,CUST0451,PROD0034,2024-02-08,1,15,18330.44,-360.44,Net Banking,Cancelled,Bihar,Patna
ORD006770,CUST0036,PROD0033,2023-04-27,1,0,17594.49,1710.17,UPI,Returned,Kerala,Kochi
ORD006771,CUST0322,PROD0009,2023-05-18,2,10,46408.07,235.71,Credit Card,Cancelled,Bihar,Patna
ORD006772,CUST0245,PROD0032,2023-09-05,2,5,21810.12,1591.14,Credit Card,Returned,Kerala,Kochi
ORD006773,CUST0483,PROD0013,2025-02-16,1,20,14610.54,-113.12,Net Banking,Delivered,Uttar Pradesh,Kanpur
ORD006774,CUST0122,PROD0004,2024-12-10,1,0,13157.81,1786.67,Credit Card,Delivered,Kerala,Kochi
ORD006775,CUST0104,PROD0030,2023-04-16,5,5,44969.3,1996.1,Net Banking,Delivered,Bihar,Patna
ORD006776,CUST0436,PROD0011,2023-06-09,1,10,2947.96,398.33,Net Banking,Delivered,Gujarat,Ahmedabad
ORD006777,CUST0589,PROD0023,2024-01-24,2,10,33781.19,4948.41,Credit Card,Delivered,Madhya Pradesh,Bhopal
ORD006778,CUST0500,PROD0008,2023-11-17,1,10,9681.46,230.08,Credit Card,Returned,West Bengal,Kolkata
ORD006779,CUST0177,PROD0013,2025-05-10,2,20,29221.09,-226.23,Cash on Delivery,Delivered,Kerala,Kochi
ORD006780,CUST0305,PROD0032,2025-01-19,1,15,9757.16,-352.33,Credit Card,Returned,Assam,Guwahati
ORD006781,CUST0049,PROD0008,2023-07-17,3,0,32271.54,3917.4,Credit Card,Returned,Assam,Guwahati
ORD006782,CUST0431,PROD0030,2023-04-02,1,0,9467.22,872.58,Debit Card,Delivered,Tamil Nadu,Chennai
ORD006783,CUST0480,PROD0004,2024-08-27,4,0,52631.24,7146.68,UPI,Cancelled,Gujarat,Surat
ORD006784,CUST0189,PROD0010,2023-03-11,2,0,46773.46,5134.4,Credit Card,Delivered,Bihar,Patna
ORD006785,CUST0478,PROD0017,2025-04-27,1,30,16974.68,-1093.68,Credit Card,Delivered,Telangana,Hyderabad
ORD006786,CUST0234,PROD0007,2024-04-08,2,10,24514.06,3003.88,Debit Card,Delivered,Maharashtra,Pune
ORD006787,CUST0348,PROD0001,2023-08-19,1,15,19633.41,2044.19,UPI,Delivered,Assam,Guwahati
ORD006788,CUST0374,PROD0034,2023-09-02,2,0,43130.44,5748.68,Debit Card,Delivered,Gujarat,Surat
ORD006789,CUST0189,PROD0021,2023-10-06,2,20,5957.14,278.68,Cash on Delivery,Delivered,Bihar,Patna
ORD006790,CUST0416,PROD0026,2024-02-23,1,0,17838.99,1717.92,Net Banking,Delivered,Maharashtra,Nagpur
ORD006791,CUST0468,PROD0032,2025-01-11,5,0,57395.05,6847.6,Debit Card,Cancelled,Rajasthan,Jaipur
ORD006792,CUST0552,PROD0008,2024-10-20,1,5,10219.32,767.94,Cash on Delivery,Delivered,Telangana,Hyderabad
ORD006793,CUST0546,PROD0013,2024-06-19,1,10,16436.86,1713.2,Net Banking,Delivered,Madhya Pradesh,Bhopal
ORD006794,CUST0038,PROD0025,2024-07-13,1,0,25679.41,5191.5,Credit Card,Returned,Delhi,Delhi
ORD006795,CUST0071,PROD0020,2024-12-18,1,0,19040.21,2570.31,Cash on Delivery,Delivered,Tamil Nadu,Chennai
ORD006796,CUST0108,PROD0018,2023-05-20,1,20,14321.64,-748.55,Net Banking,Delivered,Telangana,Hyderabad
ORD006797,CUST0043,PROD0030,2023-09-29,3,10,25561.49,-222.43,UPI,Delivered,Uttar Pradesh,Lucknow
ORD006798,CUST0475,PROD0032,2023-07-28,2,0,22958.02,2739.04,Cash on Delivery,Delivered,Maharashtra,Pune
ORD006799,CUST0367,PROD0034,2023-12-16,1,10,19408.7,717.82,Credit Card,Cancelled,Karnataka,Bangalore
ORD006800,CUST0337,PROD0013,2023-12-08,1,30,12784.23,-1939.43,Net Banking,Delivered,Maharashtra,Pune
ORD006801,CUST0588,PROD0008,2023-10-02,1,0,10757.18,1305.8,Net Banking,Cancelled,Maharashtra,Mumbai
ORD006802,CUST0160,PROD0021,2025-06-08,2,15,6329.46,651.0,Debit Card,Cancelled,Rajasthan,Jaipur
ORD006803,CUST0168,PROD0022,2023-05-30,1,5,11383.16,2099.27,Cash on Delivery,Delivered,Madhya Pradesh,Indore
ORD006804,CUST0479,PROD0006,2024-08-20,1,15,10017.56,-469.78,Cash on Delivery,Returned,Telangana,Hyderabad
ORD006805,CUST0251,PROD0013,2024-03-23,2,0,36526.36,7079.04,UPI,Returned,Maharashtra,Pune
ORD006806,CUST0534,PROD0010,2024-02-19,3,15,59636.16,-2822.43,Credit Card,Delivered,Uttar Pradesh,Kanpur
ORD006807,CUST0158,PROD0023,2023-10-05,1,10,16890.6,2474.21,Debit Card,Delivered,Tamil Nadu,Coimbatore
ORD006808,CUST0132,PROD0008,2024-12-01,1,5,10219.32,767.94,Cash on Delivery,Delivered,Karnataka,Bangalore
ORD006809,CUST0243,PROD0026,2024-10-16,2,0,35677.98,3435.84,Credit Card,Delivered,Bihar,Patna
ORD006810,CUST0188,PROD0016,2023-05-19,3,10,66832.75,10449.07,Cash on Delivery,Cancelled,Maharashtra,Pune
ORD006811,CUST0196,PROD0017,2023-10-03,1,0,24249.54,6181.18,Net Banking,Delivered,Maharashtra,Mumbai
ORD006812,CUST0583,PROD0006,2023-12-28,1,20,9428.3,-1059.04,Cash on Delivery,Returned,Uttar Pradesh,Kanpur
ORD006813,CUST0110,PROD0007,2024-08-22,1,20,10895.14,140.05,UPI,Delivered,Gujarat,Ahmedabad
ORD006814,CUST0204,PROD0019,2023-01-27,1,15,14224.06,-287.22,Debit Card,Delivered,Maharashtra,Mumbai
ORD006815,CUST0105,PROD0004,2023-07-19,1,0,13157.81,1786.67,Credit Card,Cancelled,Delhi,Delhi
ORD006816,CUST0491,PROD0006,2023-10-13,1,10,10606.83,119.49,Cash on Delivery,Delivered,Bihar,Patna
ORD006817,CUST0493,PROD0019,2024-07-04,1,0,16734.19,2222.91,Credit Card,Delivered,Maharashtra,Mumbai
ORD006818,CUST0362,PROD0024,2023-09-02,1,15,24157.64,3005.53,Debit Card,Cancelled,Madhya Pradesh,Bhopal
ORD006819,CUST0112,PROD0015,2024-11-10,1,15,9619.55,682.64,Cash on Delivery,Cancelled,Karnataka,Bangalore
ORD006820,CUST0163,PROD0034,2024-12-03,3,30,45286.96,-10785.68,Debit Card,Cancelled,Madhya Pradesh,Indore
ORD006821,CUST0156,PROD0005,2025-07-27,3,20,24963.82,-753.53,UPI,Returned,Telangana,Hyderabad
ORD006822,CUST0030,PROD0015,2024-01-18,1,5,10751.26,1814.35,Net Banking,Cancelled,Uttar Pradesh,Kanpur
ORD006823,CUST0517,PROD0029,2024-08-05,1,0,20733.73,3121.67,UPI,Cancelled,Karnataka,Bangalore
ORD006824,CUST0317,PROD0023,2023-06-10,3,5,53486.89,10237.72,UPI,Delivered,Bihar,Patna
ORD006825,CUST0540,PROD0035,2023-11-21,1,0,12543.04,1960.2,Cash on Delivery,Cancelled,Tamil Nadu,Coimbatore
ORD006826,CUST0244,PROD0012,2023-05-27,1,0,25181.42,4858.95,Cash on Delivery,Cancelled,Chandigarh,Chandigarh
ORD006827,CUST0392,PROD0009,2025-03-14,1,0,25782.26,2696.08,Net Banking,Cancelled,Tamil Nadu,Chennai
ORD006828,CUST0218,PROD0027,2023-10-24,1,0,30380.21,7142.47,Cash on Delivery,Delivered,West Bengal,Kolkata
ORD006829,CUST0455,PROD0012,2023-12-19,2,10,45326.56,4681.62,Net Banking,Cancelled,Maharashtra,Pune
ORD006830,CUST0302,PROD0011,2025-03-26,1,5,3111.73,562.1,Cash on Delivery,Cancelled,Maharashtra,Pune
ORD006831,CUST0261,PROD0010,2024-04-02,1,0,23386.73,2567.2,UPI,Returned,Madhya Pradesh,Indore
ORD006832,CUST0075,PROD0009,2023-06-09,1,20,20625.81,-2460.37,UPI,Returned,Uttar Pradesh,Kanpur
ORD006833,CUST0431,PROD0021,2024-05-09,3,20,8935.7,418.01,Cash on Delivery,Delivered,Tamil Nadu,Chennai
ORD006834,CUST0072,PROD0027,2023-06-15,1,15,25823.18,2585.44,Net Banking,Cancelled,Chandigarh,Chandigarh
ORD006835,CUST0428,PROD0026,2025-04-25,4,0,71355.96,6871.68,Cash on Delivery,Delivered,Gujarat,Surat
ORD006836,CUST0156,PROD0010,2023-01-14,1,30,16370.71,-4448.82,Net Banking,Returned,Telangana,Hyderabad
ORD006837,CUST0527,PROD0017,2025-06-11,1,0,24249.54,6181.18,Net Banking,Delivered,Bihar,Patna
ORD006838,CUST0209,PROD0029,2023-11-19,1,0,20733.73,3121.67,Debit Card,Returned,Telangana,Hyderabad
ORD006839,CUST0521,PROD0005,2023-10-19,1,10,9361.43,788.98,UPI,Delivered,Uttar Pradesh,Kanpur
ORD006840,CUST0080,PROD0013,2023-07-31,2,0,36526.36,7079.04,Debit Card,Returned,Kerala,Kochi
ORD006841,CUST0206,PROD0029,2023-09-20,1,20,16586.98,-1025.08,Credit Card,Returned,West Bengal,Kolkata
ORD006842,CUST0343,PROD0022,2025-01-02,1,10,10784.04,1500.15,Cash on Delivery,Delivered,Rajasthan,Jaipur
ORD006843,CUST0287,PROD0031,2025-01-13,3,30,56751.13,-8547.14,Cash on Delivery,Cancelled,Karnataka,Bangalore
ORD006844,CUST0430,PROD0018,2024-09-04,1,20,14321.64,-748.55,Unknown,Delivered,Tamil Nadu,Coimbatore
ORD006845,CUST0477,PROD0017,2023-12-02,2,0,48499.08,12362.36,Net Banking,Delivered,Karnataka,Bangalore
ORD006846,CUST0208,PROD0019,2024-03-08,1,10,15060.77,549.49,Net Banking,Delivered,Uttar Pradesh,Lucknow
ORD006847,CUST0213,PROD0001,2025-05-09,1,0,23098.13,5508.91,Debit Card,Returned,West Bengal,Kolkata
ORD006848,CUST0253,PROD0010,2025-05-03,4,15,79514.88,-3763.24,UPI,Delivered,Maharashtra,Pune
ORD006849,CUST0018,PROD0017,2025-03-02,1,10,21824.59,3756.23,Credit Card,Cancelled,Delhi,Delhi
ORD006850,CUST0019,PROD0032,2025-03-07,3,15,29271.48,-1056.99,Debit Card,Delivered,Kerala,Kochi
ORD006851,CUST0520,PROD0006,2025-01-07,4,15,40070.26,-1879.1,UPI,Delivered,Kerala,Kochi
ORD006852,CUST0219,PROD0034,2024-05-08,5,10,97043.49,3589.09,Cash on Delivery,Delivered,Assam,Guwahati
ORD006853,CUST0402,PROD0016,2023-08-04,1,10,22277.58,3483.02,Net Banking,Delivered,Karnataka,Bangalore
ORD006854,CUST0433,PROD0033,2023-07-10,2,15,29910.63,-1858.01,Cash on Delivery,Delivered,Karnataka,Bangalore
ORD006855,CUST0511,PROD0023,2024-09-17,5,0,93836.65,21754.7,Credit Card,Delivered,Uttar Pradesh,Kanpur
ORD006856,CUST0316,PROD0014,2024-01-11,1,0,9430.77,1089.07,Net Banking,Delivered,Kerala,Kochi
ORD006857,CUST0275,PROD0007,2023-04-04,3,20,32685.41,420.14,Net Banking,Returned,Maharashtra,Nagpur
ORD006858,CUST0261,PROD0023,2023-11-07,1,5,17828.96,3412.57,UPI,Delivered,Madhya Pradesh,Indore
ORD006859,CUST0416,PROD0010,2023-03-05,2,0,46773.46,5134.4,Credit Card,Delivered,Maharashtra,Nagpur
ORD006860,CUST0128,PROD0013,2024-06-05,1,5,17350.02,2626.36,Debit Card,Cancelled,Assam,Guwahati
ORD006861,CUST0520,PROD0033,2024-05-18,1,15,14955.32,-929.0,Credit Card,Returned,Kerala,Kochi
ORD006862,CUST0512,PROD0013,2024-11-29,1,0,18263.18,3539.52,Debit Card,Cancelled,West Bengal,Kolkata
ORD006863,CUST0515,PROD0028,2025-04-02,1,20,6225.78,-570.3,Net Banking,Returned,Bihar,Patna
ORD006864,CUST0243,PROD0015,2025-07-03,1,5,10751.26,1814.35,UPI,Delivered,Bihar,Patna
ORD006865,CUST0196,PROD0023,2023-02-22,3,0,56301.99,13052.82,Credit Card,Delivered,Maharashtra,Mumbai
ORD006866,CUST0142,PROD0015,2024-06-17,1,0,11317.12,2380.21,Credit Card,Delivered,Gujarat,Surat
ORD006867,CUST0444,PROD0017,2023-08-22,1,10,21824.59,3756.23,Cash on Delivery,Delivered,Rajasthan,Jaipur
ORD006868,CUST0297,PROD0015,2023-08-30,1,5,10751.26,1814.35,Unknown,Cancelled,Tamil Nadu,Chennai
ORD006869,CUST0369,PROD0013,2024-11-27,2,10,32873.72,3426.4,UPI,Delivered,Madhya Pradesh,Indore
ORD006870,CUST0035,PROD0011,2024-10-11,1,10,2947.96,398.33,Credit Card,Delivered,Maharashtra,Nagpur
ORD006871,CUST0447,PROD0024,2024-09-05,1,5,26999.71,5847.6,UPI,Delivered,Maharashtra,Mumbai
ORD006872,CUST0072,PROD0031,2023-08-19,1,15,22970.7,1204.61,Net Banking,Delivered,Chandigarh,Chandigarh
ORD006873,CUST0162,PROD0028,2024-10-11,3,15,19844.66,-543.58,Debit Card,Delivered,Delhi,Delhi
ORD006874,CUST0047,PROD0010,2024-03-05,1,0,23386.73,2567.2,Net Banking,Delivered,Kerala,Kochi
ORD006875,CUST0165,PROD0006,2023-02-07,1,5,11196.1,708.76,Net Banking,Delivered,Gujarat,Ahmedabad
ORD006876,CUST0190,PROD0007,2024-07-27,1,0,13618.92,2863.83,Debit Card,Cancelled,Maharashtra,Pune
ORD006877,CUST0140,PROD0026,2024-06-03,2,5,33894.08,1651.94,Unknown,Cancelled,Uttar Pradesh,Lucknow
ORD006878,CUST0438,PROD0002,2023-03-28,1,5,20041.38,3716.1,Debit Card,Delivered,Rajasthan,Jaipur
ORD006879,CUST0201,PROD0019,2023-06-28,2,10,30121.54,1098.98,Credit Card,Returned,Chandigarh,Chandigarh
ORD006880,CUST0307,PROD0009,2025-02-21,4,15,87659.68,-4685.04,Debit Card,Returned,Uttar Pradesh,Kanpur
ORD006881,CUST0509,PROD0011,2023-03-01,1,0,3275.51,725.88,Net Banking,Delivered,Gujarat,Surat
ORD006882,CUST0140,PROD0026,2025-04-30,2,15,30326.28,-1915.86,Credit Card,Delivered,Uttar Pradesh,Lucknow
ORD006883,CUST0087,PROD0012,2024-05-07,1,5,23922.35,3599.88,Net Banking,Cancelled,Maharashtra,Nagpur
ORD006884,CUST0416,PROD0012,2023-02-27,1,0,25181.42,4858.95,UPI,Delivered,Maharashtra,Nagpur
ORD006885,CUST0450,PROD0029,2023-08-03,4,5,78788.17,8339.93,Debit Card,Delivered,Madhya Pradesh,Bhopal
ORD006886,CUST0394,PROD0027,2024-07-05,1,5,28861.2,5623.46,Credit Card,Delivered,Assam,Guwahati
ORD006887,CUST0277,PROD0030,2024-07-01,1,0,9467.22,872.58,Credit Card,Delivered,Madhya Pradesh,Indore
ORD006888,CUST0059,PROD0005,2024-03-13,2,0,20803.18,3658.28,Cash on Delivery,Cancelled,Maharashtra,Mumbai
ORD006889,CUST0422,PROD0034,2024-05-20,1,0,21565.22,2874.34,UPI,Returned,Kerala,Kochi
ORD006890,CUST0570,PROD0002,2025-01-06,2,0,42192.38,9541.82,Net Banking,Delivered,Maharashtra,Pune
ORD006891,CUST0569,PROD0028,2023-10-28,1,0,7782.22,986.14,Credit Card,Cancelled,West Bengal,Kolkata
ORD006892,CUST0478,PROD0006,2024-08-20,1,0,11785.37,1298.03,Debit Card,Delivered,Telangana,Hyderabad
ORD006893,CUST0384,PROD0009,2023-07-05,1,30,18047.58,-5038.6,Net Banking,Delivered,Gujarat,Surat
ORD006894,CUST0256,PROD0031,2023-04-20,1,0,27024.35,5258.26,Credit Card,Delivered,Maharashtra,Pune
ORD006895,CUST0183,PROD0004,2023-03-20,3,0,39473.43,5360.01,Net Banking,Delivered,Uttar Pradesh,Lucknow
ORD006896,CUST0421,PROD0035,2023-07-05,5,10,56443.68,3529.48,UPI,Returned,Maharashtra,Mumbai
ORD006897,CUST0353,PROD0027,2024-05-25,3,0,91140.63,21427.41,UPI,Delivered,Kerala,Kochi
ORD006898,CUST0297,PROD0018,2023-07-22,3,5,51020.84,5810.27,UPI,Delivered,Tamil Nadu,Chennai
ORD006899,CUST0370,PROD0032,2024-04-03,1,0,11479.01,1369.52,Cash on Delivery,Delivered,Tamil Nadu,Coimbatore
ORD006900,CUST0206,PROD0010,2024-06-20,5,10,105240.28,1142.63,UPI,Delivered,West Bengal,Kolkata
ORD006901,CUST0459,PROD0014,2024-07-01,1,10,8487.69,145.99,Cash on Delivery,Cancelled,Maharashtra,Nagpur
ORD006902,CUST0461,PROD0017,2025-03-22,2,10,43649.17,7512.45,UPI,Delivered,Delhi,Delhi
ORD006903,CUST0192,PROD0029,2023-04-16,1,0,20733.73,3121.67,Cash on Delivery,Delivered,Rajasthan,Jaipur
ORD006904,CUST0122,PROD0010,2025-04-15,1,30,16370.71,-4448.82,Net Banking,Delivered,Kerala,Kochi
ORD006905,CUST0366,PROD0012,2025-01-02,1,0,25181.42,4858.95,Net Banking,Delivered,Assam,Guwahati
ORD006906,CUST0486,PROD0019,2023-07-03,1,20,13387.35,-1123.93,Net Banking,Cancelled,Tamil Nadu,Chennai
ORD006907,CUST0258,PROD0011,2025-01-29,1,10,2947.96,398.33,Net Banking,Delivered,Karnataka,Bangalore
ORD006908,CUST0275,PROD0021,2024-08-01,2,5,7074.1,1395.64,Net Banking,Returned,Maharashtra,Nagpur
ORD006909,CUST0075,PROD0029,2024-03-05,1,0,20733.73,3121.67,UPI,Cancelled,Uttar Pradesh,Kanpur
ORD006910,CUST0376,PROD0026,2023-01-01,2,10,32110.18,-131.96,Net Banking,Delivered,Telangana,Hyderabad
ORD006911,CUST0068,PROD0028,2024-12-11,1,10,7004.0,207.92,UPI,Delivered,Gujarat,Surat
ORD006912,CUST0232,PROD0028,2024-07-20,1,10,7004.0,207.92,Credit Card,Delivered,Assam,Guwahati
ORD006913,CUST0169,PROD0016,2024-04-09,2,10,44555.17,6966.05,Credit Card,Delivered,Telangana,Hyderabad
ORD006914,CUST0432,PROD0015,2023-06-16,2,0,22634.24,4760.42,Debit Card,Delivered,Maharashtra,Mumbai
ORD006915,CUST0252,PROD0034,2024-04-22,3,0,64695.66,8623.02,Credit Card,Delivered,Karnataka,Bangalore
ORD006916,CUST0437,PROD0007,2024-04-29,2,5,25875.95,4365.77,UPI,Delivered,Gujarat,Surat
ORD006917,CUST0458,PROD0015,2025-06-15,1,0,11317.12,2380.21,UPI,Delivered,Madhya Pradesh,Bhopal
ORD006918,CUST0271,PROD0016,2023-10-10,1,0,24752.87,5958.31,Net Banking,Delivered,Maharashtra,Mumbai
ORD006919,CUST0455,PROD0002,2025-03-27,1,20,16876.95,551.67,Cash on Delivery,Delivered,Maharashtra,Pune
ORD006920,CUST0059,PROD0001,2023-08-23,2,0,46196.26,11017.82,Cash on Delivery,Delivered,Maharashtra,Mumbai
ORD006921,CUST0029,PROD0016,2023-09-17,1,0,24752.87,5958.31,Debit Card,Delivered,Uttar Pradesh,Kanpur
ORD006922,CUST0517,PROD0007,2024-06-12,3,0,40856.76,8591.49,Cash on Delivery,Delivered,Karnataka,Bangalore
ORD006923,CUST0501,PROD0007,2023-10-18,1,0,13618.92,2863.83,Credit Card,Returned,Madhya Pradesh,Bhopal
ORD006924,CUST0491,PROD0005,2024-02-19,4,0,41606.36,7316.56,Net Banking,Cancelled,Bihar,Patna
ORD006925,CUST0396,PROD0026,2025-07-09,2,15,30326.28,-1915.86,Cash on Delivery,Delivered,Gujarat,Surat
ORD006926,CUST0402,PROD0025,2025-06-09,4,10,92445.88,10494.24,Unknown,Delivered,Karnataka,Bangalore
ORD006927,CUST0186,PROD0028,2024-04-04,1,20,6225.78,-570.3,Net Banking,Delivered,Telangana,Hyderabad
ORD006928,CUST0405,PROD0015,2023-10-28,1,0,11317.12,2380.21,Debit Card,Delivered,Rajasthan,Jaipur
ORD006929,CUST0283,PROD0034,2025-07-06,1,10,19408.7,717.82,Credit Card,Delivered,Madhya Pradesh,Indore
ORD006930,CUST0312,PROD0005,2024-03-19,1,0,10401.59,1829.14,Net Banking,Delivered,Bihar,Patna
ORD006931,CUST0570,PROD0003,2023-06-03,2,5,39596.27,3470.53,Debit Card,Delivered,Maharashtra,Pune
ORD006932,CUST0246,PROD0010,2023-03-03,1,10,21048.06,228.53,Unknown,Cancelled,Tamil Nadu,Chennai
ORD006933,CUST0093,PROD0018,2024-02-11,1,0,17902.05,2831.86,Net Banking,Delivered,Maharashtra,Pune
ORD006934,CUST0464,PROD0017,2023-10-14,2,0,48499.08,12362.36,Cash on Delivery,Cancelled,Bihar,Patna
ORD006935,CUST0555,PROD0018,2025-05-21,1,5,17006.95,1936.76,UPI,Delivered,Uttar Pradesh,Kanpur
ORD006936,CUST0579,PROD0031,2024-02-22,4,30,75668.18,-11396.18,Net Banking,Cancelled,Maharashtra,Mumbai
ORD006937,CUST0030,PROD0011,2024-08-23,1,15,2784.18,234.55,Net Banking,Delivered,Uttar Pradesh,Kanpur
ORD006938,CUST0465,PROD0019,2024-05-22,1,15,14224.06,-287.22,Credit Card,Delivered,Bihar,Patna
ORD006939,CUST0136,PROD0010,2023-06-22,1,20,18709.38,-2110.15,Cash on Delivery,Delivered,Karnataka,Bangalore
ORD006940,CUST0270,PROD0033,2025-01-03,1,5,16714.77,830.45,UPI,Cancelled,Rajasthan,Jaipur
ORD006941,CUST0043,PROD0001,2024-12-19,1,10,20788.32,3199.1,UPI,Delivered,Uttar Pradesh,Lucknow
ORD006942,CUST0571,PROD0005,2023-07-20,5,30,36405.56,-6456.69,Debit Card,Delivered,Gujarat,Ahmedabad
ORD006943,CUST0507,PROD0024,2024-04-17,3,0,85262.25,21805.92,Cash on Delivery,Delivered,Delhi,Delhi
ORD006944,CUST0226,PROD0015,2023-10-29,5,0,56585.6,11901.05,UPI,Delivered,Maharashtra,Pune
ORD006945,CUST0170,PROD0030,2024-05-14,2,20,15147.55,-2041.73,Net Banking,Cancelled,Gujarat,Ahmedabad
ORD006946,CUST0211,PROD0010,2023-04-07,2,0,46773.46,5134.4,Cash on Delivery,Delivered,Madhya Pradesh,Indore
ORD006947,CUST0536,PROD0035,2023-10-10,2,0,25086.08,3920.4,Cash on Delivery,Delivered,Uttar Pradesh,Kanpur
ORD006948,CUST0595,PROD0006,2024-07-28,1,5,11196.1,708.76,Debit Card,Delivered,Rajasthan,Jaipur
ORD006949,CUST0574,PROD0033,2024-06-21,1,0,17594.49,1710.17,Net Banking,Returned,Kerala,Kochi
ORD006950,CUST0212,PROD0022,2023-05-26,1,0,11982.27,2698.38,Debit Card,Delivered,Gujarat,Surat
ORD006951,CUST0237,PROD0010,2023-05-28,1,15,19878.72,-940.81,Debit Card,Delivered,Maharashtra,Pune
ORD006952,CUST0444,PROD0019,2024-12-22,1,0,16734.19,2222.91,Debit Card,Delivered,Rajasthan,Jaipur
ORD006953,CUST0418,PROD0018,2025-01-10,1,5,17006.95,1936.76,UPI,Delivered,Karnataka,Bangalore
ORD006954,CUST0175,PROD0016,2025-03-13,3,10,66832.75,10449.07,Net Banking,Returned,West Bengal,Kolkata
ORD006955,CUST0117,PROD0016,2024-07-28,1,5,23515.23,4720.67,Debit Card,Returned,Madhya Pradesh,Bhopal
ORD006956,CUST0350,PROD0003,2023-05-29,1,5,19798.13,1735.26,Net Banking,Returned,Telangana,Hyderabad
ORD006957,CUST0058,PROD0021,2025-06-20,1,15,3164.73,325.5,Debit Card,Delivered,Kerala,Kochi
ORD006958,CUST0235,PROD0034,2025-07-13,1,5,20486.96,1796.08,Cash on Delivery,Delivered,Maharashtra,Mumbai
ORD006959,CUST0414,PROD0015,2024-09-07,2,0,22634.24,4760.42,Cash on Delivery,Cancelled,Uttar Pradesh,Lucknow
ORD006960,CUST0108,PROD0005,2025-01-13,1,0,10401.59,1829.14,Debit Card,Delivered,Telangana,Hyderabad
ORD006961,CUST0459,PROD0035,2025-01-04,2,20,20068.86,-1096.82,UPI,Returned,Maharashtra,Nagpur
ORD006962,CUST0176,PROD0013,2023-09-11,1,30,12784.23,-1939.43,Unknown,Returned,Telangana,Hyderabad
ORD006963,CUST0530,PROD0014,2025-05-28,5,0,47153.85,5445.35,UPI,Cancelled,Maharashtra,Nagpur
ORD006964,CUST0431,PROD0016,2024-03-20,1,20,19802.3,1007.74,Cash on Delivery,Returned,Tamil Nadu,Chennai
ORD006965,CUST0408,PROD0009,2025-03-17,2,0,51564.52,5392.16,Credit Card,Delivered,Tamil Nadu,Chennai
ORD006966,CUST0084,PROD0004,2023-10-14,3,0,39473.43,5360.01,Credit Card,Cancelled,Madhya Pradesh,Indore
ORD006967,CUST0180,PROD0031,2023-05-17,1,5,25673.13,3907.04,Credit Card,Delivered,Maharashtra,Pune
ORD006968,CUST0563,PROD0022,2023-11-11,2,10,21568.09,3000.31,Debit Card,Delivered,West Bengal,Kolkata
ORD006969,CUST0024,PROD0034,2023-11-30,4,5,81947.84,7184.32,Net Banking,Returned,Karnataka,Bangalore
ORD006970,CUST0518,PROD0024,2024-12-02,3,5,80999.14,17542.81,Credit Card,Delivered,Uttar Pradesh,Lucknow
ORD006971,CUST0219,PROD0014,2024-02-28,1,0,9430.77,1089.07,Net Banking,Delivered,Assam,Guwahati
ORD006972,CUST0280,PROD0015,2024-02-05,2,20,18107.39,233.57,UPI,Delivered,West Bengal,Kolkata
ORD006973,CUST0493,PROD0006,2024-01-06,1,5,11196.1,708.76,Debit Card,Delivered,Maharashtra,Mumbai
ORD006974,CUST0412,PROD0032,2024-01-28,1,15,9757.16,-352.33,Unknown,Cancelled,Uttar Pradesh,Lucknow
ORD006975,CUST0075,PROD0028,2024-12-19,1,0,7782.22,986.14,UPI,Delivered,Uttar Pradesh,Kanpur
ORD006976,CUST0407,PROD0001,2024-01-16,1,10,20788.32,3199.1,Debit Card,Delivered,Bihar,Patna
ORD006977,CUST0289,PROD0035,2025-07-01,2,10,22577.47,1411.79,Credit Card,Returned,Maharashtra,Pune
ORD006978,CUST0353,PROD0002,2023-11-30,1,0,21096.19,4770.91,UPI,Delivered,Kerala,Kochi
ORD006979,CUST0113,PROD0012,2025-01-28,1,0,25181.42,4858.95,Debit Card,Delivered,Kerala,Kochi
ORD006980,CUST0044,PROD0026,2025-07-07,1,10,16055.09,-65.98,Debit Card,Delivered,Madhya Pradesh,Bhopal
ORD006981,CUST0432,PROD0026,2024-12-23,2,5,33894.08,1651.94,UPI,Returned,Maharashtra,Mumbai
ORD006982,CUST0581,PROD0021,2023-01-19,2,0,7446.42,1767.96,Cash on Delivery,Returned,Madhya Pradesh,Indore
ORD006983,CUST0152,PROD0022,2024-10-25,1,15,10184.93,901.04,Debit Card,Delivered,Chandigarh,Chandigarh
ORD006984,CUST0423,PROD0035,2023-07-16,2,0,25086.08,3920.4,Debit Card,Delivered,Delhi,Delhi
ORD006985,CUST0548,PROD0003,2024-11-06,1,15,17714.12,-348.75,Net Banking,Delivered,Gujarat,Ahmedabad
ORD006986,CUST0573,PROD0028,2023-10-05,1,30,5447.55,-1348.53,Cash on Delivery,Delivered,Gujarat,Ahmedabad
ORD006987,CUST0439,PROD0032,2023-12-18,5,0,57395.05,6847.6,UPI,Cancelled,Madhya Pradesh,Bhopal
ORD006988,CUST0428,PROD0004,2023-10-31,1,0,13157.81,1786.67,Cash on Delivery,Cancelled,Gujarat,Surat
ORD006989,CUST0289,PROD0032,2025-01-15,1,5,10905.06,795.57,Debit Card,Returned,Maharashtra,Pune
ORD006990,CUST0136,PROD0030,2023-11-03,1,0,9467.22,872.58,Debit Card,Delivered,Karnataka,Bangalore
ORD006991,CUST0234,PROD0012,2024-06-11,2,0,50362.84,9717.9,Credit Card,Delivered,Maharashtra,Pune
ORD006992,CUST0457,PROD0015,2023-07-07,1,5,10751.26,1814.35,Cash on Delivery,Cancelled,Madhya Pradesh,Indore
ORD006993,CUST0385,PROD0032,2023-07-22,1,20,9183.21,-926.28,Net Banking,Delivered,Bihar,Patna
ORD006994,CUST0536,PROD0001,2024-04-18,2,20,36957.01,1778.57,Cash on Delivery,Cancelled,Uttar Pradesh,Kanpur
ORD006995,CUST0359,PROD0011,2025-03-17,3,0,9826.53,2177.64,UPI,Delivered,Madhya Pradesh,Bhopal
ORD006996,CUST0218,PROD0034,2023-04-11,1,0,21565.22,2874.34,Cash on Delivery,Delivered,West Bengal,Kolkata
ORD006997,CUST0477,PROD0018,2023-08-18,1,0,17902.05,2831.86,Credit Card,Delivered,Karnataka,Bangalore
ORD006998,CUST0401,PROD0002,2023-11-03,2,0,42192.38,9541.82,Net Banking,Delivered,Tamil Nadu,Coimbatore
ORD006999,CUST0413,PROD0001,2024-03-27,3,0,69294.39,16526.73,UPI,Delivered,Telangana,Hyderabad
ORD007000,CUST0572,PROD0024,2024-11-10,2,10,51157.35,8853.13,Cash on Delivery,Delivered,Tamil Nadu,Coimbatore
ORD007001,CUST0042,PROD0025,2024-03-18,1,0,25679.41,5191.5,Debit Card,Returned,Assam,Guwahati
ORD007002,CUST0537,PROD0025,2025-07-03,3,5,73186.32,11722.59,Credit Card,Delivered,Maharashtra,Pune
ORD007003,CUST0117,PROD0011,2023-02-13,2,30,4585.71,-513.55,Debit Card,Cancelled,Madhya Pradesh,Bhopal
ORD007004,CUST0448,PROD0002,2024-09-13,1,5,20041.38,3716.1,Debit Card,Delivered,Gujarat,Surat
ORD007005,CUST0426,PROD0025,2024-10-09,1,5,24395.44,3907.53,Debit Card,Delivered,Delhi,Delhi
ORD007006,CUST0427,PROD0014,2025-05-06,1,5,8959.23,617.53,Credit Card,Cancelled,Kerala,Kochi
ORD007007,CUST0387,PROD0019,2024-04-03,2,20,26774.7,-2247.86,Net Banking,Returned,Assam,Guwahati
ORD007008,CUST0218,PROD0022,2023-09-21,1,10,10784.04,1500.15,Debit Card,Cancelled,West Bengal,Kolkata
ORD007009,CUST0003,PROD0026,2024-07-25,2,0,35677.98,3435.84,Net Banking,Returned,Gujarat,Ahmedabad
ORD007010,CUST0491,PROD0002,2023-12-20,1,15,17931.76,1606.48,Cash on Delivery,Delivered,Bihar,Patna
ORD007011,CUST0553,PROD0028,2023-04-06,2,5,14786.22,1194.06,Cash on Delivery,Returned,Tamil Nadu,Coimbatore
ORD007012,CUST0333,PROD0015,2024-08-25,2,5,21502.53,3628.71,Net Banking,Delivered,Maharashtra,Pune
ORD007013,CUST0485,PROD0010,2023-09-18,2,0,46773.46,5134.4,Debit Card,Delivered,Assam,Guwahati
ORD007014,CUST0197,PROD0034,2023-12-15,2,20,34504.35,-2877.41,Credit Card,Cancelled,Rajasthan,Jaipur
ORD007015,CUST0432,PROD0023,2025-05-20,3,0,56301.99,13052.82,Cash on Delivery,Delivered,Maharashtra,Mumbai
ORD007016,CUST0091,PROD0004,2023-04-15,4,15,44736.55,-748.01,Cash on Delivery,Delivered,Uttar Pradesh,Lucknow
ORD007017,CUST0005,PROD0031,2023-05-07,1,0,27024.35,5258.26,UPI,Delivered,Madhya Pradesh,Indore
ORD007018,CUST0584,PROD0017,2024-12-07,1,5,23037.06,4968.7,Net Banking,Delivered,Telangana,Hyderabad
ORD007019,CUST0227,PROD0025,2023-11-02,1,0,25679.41,5191.5,Net Banking,Delivered,Maharashtra,Pune
ORD007020,CUST0322,PROD0004,2024-12-31,4,10,47368.12,1883.56,UPI,Cancelled,Bihar,Patna
ORD007021,CUST0543,PROD0027,2024-01-25,2,0,60760.42,14284.94,Cash on Delivery,Delivered,Gujarat,Surat
ORD007022,CUST0275,PROD0024,2023-05-23,1,30,19894.52,-1257.59,Debit Card,Returned,Maharashtra,Nagpur
ORD007023,CUST0171,PROD0001,2023-05-22,2,15,39266.82,4088.38,Debit Card,Delivered,Uttar Pradesh,Kanpur
ORD007024,CUST0139,PROD0024,2023-10-09,1,0,28420.75,7268.64,Credit Card,Returned,West Bengal,Kolkata
ORD007025,CUST0117,PROD0017,2023-07-08,1,5,23037.06,4968.7,Debit Card,Delivered,Madhya Pradesh,Bhopal
ORD007026,CUST0363,PROD0013,2023-03-24,2,0,36526.36,7079.04,Cash on Delivery,Cancelled,Karnataka,Bangalore
ORD007027,CUST0368,PROD0007,2023-08-20,1,5,12937.97,2182.88,Debit Card,Delivered,Telangana,Hyderabad
ORD007028,CUST0047,PROD0009,2024-06-23,1,10,23204.03,117.85,Debit Card,Returned,Kerala,Kochi
ORD007029,CUST0564,PROD0004,2024-12-19,5,0,65789.05,8933.35,Net Banking,Delivered,Tamil Nadu,Coimbatore
ORD007030,CUST0364,PROD0008,2023-09-03,1,15,9143.6,-307.78,UPI,Returned,Karnataka,Bangalore
ORD007031,CUST0292,PROD0031,2024-05-15,2,10,48643.83,5111.65,Debit Card,Delivered,Telangana,Hyderabad
ORD007032,CUST0149,PROD0033,2023-10-02,1,0,17594.49,1710.17,Debit Card,Delivered,Uttar Pradesh,Kanpur
ORD007033,CUST0258,PROD0018,2023-01-21,2,0,35804.1,5663.72,Net Banking,Delivered,Karnataka,Bangalore
ORD007034,CUST0193,PROD0010,2024-12-28,1,0,23386.73,2567.2,Net Banking,Delivered,Rajasthan,Jaipur
ORD007035,CUST0537,PROD0003,2023-03-06,1,5,19798.13,1735.26,UPI,Returned,Maharashtra,Pune
ORD007036,CUST0263,PROD0016,2025-01-10,4,0,99011.48,23833.24,Debit Card,Delivered,Maharashtra,Mumbai
ORD007037,CUST0297,PROD0023,2024-11-01,2,15,31904.46,3071.68,UPI,Delivered,Tamil Nadu,Chennai
ORD007038,CUST0512,PROD0031,2023-10-23,1,0,27024.35,5258.26,UPI,Delivered,West Bengal,Kolkata
ORD007039,CUST0563,PROD0008,2025-03-14,2,0,21514.36,2611.6,Credit Card,Delivered,West Bengal,Kolkata
ORD007040,CUST0076,PROD0021,2025-05-02,1,0,3723.21,883.98,Cash on Delivery,Delivered,Gujarat,Surat
ORD007041,CUST0555,PROD0020,2024-02-24,1,5,18088.2,1618.3,Credit Card,Returned,Uttar Pradesh,Kanpur
ORD007042,CUST0041,PROD0035,2025-04-13,1,10,11288.74,705.9,Net Banking,Delivered,West Bengal,Kolkata
ORD007043,CUST0435,PROD0031,2023-06-23,1,5,25673.13,3907.04,Cash on Delivery,Cancelled,Telangana,Hyderabad
ORD007044,CUST0546,PROD0021,2024-03-17,2,5,7074.1,1395.64,UPI,Returned,Madhya Pradesh,Bhopal
ORD007045,CUST0176,PROD0020,2024-03-10,4,15,64736.71,-1142.89,UPI,Cancelled,Telangana,Hyderabad
ORD007046,CUST0395,PROD0014,2023-11-10,1,15,8016.15,-325.55,Debit Card,Delivered,Bihar,Patna
ORD007047,CUST0467,PROD0004,2024-09-30,2,0,26315.62,3573.34,Credit Card,Delivered,Gujarat,Ahmedabad
ORD007048,CUST0157,PROD0007,2024-10-25,1,0,13618.92,2863.83,Net Banking,Cancelled,Gujarat,Ahmedabad
ORD007049,CUST0195,PROD0030,2023-08-29,1,10,8520.5,-74.14,Debit Card,Delivered,Kerala,Kochi
ORD007050,CUST0278,PROD0027,2024-12-05,1,0,30380.21,7142.47,Debit Card,Delivered,Bihar,Patna
ORD007051,CUST0564,PROD0025,2023-01-22,1,0,25679.41,5191.5,UPI,Delivered,Tamil Nadu,Coimbatore
ORD007052,CUST0494,PROD0003,2023-04-23,2,5,39596.27,3470.53,Net Banking,Delivered,Bihar,Patna
ORD007053,CUST0362,PROD0030,2024-01-22,2,0,18934.44,1745.16,UPI,Delivered,Madhya Pradesh,Bhopal
ORD007054,CUST0064,PROD0011,2024-01-09,2,10,5895.92,796.66,Unknown,Delivered,Maharashtra,Mumbai
ORD007055,CUST0534,PROD0016,2024-04-03,2,0,49505.74,11916.62,Credit Card,Cancelled,Uttar Pradesh,Kanpur
ORD007056,CUST0401,PROD0004,2023-02-15,2,15,22368.28,-374.0,Net Banking,Delivered,Tamil Nadu,Coimbatore
ORD007057,CUST0261,PROD0028,2024-05-12,1,10,7004.0,207.92,Credit Card,Returned,Madhya Pradesh,Indore
ORD007058,CUST0301,PROD0020,2025-05-10,3,0,57120.63,7710.93,Credit Card,Delivered,West Bengal,Kolkata
ORD007059,CUST0265,PROD0026,2024-04-27,5,20,71355.96,-9249.39,Debit Card,Delivered,Maharashtra,Mumbai
ORD007060,CUST0564,PROD0003,2023-01-16,2,15,35428.24,-697.5,Credit Card,Returned,Tamil Nadu,Coimbatore
ORD007061,CUST0037,PROD0014,2024-02-16,2,20,15089.23,-1594.17,Net Banking,Returned,Uttar Pradesh,Lucknow
ORD007062,CUST0582,PROD0031,2023-01-31,1,20,21619.48,-146.61,Credit Card,Cancelled,Karnataka,Bangalore
ORD007063,CUST0565,PROD0010,2024-04-19,1,0,23386.73,2567.2,Net Banking,Delivered,Delhi,Delhi
ORD007064,CUST0522,PROD0001,2025-01-21,1,20,18478.5,889.28,Net Banking,Delivered,Rajasthan,Jaipur
ORD007065,CUST0482,PROD0035,2025-01-14,1,5,11915.89,1333.05,Net Banking,Delivered,Delhi,Delhi
ORD007066,CUST0327,PROD0014,2024-04-08,1,5,8959.23,617.53,Net Banking,Delivered,Uttar Pradesh,Lucknow
ORD007067,CUST0143,PROD0011,2024-06-25,3,0,9826.53,2177.64,Cash on Delivery,Cancelled,Karnataka,Bangalore
ORD007068,CUST0511,PROD0010,2024-08-20,4,10,84192.23,914.11,Net Banking,Delivered,Uttar Pradesh,Kanpur
ORD007069,CUST0161,PROD0024,2024-11-22,1,0,28420.75,7268.64,Cash on Delivery,Delivered,Rajasthan,Jaipur
ORD007070,CUST0457,PROD0019,2024-06-16,2,0,33468.38,4445.82,Debit Card,Delivered,Madhya Pradesh,Indore
ORD007071,CUST0265,PROD0008,2025-07-06,2,0,21514.36,2611.6,UPI,Delivered,Maharashtra,Mumbai
ORD007072,CUST0380,PROD0034,2025-01-05,1,0,21565.22,2874.34,Credit Card,Cancelled,Kerala,Kochi
ORD007073,CUST0339,PROD0018,2024-05-15,1,10,16111.84,1041.65,Cash on Delivery,Delivered,Kerala,Kochi
ORD007074,CUST0402,PROD0016,2025-01-22,2,0,49505.74,11916.62,Net Banking,Cancelled,Karnataka,Bangalore
ORD007075,CUST0559,PROD0033,2025-03-08,1,5,16714.77,830.45,Net Banking,Delivered,Uttar Pradesh,Kanpur
ORD007076,CUST0254,PROD0021,2023-03-24,2,5,7074.1,1395.64,Net Banking,Delivered,Uttar Pradesh,Lucknow
ORD007077,CUST0465,PROD0003,2025-05-18,1,0,20840.14,2777.27,Cash on Delivery,Returned,Bihar,Patna
ORD007078,CUST0230,PROD0026,2024-07-28,1,15,15163.14,-957.93,Debit Card,Delivered,Tamil Nadu,Coimbatore
ORD007079,CUST0319,PROD0032,2025-07-24,1,15,9757.16,-352.33,Net Banking,Cancelled,Maharashtra,Pune
ORD007080,CUST0483,PROD0024,2024-12-09,2,0,56841.5,14537.28,Cash on Delivery,Delivered,Uttar Pradesh,Kanpur
ORD007081,CUST0188,PROD0018,2024-12-23,1,0,17902.05,2831.86,Cash on Delivery,Delivered,Maharashtra,Pune
ORD007082,CUST0596,PROD0017,2024-02-10,1,10,21824.59,3756.23,Net Banking,Delivered,Assam,Guwahati
ORD007083,CUST0353,PROD0013,2023-09-18,1,20,14610.54,-113.12,Debit Card,Delivered,Kerala,Kochi
ORD007084,CUST0227,PROD0022,2024-03-01,3,0,35946.81,8095.14,Cash on Delivery,Delivered,Maharashtra,Pune
ORD007085,CUST0136,PROD0005,2025-04-09,1,0,10401.59,1829.14,UPI,Delivered,Karnataka,Bangalore
ORD007086,CUST0417,PROD0035,2024-11-27,1,20,10034.43,-548.41,Debit Card,Returned,Kerala,Kochi
ORD007087,CUST0255,PROD0032,2024-09-04,1,20,9183.21,-926.28,Cash on Delivery,Delivered,Karnataka,Bangalore
ORD007088,CUST0231,PROD0008,2023-03-10,5,0,53785.9,6529.0,Debit Card,Delivered,Karnataka,Bangalore
ORD007089,CUST0032,PROD0027,2024-09-02,2,5,57722.4,11246.92,Debit Card,Delivered,Karnataka,Bangalore
ORD007090,CUST0224,PROD0006,2023-11-17,4,5,44784.41,2835.05,Debit Card,Cancelled,Gujarat,Surat
ORD007091,CUST0408,PROD0032,2024-05-12,1,0,11479.01,1369.52,Debit Card,Delivered,Tamil Nadu,Chennai
ORD007092,CUST0148,PROD0028,2024-10-14,2,10,14008.0,415.84,Debit Card,Delivered,Karnataka,Bangalore
ORD007093,CUST0398,PROD0005,2025-02-11,1,5,9881.51,1309.06,Debit Card,Returned,Madhya Pradesh,Bhopal
ORD007094,CUST0591,PROD0024,2024-02-12,1,10,25578.68,4426.57,Credit Card,Delivered,Madhya Pradesh,Bhopal
ORD007095,CUST0141,PROD0030,2023-01-21,1,0,9467.22,872.58,Debit Card,Delivered,Maharashtra,Nagpur
ORD007096,CUST0188,PROD0030,2024-06-25,1,0,9467.22,872.58,Cash on Delivery,Returned,Maharashtra,Pune
ORD007097,CUST0547,PROD0008,2023-01-06,2,15,18287.21,-615.55,Cash on Delivery,Delivered,Maharashtra,Pune
ORD007098,CUST0465,PROD0005,2025-02-19,1,5,9881.51,1309.06,UPI,Cancelled,Bihar,Patna
ORD007099,CUST0228,PROD0006,2023-01-18,2,5,22392.2,1417.52,Cash on Delivery,Delivered,Gujarat,Ahmedabad
ORD007100,CUST0195,PROD0030,2023-08-01,2,0,18934.44,1745.16,UPI,Returned,Kerala,Kochi
ORD007101,CUST0492,PROD0023,2024-02-07,2,5,35657.93,6825.15,Credit Card,Delivered,Bihar,Patna
ORD007102,CUST0171,PROD0025,2023-09-01,2,10,46222.94,5247.12,Debit Card,Returned,Uttar Pradesh,Kanpur
ORD007103,CUST0045,PROD0030,2023-07-29,1,0,9467.22,872.58,UPI,Delivered,Bihar,Patna
ORD007104,CUST0023,PROD0023,2024-09-27,1,15,15952.23,1535.84,UPI,Delivered,Uttar Pradesh,Kanpur
ORD007105,CUST0569,PROD0009,2023-11-04,1,30,18047.58,-5038.6,Cash on Delivery,Returned,West Bengal,Kolkata
ORD007106,CUST0183,PROD0001,2024-03-07,1,15,19633.41,2044.19,Credit Card,Returned,Uttar Pradesh,Lucknow
ORD007107,CUST0259,PROD0021,2024-09-18,5,0,18616.05,4419.9,Debit Card,Delivered,Uttar Pradesh,Lucknow
ORD007108,CUST0191,PROD0002,2024-12-26,2,30,29534.67,-3115.89,Credit Card,Cancelled,West Bengal,Kolkata
ORD007109,CUST0497,PROD0012,2024-06-25,1,0,25181.42,4858.95,Net Banking,Returned,Assam,Guwahati
ORD007110,CUST0213,PROD0012,2023-12-01,1,5,23922.35,3599.88,Cash on Delivery,Delivered,West Bengal,Kolkata
ORD007111,CUST0439,PROD0009,2025-04-09,3,0,77346.78,8088.24,Net Banking,Delivered,Madhya Pradesh,Bhopal
ORD007112,CUST0191,PROD0003,2025-03-27,1,10,18756.13,693.26,UPI,Returned,West Bengal,Kolkata
ORD007113,CUST0322,PROD0017,2023-05-24,2,5,46074.13,9937.41,Net Banking,Delivered,Bihar,Patna
ORD007114,CUST0096,PROD0006,2024-12-29,1,15,10017.56,-469.78,Cash on Delivery,Delivered,Karnataka,Bangalore
ORD007115,CUST0068,PROD0026,2023-07-14,1,5,16947.04,825.97,Cash on Delivery,Returned,Gujarat,Surat
ORD007116,CUST0170,PROD0033,2023-06-21,1,5,16714.77,830.45,UPI,Delivered,Gujarat,Ahmedabad
ORD007117,CUST0299,PROD0020,2023-01-25,1,10,17136.19,666.29,Debit Card,Delivered,Gujarat,Surat
ORD007118,CUST0098,PROD0025,2024-07-21,2,15,43655.0,2679.18,Cash on Delivery,Returned,West Bengal,Kolkata
ORD007119,CUST0548,PROD0021,2025-03-06,2,20,5957.14,278.68,Net Banking,Delivered,Gujarat,Ahmedabad
ORD007120,CUST0129,PROD0032,2025-01-04,1,0,11479.01,1369.52,Net Banking,Delivered,Chandigarh,Chandigarh
ORD007121,CUST0367,PROD0003,2024-05-23,1,0,20840.14,2777.27,Debit Card,Returned,Karnataka,Bangalore
ORD007122,CUST0376,PROD0023,2025-06-18,2,5,35657.93,6825.15,Net Banking,Delivered,Telangana,Hyderabad
ORD007123,CUST0596,PROD0021,2023-11-05,1,0,3723.21,883.98,Cash on Delivery,Cancelled,Assam,Guwahati
ORD007124,CUST0170,PROD0010,2023-10-25,1,15,19878.72,-940.81,Credit Card,Delivered,Gujarat,Ahmedabad
ORD007125,CUST0152,PROD0031,2023-08-05,3,15,68912.09,3613.82,Cash on Delivery,Delivered,Chandigarh,Chandigarh
ORD007126,CUST0313,PROD0025,2023-07-16,1,0,25679.41,5191.5,Cash on Delivery,Delivered,Madhya Pradesh,Indore
ORD007127,CUST0110,PROD0021,2023-10-13,1,20,2978.57,139.34,Net Banking,Delivered,Gujarat,Ahmedabad
ORD007128,CUST0295,PROD0012,2024-02-04,2,30,35253.99,-5390.95,Net Banking,Delivered,Tamil Nadu,Chennai
ORD007129,CUST0024,PROD0003,2023-09-13,1,10,18756.13,693.26,Debit Card,Delivered,Karnataka,Bangalore
ORD007130,CUST0515,PROD0035,2025-05-31,1,15,10661.58,78.74,Net Banking,Cancelled,Bihar,Patna
ORD007131,CUST0494,PROD0022,2023-07-24,1,15,10184.93,901.04,Debit Card,Delivered,Bihar,Patna
ORD007132,CUST0179,PROD0030,2023-12-01,1,0,9467.22,872.58,UPI,Returned,Gujarat,Ahmedabad
ORD007133,CUST0121,PROD0009,2023-05-10,2,20,41251.62,-4920.74,Credit Card,Returned,Bihar,Patna
ORD007134,CUST0385,PROD0025,2025-04-26,3,15,65482.5,4018.77,Debit Card,Delivered,Bihar,Patna
ORD007135,CUST0452,PROD0008,2024-02-19,2,0,21514.36,2611.6,Cash on Delivery,Delivered,Uttar Pradesh,Kanpur
ORD007136,CUST0562,PROD0025,2025-02-24,1,15,21827.5,1339.59,Net Banking,Delivered,Bihar,Patna
ORD007137,CUST0336,PROD0008,2023-12-20,1,10,9681.46,230.08,Debit Card,Cancelled,Maharashtra,Pune
ORD007138,CUST0131,PROD0026,2024-02-23,2,15,30326.28,-1915.86,Cash on Delivery,Delivered,Tamil Nadu,Chennai
ORD007139,CUST0353,PROD0002,2024-12-01,3,5,60124.14,11148.3,Cash on Delivery,Delivered,Kerala,Kochi
ORD007140,CUST0506,PROD0027,2024-11-27,1,15,25823.18,2585.44,Credit Card,Returned,Assam,Guwahati
ORD007141,CUST0441,PROD0002,2023-12-25,4,15,71727.05,6425.93,UPI,Delivered,Gujarat,Ahmedabad
ORD007142,CUST0128,PROD0003,2024-02-25,1,10,18756.13,693.26,Credit Card,Delivered,Assam,Guwahati
ORD007143,CUST0129,PROD0035,2024-01-12,3,0,37629.12,5880.6,Cash on Delivery,Delivered,Chandigarh,Chandigarh
ORD007144,CUST0285,PROD0017,2023-07-13,1,10,21824.59,3756.23,Credit Card,Cancelled,Kerala,Kochi
ORD007145,CUST0243,PROD0018,2023-12-25,3,15,45650.23,439.66,Net Banking,Delivered,Bihar,Patna
ORD007146,CUST0286,PROD0003,2025-02-06,5,15,88570.6,-1743.75,Debit Card,Delivered,Uttar Pradesh,Kanpur
ORD007147,CUST0111,PROD0015,2023-03-29,2,0,22634.24,4760.42,Credit Card,Delivered,Rajasthan,Jaipur
ORD007148,CUST0416,PROD0005,2023-06-14,1,10,9361.43,788.98,Debit Card,Delivered,Maharashtra,Nagpur
ORD007149,CUST0035,PROD0027,2025-05-10,1,0,30380.21,7142.47,UPI,Cancelled,Maharashtra,Nagpur
ORD007150,CUST0262,PROD0024,2024-11-13,2,10,51157.35,8853.13,Debit Card,Returned,Assam,Guwahati
ORD007151,CUST0570,PROD0016,2023-04-25,1,0,24752.87,5958.31,Credit Card,Delivered,Maharashtra,Pune
ORD007152,CUST0300,PROD0024,2024-12-13,1,0,28420.75,7268.64,Credit Card,Delivered,Maharashtra,Nagpur
ORD007153,CUST0023,PROD0010,2023-04-24,1,5,22217.39,1397.86,Cash on Delivery,Returned,Uttar Pradesh,Kanpur
ORD007154,CUST0349,PROD0028,2024-04-05,1,5,7393.11,597.03,Net Banking,Delivered,Chandigarh,Chandigarh
ORD007155,CUST0402,PROD0035,2024-07-23,1,15,10661.58,78.74,Debit Card,Cancelled,Karnataka,Bangalore
ORD007156,CUST0173,PROD0033,2024-12-07,3,20,42226.78,-5426.18,Unknown,Delivered,Delhi,Delhi
ORD007157,CUST0099,PROD0028,2023-10-26,2,0,15564.44,1972.28,Debit Card,Delivered,Assam,Guwahati
ORD007158,CUST0500,PROD0018,2023-06-29,2,0,35804.1,5663.72,Debit Card,Delivered,West Bengal,Kolkata
ORD007159,CUST0546,PROD0007,2025-07-17,1,0,13618.92,2863.83,UPI,Delivered,Madhya Pradesh,Bhopal
ORD007160,CUST0056,PROD0023,2025-01-23,1,0,18767.33,4350.94,Net Banking,Delivered,Maharashtra,Nagpur
ORD007161,CUST0002,PROD0017,2023-12-05,1,0,24249.54,6181.18,Net Banking,Delivered,Rajasthan,Jaipur
ORD007162,CUST0398,PROD0030,2023-08-29,4,5,35975.44,1596.88,UPI,Delivered,Madhya Pradesh,Bhopal
ORD007163,CUST0190,PROD0029,2023-04-16,2,0,41467.46,6243.34,Net Banking,Delivered,Maharashtra,Pune
ORD007164,CUST0344,PROD0032,2024-03-06,1,30,8035.31,-2074.18,Net Banking,Delivered,West Bengal,Kolkata
ORD007165,CUST0238,PROD0005,2023-01-07,1,10,9361.43,788.98,UPI,Delivered,Chandigarh,Chandigarh
ORD007166,CUST0151,PROD0014,2025-01-26,1,10,8487.69,145.99,UPI,Returned,Gujarat,Surat
ORD007167,CUST0378,PROD0028,2024-01-13,2,0,15564.44,1972.28,Net Banking,Delivered,Rajasthan,Jaipur
ORD007168,CUST0405,PROD0022,2025-03-18,1,0,11982.27,2698.38,Cash on Delivery,Cancelled,Rajasthan,Jaipur
ORD007169,CUST0246,PROD0027,2023-12-01,1,0,30380.21,7142.47,UPI,Delivered,Tamil Nadu,Chennai
ORD007170,CUST0243,PROD0007,2025-06-09,1,15,11576.08,820.99,UPI,Delivered,Bihar,Patna
ORD007171,CUST0212,PROD0016,2025-02-27,1,15,21039.94,2245.38,Net Banking,Delivered,Gujarat,Surat
ORD007172,CUST0595,PROD0034,2024-02-13,3,10,58226.09,2153.45,Debit Card,Delivered,Rajasthan,Jaipur
ORD007173,CUST0023,PROD0033,2025-03-09,2,5,33429.53,1660.89,Cash on Delivery,Delivered,Uttar Pradesh,Kanpur
ORD007174,CUST0584,PROD0017,2023-10-11,2,5,46074.13,9937.41,Credit Card,Delivered,Telangana,Hyderabad
ORD007175,CUST0430,PROD0018,2025-07-30,2,0,35804.1,5663.72,Cash on Delivery,Delivered,Tamil Nadu,Coimbatore
ORD007176,CUST0035,PROD0017,2023-03-21,1,5,23037.06,4968.7,Net Banking,Returned,Maharashtra,Nagpur
ORD007177,CUST0382,PROD0034,2024-08-29,2,0,43130.44,5748.68,Debit Card,Delivered,Tamil Nadu,Coimbatore
ORD007178,CUST0129,PROD0006,2024-01-03,3,30,24749.28,-6712.74,Cash on Delivery,Returned,Chandigarh,Chandigarh
ORD007179,CUST0358,PROD0020,2024-03-20,1,0,19040.21,2570.31,UPI,Cancelled,Maharashtra,Mumbai
ORD007180,CUST0580,PROD0009,2025-06-15,2,0,51564.52,5392.16,UPI,Cancelled,Delhi,Delhi
ORD007181,CUST0296,PROD0015,2023-09-16,1,30,7921.98,-1014.93,Cash on Delivery,Delivered,Telangana,Hyderabad
ORD007182,CUST0083,PROD0025,2024-09-01,1,30,17975.59,-2512.32,Debit Card,Delivered,Chandigarh,Chandigarh
ORD007183,CUST0311,PROD0024,2023-11-01,1,30,19894.52,-1257.59,UPI,Delivered,Uttar Pradesh,Kanpur
ORD007184,CUST0079,PROD0034,2023-05-13,2,10,38817.4,1435.64,Credit Card,Delivered,Madhya Pradesh,Bhopal
ORD007185,CUST0334,PROD0019,2023-08-23,2,0,33468.38,4445.82,Net Banking,Delivered,Madhya Pradesh,Bhopal
ORD007186,CUST0346,PROD0013,2024-06-15,2,0,36526.36,7079.04,Net Banking,Delivered,Tamil Nadu,Chennai
ORD007187,CUST0041,PROD0013,2023-05-01,2,20,29221.09,-226.23,Cash on Delivery,Delivered,West Bengal,Kolkata
ORD007188,CUST0436,PROD0035,2023-05-27,2,5,23831.78,2666.1,Cash on Delivery,Delivered,Gujarat,Ahmedabad
ORD007189,CUST0144,PROD0026,2024-10-16,1,20,14271.19,-1849.88,Credit Card,Cancelled,Tamil Nadu,Coimbatore
ORD007190,CUST0105,PROD0027,2024-12-19,1,30,21266.15,-1971.59,Credit Card,Cancelled,Delhi,Delhi
ORD007191,CUST0366,PROD0016,2023-02-27,2,15,42079.88,4490.76,Cash on Delivery,Delivered,Assam,Guwahati
ORD007192,CUST0061,PROD0001,2025-01-25,2,0,46196.26,11017.82,Net Banking,Delivered,Kerala,Kochi
ORD007193,CUST0351,PROD0007,2025-03-27,1,15,11576.08,820.99,Net Banking,Delivered,Gujarat,Surat
ORD007194,CUST0210,PROD0002,2024-09-14,1,20,16876.95,551.67,Cash on Delivery,Delivered,Gujarat,Surat
ORD007195,CUST0519,PROD0009,2023-12-17,1,10,23204.03,117.85,UPI,Delivered,Tamil Nadu,Chennai
ORD007196,CUST0482,PROD0017,2024-01-26,1,0,24249.54,6181.18,Debit Card,Delivered,Delhi,Delhi
ORD007197,CUST0530,PROD0012,2023-05-29,1,15,21404.21,1081.74,Credit Card,Delivered,Maharashtra,Nagpur
ORD007198,CUST0399,PROD0015,2023-06-12,4,0,45268.48,9520.84,Cash on Delivery,Delivered,Tamil Nadu,Coimbatore
ORD007199,CUST0263,PROD0025,2025-05-31,1,5,24395.44,3907.53,Cash on Delivery,Returned,Maharashtra,Mumbai
ORD007200,CUST0124,PROD0019,2025-06-28,2,5,31794.96,2772.4,Credit Card,Delivered,Gujarat,Surat
ORD007201,CUST0583,PROD0011,2024-11-29,1,15,2784.18,234.55,Net Banking,Cancelled,Uttar Pradesh,Kanpur
ORD007202,CUST0077,PROD0014,2025-02-02,1,20,7544.62,-797.08,Net Banking,Delivered,Maharashtra,Pune
ORD007203,CUST0439,PROD0004,2023-06-21,2,0,26315.62,3573.34,Net Banking,Delivered,Madhya Pradesh,Bhopal
ORD007204,CUST0166,PROD0008,2025-04-08,1,20,8605.74,-845.64,Debit Card,Cancelled,Rajasthan,Jaipur
ORD007205,CUST0237,PROD0028,2023-04-14,1,0,7782.22,986.14,Net Banking,Returned,Maharashtra,Pune
ORD007206,CUST0395,PROD0014,2023-06-02,1,0,9430.77,1089.07,Debit Card,Delivered,Bihar,Patna
ORD007207,CUST0097,PROD0007,2024-04-13,1,0,13618.92,2863.83,Cash on Delivery,Returned,Rajasthan,Jaipur
ORD007208,CUST0254,PROD0032,2023-10-16,2,0,22958.02,2739.04,Net Banking,Delivered,Uttar Pradesh,Lucknow
ORD007209,CUST0416,PROD0031,2024-08-12,2,0,54048.7,10516.52,Net Banking,Cancelled,Maharashtra,Nagpur
ORD007210,CUST0580,PROD0033,2025-05-06,2,5,33429.53,1660.89,Net Banking,Delivered,Delhi,Delhi
ORD007211,CUST0348,PROD0029,2023-09-07,3,0,62201.19,9365.01,Credit Card,Delivered,Assam,Guwahati
ORD007212,CUST0395,PROD0011,2023-10-30,1,20,2620.41,70.78,Cash on Delivery,Returned,Bihar,Patna
ORD007213,CUST0141,PROD0021,2025-01-07,2,5,7074.1,1395.64,Credit Card,Returned,Maharashtra,Nagpur
ORD007214,CUST0037,PROD0018,2023-11-09,3,10,48335.54,3124.97,Credit Card,Delivered,Uttar Pradesh,Lucknow
ORD007215,CUST0572,PROD0033,2025-04-17,1,0,17594.49,1710.17,Cash on Delivery,Delivered,Tamil Nadu,Coimbatore
ORD007216,CUST0047,PROD0017,2023-02-02,2,10,43649.17,7512.45,Net Banking,Returned,Kerala,Kochi
ORD007217,CUST0411,PROD0007,2025-04-01,1,15,11576.08,820.99,Debit Card,Delivered,Madhya Pradesh,Bhopal
ORD007218,CUST0246,PROD0017,2025-05-10,5,0,121247.7,30905.9,Debit Card,Delivered,Tamil Nadu,Chennai
ORD007219,CUST0584,PROD0033,2023-02-13,1,20,14075.59,-1808.73,Cash on Delivery,Delivered,Telangana,Hyderabad
ORD007220,CUST0411,PROD0021,2023-12-22,1,20,2978.57,139.34,Credit Card,Delivered,Madhya Pradesh,Bhopal
ORD007221,CUST0230,PROD0034,2024-07-17,3,5,61460.88,5388.24,Net Banking,Delivered,Tamil Nadu,Coimbatore
ORD007222,CUST0542,PROD0019,2024-05-09,1,0,16734.19,2222.91,Credit Card,Delivered,Bihar,Patna
ORD007223,CUST0439,PROD0022,2023-05-29,1,5,11383.16,2099.27,Debit Card,Cancelled,Madhya Pradesh,Bhopal
ORD007224,CUST0345,PROD0029,2023-01-15,3,10,55981.07,3144.89,Net Banking,Delivered,Kerala,Kochi
ORD007225,CUST0307,PROD0011,2025-04-25,1,0,3275.51,725.88,UPI,Delivered,Uttar Pradesh,Kanpur
ORD007226,CUST0549,PROD0019,2023-03-28,1,30,11713.93,-2797.35,Net Banking,Delivered,Uttar Pradesh,Kanpur
ORD007227,CUST0491,PROD0025,2025-07-19,1,5,24395.44,3907.53,Debit Card,Delivered,Bihar,Patna
ORD007228,CUST0574,PROD0017,2023-04-16,1,5,23037.06,4968.7,Cash on Delivery,Cancelled,Kerala,Kochi
ORD007229,CUST0014,PROD0024,2024-03-24,2,0,56841.5,14537.28,Cash on Delivery,Delivered,West Bengal,Kolkata
ORD007230,CUST0404,PROD0001,2025-07-15,1,5,21943.22,4354.0,UPI,Delivered,Maharashtra,Mumbai
ORD007231,CUST0204,PROD0022,2025-03-17,2,5,22766.31,4198.53,Cash on Delivery,Cancelled,Maharashtra,Mumbai
ORD007232,CUST0210,PROD0031,2024-05-20,1,10,24321.92,2555.83,Debit Card,Cancelled,Gujarat,Surat
ORD007233,CUST0482,PROD0034,2023-05-07,2,0,43130.44,5748.68,Net Banking,Delivered,Delhi,Delhi
ORD007234,CUST0457,PROD0026,2024-07-22,2,10,32110.18,-131.96,Net Banking,Delivered,Madhya Pradesh,Indore
ORD007235,CUST0445,PROD0012,2024-08-22,1,5,23922.35,3599.88,Cash on Delivery,Delivered,Madhya Pradesh,Indore
ORD007236,CUST0022,PROD0013,2023-10-21,1,10,16436.86,1713.2,Net Banking,Delivered,Tamil Nadu,Coimbatore
ORD007237,CUST0565,PROD0028,2024-03-18,3,5,22179.33,1791.09,Net Banking,Delivered,Delhi,Delhi
ORD007238,CUST0012,PROD0008,2025-04-30,1,10,9681.46,230.08,Cash on Delivery,Cancelled,Tamil Nadu,Chennai
ORD007239,CUST0549,PROD0012,2023-05-01,3,5,71767.05,10799.64,Credit Card,Delivered,Uttar Pradesh,Kanpur
ORD007240,CUST0059,PROD0019,2024-09-10,1,5,15897.48,1386.2,Net Banking,Returned,Maharashtra,Mumbai
ORD007241,CUST0069,PROD0013,2023-12-11,1,15,15523.7,800.04,Net Banking,Delivered,Chandigarh,Chandigarh
ORD007242,CUST0011,PROD0015,2024-08-01,2,30,15843.97,-2029.85,Credit Card,Delivered,Maharashtra,Mumbai
ORD007243,CUST0040,PROD0008,2024-11-05,2,5,20438.64,1535.88,UPI,Delivered,Maharashtra,Nagpur
ORD007244,CUST0467,PROD0017,2024-03-26,1,30,16974.68,-1093.68,Credit Card,Returned,Gujarat,Ahmedabad
ORD007245,CUST0594,PROD0019,2024-12-06,1,0,16734.19,2222.91,Credit Card,Delivered,Gujarat,Ahmedabad
ORD007246,CUST0400,PROD0005,2025-03-13,1,0,10401.59,1829.14,Cash on Delivery,Cancelled,Madhya Pradesh,Indore
ORD007247,CUST0198,PROD0002,2023-07-04,4,0,84384.76,19083.64,UPI,Delivered,Rajasthan,Jaipur
ORD007248,CUST0196,PROD0010,2023-07-26,2,15,39757.44,-1881.62,Net Banking,Delivered,Maharashtra,Mumbai
ORD007249,CUST0093,PROD0007,2023-05-03,2,30,19066.49,-2443.69,Credit Card,Returned,Maharashtra,Pune
ORD007250,CUST0561,PROD0029,2025-06-06,2,0,41467.46,6243.34,Debit Card,Cancelled,Telangana,Hyderabad
ORD007251,CUST0054,PROD0013,2023-08-01,2,0,36526.36,7079.04,Cash on Delivery,Delivered,Tamil Nadu,Chennai
ORD007252,CUST0209,PROD0018,2023-03-19,3,0,53706.15,8495.58,Cash on Delivery,Delivered,Telangana,Hyderabad
ORD007253,CUST0211,PROD0010,2023-03-31,1,0,23386.73,2567.2,Credit Card,Delivered,Madhya Pradesh,Indore
ORD007254,CUST0011,PROD0016,2024-01-16,1,15,21039.94,2245.38,Net Banking,Delivered,Maharashtra,Mumbai
ORD007255,CUST0018,PROD0025,2025-04-15,3,0,77038.23,15574.5,Cash on Delivery,Cancelled,Delhi,Delhi
ORD007256,CUST0373,PROD0020,2023-04-10,1,5,18088.2,1618.3,Credit Card,Delivered,Assam,Guwahati
ORD007257,CUST0571,PROD0007,2023-08-02,1,30,9533.24,-1221.85,Cash on Delivery,Returned,Gujarat,Ahmedabad
ORD007258,CUST0483,PROD0002,2023-06-23,2,0,42192.38,9541.82,Debit Card,Delivered,Uttar Pradesh,Kanpur
ORD007259,CUST0446,PROD0004,2024-09-13,5,20,52631.24,-4224.46,UPI,Cancelled,Chandigarh,Chandigarh
ORD007260,CUST0023,PROD0016,2023-11-06,1,30,17327.01,-1467.55,Debit Card,Delivered,Uttar Pradesh,Kanpur
ORD007261,CUST0467,PROD0023,2025-07-06,5,0,93836.65,21754.7,Net Banking,Delivered,Gujarat,Ahmedabad
ORD007262,CUST0054,PROD0033,2024-09-21,2,30,24632.29,-7136.35,Cash on Delivery,Delivered,Tamil Nadu,Chennai
ORD007263,CUST0310,PROD0020,2024-05-04,1,30,13328.15,-3141.75,Net Banking,Cancelled,Telangana,Hyderabad
ORD007264,CUST0579,PROD0001,2024-06-27,1,0,23098.13,5508.91,Cash on Delivery,Delivered,Maharashtra,Mumbai
ORD007265,CUST0088,PROD0010,2025-04-12,4,0,93546.92,10268.8,UPI,Delivered,Uttar Pradesh,Kanpur
ORD007266,CUST0521,PROD0005,2024-12-16,4,0,41606.36,7316.56,Cash on Delivery,Delivered,Uttar Pradesh,Kanpur
ORD007267,CUST0194,PROD0015,2023-05-05,5,20,45268.48,583.93,Net Banking,Cancelled,Chandigarh,Chandigarh
ORD007268,CUST0220,PROD0007,2024-02-02,5,20,54475.68,700.23,Cash on Delivery,Cancelled,Uttar Pradesh,Lucknow
ORD007269,CUST0390,PROD0028,2024-09-14,2,5,14786.22,1194.06,Cash on Delivery,Delivered,Gujarat,Ahmedabad
ORD007270,CUST0394,PROD0035,2024-06-29,1,5,11915.89,1333.05,Net Banking,Cancelled,Assam,Guwahati
ORD007271,CUST0434,PROD0006,2025-05-30,1,15,10017.56,-469.78,Debit Card,Delivered,Telangana,Hyderabad
ORD007272,CUST0365,PROD0032,2023-02-02,3,15,29271.48,-1056.99,Debit Card,Cancelled,Delhi,Delhi
ORD007273,CUST0143,PROD0004,2025-05-03,2,0,26315.62,3573.34,Net Banking,Delivered,Karnataka,Bangalore
ORD007274,CUST0055,PROD0035,2023-12-29,4,5,47663.55,5332.19,Debit Card,Delivered,Madhya Pradesh,Indore
ORD007275,CUST0029,PROD0034,2023-02-15,1,0,21565.22,2874.34,Credit Card,Delivered,Uttar Pradesh,Kanpur
ORD007276,CUST0257,PROD0015,2023-07-06,1,5,10751.26,1814.35,UPI,Delivered,Gujarat,Ahmedabad
ORD007277,CUST0532,PROD0018,2023-06-21,1,0,17902.05,2831.86,Credit Card,Delivered,Maharashtra,Nagpur
ORD007278,CUST0075,PROD0002,2023-05-15,1,0,21096.19,4770.91,UPI,Returned,Uttar Pradesh,Kanpur
ORD007279,CUST0158,PROD0026,2023-02-02,1,0,17838.99,1717.92,Credit Card,Returned,Tamil Nadu,Coimbatore
ORD007280,CUST0578,PROD0018,2025-01-18,2,10,32223.69,2083.31,UPI,Delivered,Maharashtra,Pune
ORD007281,CUST0372,PROD0030,2023-06-02,2,5,17987.72,798.44,Debit Card,Delivered,Bihar,Patna
ORD007282,CUST0469,PROD0019,2023-10-31,4,0,66936.76,8891.64,Cash on Delivery,Delivered,Maharashtra,Nagpur
ORD007283,CUST0261,PROD0034,2024-06-22,1,0,21565.22,2874.34,Unknown,Returned,Madhya Pradesh,Indore
ORD007284,CUST0304,PROD0025,2024-03-31,1,20,20543.53,55.62,Net Banking,Delivered,Tamil Nadu,Coimbatore
ORD007285,CUST0160,PROD0003,2023-11-20,1,5,19798.13,1735.26,UPI,Returned,Rajasthan,Jaipur
ORD007286,CUST0416,PROD0024,2024-08-15,2,0,56841.5,14537.28,Cash on Delivery,Delivered,Maharashtra,Nagpur
ORD007287,CUST0166,PROD0006,2025-02-08,1,0,11785.37,1298.03,Credit Card,Delivered,Rajasthan,Jaipur
ORD007288,CUST0047,PROD0017,2024-06-27,3,0,72748.62,18543.54,Cash on Delivery,Delivered,Kerala,Kochi
ORD007289,CUST0238,PROD0014,2024-03-01,4,0,37723.08,4356.28,Cash on Delivery,Returned,Chandigarh,Chandigarh
ORD007290,CUST0113,PROD0002,2023-07-22,4,15,71727.05,6425.93,UPI,Delivered,Kerala,Kochi
ORD007291,CUST0104,PROD0032,2024-08-08,2,0,22958.02,2739.04,Credit Card,Delivered,Bihar,Patna
ORD007292,CUST0193,PROD0005,2024-05-29,4,10,37445.72,3155.92,Net Banking,Delivered,Rajasthan,Jaipur
ORD007293,CUST0217,PROD0033,2023-04-21,1,10,15835.04,-49.28,UPI,Delivered,Maharashtra,Mumbai
ORD007294,CUST0079,PROD0035,2023-09-21,2,20,20068.86,-1096.82,Net Banking,Delivered,Madhya Pradesh,Bhopal
ORD007295,CUST0283,PROD0018,2024-12-24,5,0,89510.25,14159.3,Net Banking,Delivered,Madhya Pradesh,Indore
ORD007296,CUST0415,PROD0011,2025-05-20,1,0,3275.51,725.88,Cash on Delivery,Returned,Madhya Pradesh,Bhopal
ORD007297,CUST0455,PROD0017,2023-11-14,1,10,21824.59,3756.23,Net Banking,Cancelled,Maharashtra,Pune
ORD007298,CUST0577,PROD0013,2025-04-20,1,0,18263.18,3539.52,UPI,Returned,Uttar Pradesh,Kanpur
ORD007299,CUST0522,PROD0014,2023-08-29,2,5,17918.46,1235.06,Credit Card,Delivered,Rajasthan,Jaipur
ORD007300,CUST0019,PROD0035,2025-01-30,1,0,12543.04,1960.2,Cash on Delivery,Delivered,Kerala,Kochi
ORD007301,CUST0200,PROD0022,2024-04-04,1,0,11982.27,2698.38,Credit Card,Cancelled,Uttar Pradesh,Lucknow
ORD007302,CUST0369,PROD0014,2024-06-01,1,10,8487.69,145.99,Credit Card,Delivered,Madhya Pradesh,Indore
ORD007303,CUST0461,PROD0028,2024-09-16,1,0,7782.22,986.14,Net Banking,Cancelled,Delhi,Delhi
ORD007304,CUST0550,PROD0004,2024-09-21,3,15,33552.42,-561.0,Credit Card,Cancelled,Kerala,Kochi
ORD007305,CUST0563,PROD0023,2023-11-19,2,5,35657.93,6825.15,Credit Card,Cancelled,West Bengal,Kolkata
ORD007306,CUST0098,PROD0010,2024-05-03,2,0,46773.46,5134.4,Debit Card,Cancelled,West Bengal,Kolkata
ORD007307,CUST0361,PROD0035,2023-03-01,4,15,42646.34,314.98,Net Banking,Delivered,Delhi,Delhi
ORD007308,CUST0226,PROD0006,2023-12-11,3,15,30052.69,-1409.33,Net Banking,Returned,Maharashtra,Pune
ORD007309,CUST0023,PROD0017,2024-08-28,1,10,21824.59,3756.23,Net Banking,Delivered,Uttar Pradesh,Kanpur
ORD007310,CUST0495,PROD0018,2025-06-27,1,20,14321.64,-748.55,UPI,Delivered,Kerala,Kochi
ORD007311,CUST0028,PROD0016,2023-04-29,5,30,86635.04,-7337.76,Debit Card,Delivered,Bihar,Patna
ORD007312,CUST0150,PROD0023,2023-08-02,2,5,35657.93,6825.15,Cash on Delivery,Delivered,Bihar,Patna
ORD007313,CUST0403,PROD0029,2024-03-06,1,0,20733.73,3121.67,Cash on Delivery,Delivered,Assam,Guwahati
ORD007314,CUST0428,PROD0007,2023-04-15,1,20,10895.14,140.05,UPI,Delivered,Gujarat,Surat
ORD007315,CUST0314,PROD0015,2024-06-02,1,10,10185.41,1248.5,Net Banking,Delivered,Chandigarh,Chandigarh
ORD007316,CUST0330,PROD0021,2023-10-06,1,20,2978.57,139.34,Net Banking,Delivered,Chandigarh,Chandigarh
ORD007317,CUST0340,PROD0005,2025-04-02,1,20,8321.27,-251.18,Debit Card,Delivered,Madhya Pradesh,Indore
ORD007318,CUST0155,PROD0019,2023-10-17,1,0,16734.19,2222.91,Debit Card,Returned,Gujarat,Ahmedabad
ORD007319,CUST0520,PROD0002,2024-02-15,3,10,56959.71,7983.87,Cash on Delivery,Delivered,Kerala,Kochi
ORD007320,CUST0063,PROD0031,2025-07-16,1,10,24321.92,2555.83,Debit Card,Delivered,Madhya Pradesh,Indore
ORD007321,CUST0514,PROD0009,2023-03-20,1,0,25782.26,2696.08,Debit Card,Delivered,Delhi,Delhi
ORD007322,CUST0176,PROD0020,2025-03-27,1,5,18088.2,1618.3,UPI,Returned,Telangana,Hyderabad
ORD007323,CUST0171,PROD0024,2024-04-20,3,10,76736.03,13279.7,UPI,Cancelled,Uttar Pradesh,Kanpur
ORD007324,CUST0448,PROD0002,2024-01-10,2,0,42192.38,9541.82,UPI,Cancelled,Gujarat,Surat
ORD007325,CUST0107,PROD0027,2025-06-05,2,0,60760.42,14284.94,Cash on Delivery,Delivered,Uttar Pradesh,Lucknow
ORD007326,CUST0241,PROD0007,2025-07-29,3,30,28599.73,-3665.54,UPI,Returned,Bihar,Patna
ORD007327,CUST0472,PROD0034,2023-07-03,2,5,40973.92,3592.16,Cash on Delivery,Delivered,Uttar Pradesh,Lucknow
ORD007328,CUST0534,PROD0015,2025-03-02,1,10,10185.41,1248.5,Credit Card,Delivered,Uttar Pradesh,Kanpur
ORD007329,CUST0574,PROD0034,2023-07-28,1,0,21565.22,2874.34,Net Banking,Delivered,Kerala,Kochi
ORD007330,CUST0432,PROD0006,2023-01-16,1,15,10017.56,-469.78,Credit Card,Returned,Maharashtra,Mumbai
ORD007331,CUST0428,PROD0011,2024-11-21,1,0,3275.51,725.88,UPI,Delivered,Gujarat,Surat
ORD007332,CUST0499,PROD0035,2023-11-30,1,15,10661.58,78.74,UPI,Delivered,Bihar,Patna
ORD007333,CUST0480,PROD0032,2024-07-20,2,0,22958.02,2739.04,UPI,Delivered,Gujarat,Surat
ORD007334,CUST0479,PROD0019,2023-05-23,4,10,60243.08,2197.96,Net Banking,Delivered,Telangana,Hyderabad
ORD007335,CUST0028,PROD0006,2025-03-21,1,20,9428.3,-1059.04,Net Banking,Delivered,Bihar,Patna
ORD007336,CUST0226,PROD0004,2024-05-09,1,0,13157.81,1786.67,UPI,Delivered,Maharashtra,Pune
ORD007337,CUST0597,PROD0012,2025-01-23,1,30,17626.99,-2695.48,Net Banking,Delivered,Uttar Pradesh,Lucknow
ORD007338,CUST0388,PROD0035,2023-12-08,2,15,21323.17,157.49,UPI,Delivered,West Bengal,Kolkata
ORD007339,CUST0152,PROD0023,2023-08-06,1,0,18767.33,4350.94,Credit Card,Cancelled,Chandigarh,Chandigarh
ORD007340,CUST0271,PROD0028,2025-06-11,1,0,7782.22,986.14,Debit Card,Cancelled,Maharashtra,Mumbai
ORD007341,CUST0329,PROD0014,2024-05-15,1,0,9430.77,1089.07,Cash on Delivery,Delivered,Rajasthan,Jaipur
ORD007342,CUST0061,PROD0008,2023-12-19,1,0,10757.18,1305.8,Debit Card,Returned,Kerala,Kochi
ORD007343,CUST0412,PROD0030,2023-04-05,2,10,17041.0,-148.28,Net Banking,Returned,Uttar Pradesh,Lucknow
ORD007344,CUST0457,PROD0010,2023-06-06,2,15,39757.44,-1881.62,Debit Card,Delivered,Madhya Pradesh,Indore
ORD007345,CUST0060,PROD0022,2024-08-20,1,5,11383.16,2099.27,Credit Card,Delivered,Telangana,Hyderabad
ORD007346,CUST0427,PROD0007,2024-08-05,1,20,10895.14,140.05,Debit Card,Returned,Kerala,Kochi
ORD007347,CUST0277,PROD0003,2025-03-05,1,15,17714.12,-348.75,Debit Card,Delivered,Madhya Pradesh,Indore
ORD007348,CUST0179,PROD0035,2024-12-08,1,10,11288.74,705.9,Cash on Delivery,Delivered,Gujarat,Ahmedabad
ORD007349,CUST0003,PROD0007,2023-05-24,2,5,25875.95,4365.77,UPI,Returned,Gujarat,Ahmedabad
ORD007350,CUST0048,PROD0014,2025-06-06,1,15,8016.15,-325.55,UPI,Delivered,Assam,Guwahati
ORD007351,CUST0263,PROD0014,2024-07-28,3,10,25463.08,437.98,Credit Card,Delivered,Maharashtra,Mumbai
ORD007352,CUST0522,PROD0034,2025-03-19,1,5,20486.96,1796.08,Debit Card,Returned,Rajasthan,Jaipur
ORD007353,CUST0169,PROD0015,2023-09-20,1,10,10185.41,1248.5,Debit Card,Delivered,Telangana,Hyderabad
ORD007354,CUST0596,PROD0022,2025-06-22,1,0,11982.27,2698.38,Unknown,Delivered,Assam,Guwahati
ORD007355,CUST0091,PROD0003,2025-06-12,1,0,20840.14,2777.27,UPI,Returned,Uttar Pradesh,Lucknow
ORD007356,CUST0526,PROD0010,2023-10-07,2,5,44434.79,2795.73,Debit Card,Delivered,Uttar Pradesh,Lucknow
ORD007357,CUST0301,PROD0024,2025-04-28,4,0,113683.0,29074.56,Debit Card,Delivered,West Bengal,Kolkata
ORD007358,CUST0295,PROD0017,2025-07-04,4,10,87298.34,15024.9,Cash on Delivery,Delivered,Tamil Nadu,Chennai
ORD007359,CUST0432,PROD0029,2025-04-21,1,0,20733.73,3121.67,Cash on Delivery,Delivered,Maharashtra,Mumbai
ORD007360,CUST0417,PROD0031,2024-03-16,3,15,68912.09,3613.82,Debit Card,Returned,Kerala,Kochi
ORD007361,CUST0527,PROD0017,2023-05-09,1,5,23037.06,4968.7,Credit Card,Returned,Bihar,Patna
ORD007362,CUST0567,PROD0017,2025-06-02,1,0,24249.54,6181.18,UPI,Cancelled,Assam,Guwahati
ORD007363,CUST0001,PROD0009,2023-01-01,3,0,77346.78,8088.24,Credit Card,Delivered,Telangana,Hyderabad
ORD007364,CUST0378,PROD0005,2023-08-25,1,0,10401.59,1829.14,Credit Card,Returned,Rajasthan,Jaipur
ORD007365,CUST0487,PROD0035,2024-06-07,1,30,8780.13,-1802.71,Debit Card,Delivered,Karnataka,Bangalore
ORD007366,CUST0078,PROD0034,2023-10-21,1,0,21565.22,2874.34,Net Banking,Delivered,Karnataka,Bangalore
ORD007367,CUST0186,PROD0030,2025-05-19,4,0,37868.88,3490.32,Cash on Delivery,Cancelled,Telangana,Hyderabad
ORD007368,CUST0244,PROD0001,2024-07-31,1,10,20788.32,3199.1,Credit Card,Delivered,Chandigarh,Chandigarh
ORD007369,CUST0165,PROD0010,2025-06-22,1,0,23386.73,2567.2,Debit Card,Delivered,Gujarat,Ahmedabad
ORD007370,CUST0020,PROD0018,2023-02-25,4,0,71608.2,11327.44,Credit Card,Delivered,Maharashtra,Nagpur
ORD007371,CUST0021,PROD0026,2024-01-22,3,0,53516.97,5153.76,Net Banking,Delivered,Gujarat,Surat
ORD007372,CUST0585,PROD0014,2023-05-16,2,0,18861.54,2178.14,Debit Card,Delivered,Maharashtra,Pune
ORD007373,CUST0087,PROD0018,2025-02-13,1,5,17006.95,1936.76,Debit Card,Cancelled,Maharashtra,Nagpur
ORD007374,CUST0564,PROD0011,2024-12-21,2,10,5895.92,796.66,Credit Card,Delivered,Tamil Nadu,Coimbatore
ORD007375,CUST0093,PROD0022,2025-01-30,1,10,10784.04,1500.15,Debit Card,Returned,Maharashtra,Pune
ORD007376,CUST0567,PROD0009,2025-06-14,4,0,103129.04,10784.32,UPI,Delivered,Assam,Guwahati
ORD007377,CUST0139,PROD0034,2023-08-17,2,0,43130.44,5748.68,UPI,Delivered,West Bengal,Kolkata
ORD007378,CUST0390,PROD0035,2025-01-10,1,0,12543.04,1960.2,Net Banking,Delivered,Gujarat,Ahmedabad
ORD007379,CUST0422,PROD0020,2024-08-31,2,0,38080.42,5140.62,Credit Card,Delivered,Kerala,Kochi
ORD007380,CUST0056,PROD0026,2024-01-04,3,10,48165.27,-197.94,UPI,Delivered,Maharashtra,Nagpur
ORD007381,CUST0453,PROD0002,2023-07-02,1,10,18986.57,2661.29,Debit Card,Returned,Kerala,Kochi
ORD007382,CUST0541,PROD0026,2025-02-24,2,0,35677.98,3435.84,Cash on Delivery,Delivered,Karnataka,Bangalore
ORD007383,CUST0487,PROD0024,2023-03-08,2,5,53999.42,11695.2,Net Banking,Delivered,Karnataka,Bangalore
ORD007384,CUST0304,PROD0014,2025-06-26,3,0,28292.31,3267.21,UPI,Delivered,Tamil Nadu,Coimbatore
ORD007385,CUST0572,PROD0033,2023-09-18,3,0,52783.47,5130.51,Unknown,Delivered,Tamil Nadu,Coimbatore
ORD007386,CUST0120,PROD0003,2025-04-20,4,10,75024.5,2773.02,Debit Card,Delivered,Maharashtra,Nagpur
ORD007387,CUST0067,PROD0030,2023-04-27,1,0,9467.22,872.58,UPI,Delivered,Telangana,Hyderabad
ORD007388,CUST0301,PROD0011,2024-11-27,2,0,6551.02,1451.76,Cash on Delivery,Delivered,West Bengal,Kolkata
ORD007389,CUST0404,PROD0004,2025-06-08,2,20,21052.5,-1689.78,Net Banking,Returned,Maharashtra,Mumbai
ORD007390,CUST0508,PROD0012,2023-05-24,1,0,25181.42,4858.95,Net Banking,Delivered,Madhya Pradesh,Bhopal
ORD007391,CUST0231,PROD0019,2024-02-22,1,0,16734.19,2222.91,Debit Card,Delivered,Karnataka,Bangalore
ORD007392,CUST0245,PROD0017,2024-09-25,1,0,24249.54,6181.18,Net Banking,Cancelled,Kerala,Kochi
ORD007393,CUST0146,PROD0031,2024-12-17,1,0,27024.35,5258.26,Net Banking,Returned,West Bengal,Kolkata
ORD007394,CUST0449,PROD0018,2023-01-11,2,5,34013.89,3873.51,Debit Card,Delivered,Assam,Guwahati
ORD007395,CUST0336,PROD0014,2023-04-21,1,0,9430.77,1089.07,UPI,Delivered,Maharashtra,Pune
ORD007396,CUST0382,PROD0019,2023-10-21,4,5,63589.92,5544.8,Cash on Delivery,Returned,Tamil Nadu,Coimbatore
ORD007397,CUST0287,PROD0010,2023-04-07,1,0,23386.73,2567.2,Net Banking,Delivered,Karnataka,Bangalore
ORD007398,CUST0597,PROD0013,2024-08-15,2,15,31047.41,1600.09,Credit Card,Returned,Uttar Pradesh,Lucknow
ORD007399,CUST0201,PROD0031,2024-03-19,2,5,51346.26,7814.08,Cash on Delivery,Cancelled,Chandigarh,Chandigarh
ORD007400,CUST0114,PROD0005,2024-09-14,1,0,10401.59,1829.14,Credit Card,Cancelled,Kerala,Kochi
ORD007401,CUST0152,PROD0018,2023-10-09,1,15,15216.74,146.55,UPI,Delivered,Chandigarh,Chandigarh
ORD007402,CUST0022,PROD0014,2023-04-28,1,0,9430.77,1089.07,UPI,Cancelled,Tamil Nadu,Coimbatore
ORD007403,CUST0412,PROD0026,2024-11-30,1,5,16947.04,825.97,Cash on Delivery,Returned,Uttar Pradesh,Lucknow
ORD007404,CUST0418,PROD0023,2024-03-04,2,0,37534.66,8701.88,Debit Card,Returned,Karnataka,Bangalore
ORD007405,CUST0410,PROD0023,2023-03-08,4,20,60055.46,2389.9,Debit Card,Delivered,Madhya Pradesh,Bhopal
ORD007406,CUST0328,PROD0034,2025-07-11,2,10,38817.4,1435.64,Debit Card,Delivered,Tamil Nadu,Coimbatore
ORD007407,CUST0431,PROD0024,2025-05-07,5,15,120788.19,15027.64,Credit Card,Cancelled,Tamil Nadu,Chennai
ORD007408,CUST0234,PROD0025,2023-11-18,1,0,25679.41,5191.5,UPI,Delivered,Maharashtra,Pune
ORD007409,CUST0046,PROD0005,2023-09-14,1,0,10401.59,1829.14,Credit Card,Delivered,Gujarat,Ahmedabad
ORD007410,CUST0524,PROD0012,2025-07-19,3,10,67989.83,7022.42,UPI,Cancelled,Madhya Pradesh,Bhopal
ORD007411,CUST0056,PROD0024,2023-12-26,2,20,45473.2,3168.98,Net Banking,Delivered,Maharashtra,Nagpur
ORD007412,CUST0109,PROD0003,2025-04-19,1,0,20840.14,2777.27,Debit Card,Delivered,West Bengal,Kolkata
ORD007413,CUST0188,PROD0005,2023-04-17,1,0,10401.59,1829.14,Credit Card,Cancelled,Maharashtra,Pune
ORD007414,CUST0247,PROD0010,2024-03-15,2,10,42096.11,457.05,Cash on Delivery,Delivered,Madhya Pradesh,Bhopal
ORD007415,CUST0256,PROD0031,2024-07-05,1,15,22970.7,1204.61,Net Banking,Cancelled,Maharashtra,Pune
ORD007416,CUST0249,PROD0021,2025-04-05,4,5,14148.2,2791.28,Cash on Delivery,Cancelled,Rajasthan,Jaipur
ORD007417,CUST0030,PROD0009,2024-10-13,2,5,48986.29,2813.93,Debit Card,Delivered,Uttar Pradesh,Kanpur
ORD007418,CUST0345,PROD0026,2025-01-18,1,0,17838.99,1717.92,Credit Card,Cancelled,Kerala,Kochi
ORD007419,CUST0171,PROD0007,2024-12-15,1,20,10895.14,140.05,Net Banking,Delivered,Uttar Pradesh,Kanpur
ORD007420,CUST0158,PROD0024,2023-07-31,1,5,26999.71,5847.6,Net Banking,Delivered,Tamil Nadu,Coimbatore
ORD007421,CUST0477,PROD0022,2023-04-08,1,10,10784.04,1500.15,Debit Card,Delivered,Karnataka,Bangalore
ORD007422,CUST0220,PROD0012,2025-07-28,1,5,23922.35,3599.88,UPI,Delivered,Uttar Pradesh,Lucknow
ORD007423,CUST0151,PROD0023,2024-07-22,1,0,18767.33,4350.94,UPI,Delivered,Gujarat,Surat
ORD007424,CUST0081,PROD0017,2024-07-18,1,10,21824.59,3756.23,Net Banking,Delivered,Gujarat,Ahmedabad
ORD007425,CUST0299,PROD0028,2023-12-08,1,0,7782.22,986.14,Cash on Delivery,Delivered,Gujarat,Surat
ORD007426,CUST0330,PROD0032,2025-03-29,1,10,10331.11,221.62,Credit Card,Delivered,Chandigarh,Chandigarh
ORD007427,CUST0211,PROD0034,2024-09-18,2,0,43130.44,5748.68,UPI,Returned,Madhya Pradesh,Indore
ORD007428,CUST0020,PROD0017,2025-02-27,1,5,23037.06,4968.7,Net Banking,Delivered,Maharashtra,Nagpur
ORD007429,CUST0316,PROD0035,2025-06-26,1,15,10661.58,78.74,Net Banking,Delivered,Kerala,Kochi
ORD007430,CUST0380,PROD0011,2024-02-02,2,5,6223.47,1124.21,UPI,Delivered,Kerala,Kochi
ORD007431,CUST0350,PROD0015,2024-08-24,2,0,22634.24,4760.42,Cash on Delivery,Delivered,Telangana,Hyderabad
ORD007432,CUST0185,PROD0009,2025-03-25,1,5,24493.15,1406.97,Net Banking,Delivered,Maharashtra,Pune
ORD007433,CUST0427,PROD0032,2023-09-21,1,0,11479.01,1369.52,Credit Card,Delivered,Kerala,Kochi
ORD007434,CUST0357,PROD0005,2024-11-13,1,0,10401.59,1829.14,UPI,Delivered,Madhya Pradesh,Bhopal
ORD007435,CUST0064,PROD0009,2023-09-17,1,0,25782.26,2696.08,Debit Card,Delivered,Maharashtra,Mumbai
ORD007436,CUST0301,PROD0014,2023-08-26,1,10,8487.69,145.99,Debit Card,Delivered,West Bengal,Kolkata
ORD007437,CUST0002,PROD0025,2024-04-23,2,0,51358.82,10383.0,UPI,Returned,Rajasthan,Jaipur
ORD007438,CUST0489,PROD0001,2024-01-31,2,5,43886.45,8708.01,Credit Card,Cancelled,Maharashtra,Pune
ORD007439,CUST0199,PROD0030,2025-02-26,2,5,17987.72,798.44,Net Banking,Returned,Tamil Nadu,Coimbatore
ORD007440,CUST0502,PROD0021,2025-07-15,1,5,3537.05,697.82,Debit Card,Delivered,Maharashtra,Nagpur
ORD007441,CUST0131,PROD0023,2023-03-20,1,0,18767.33,4350.94,Credit Card,Delivered,Tamil Nadu,Chennai
ORD007442,CUST0215,PROD0033,2023-04-06,2,15,29910.63,-1858.01,Cash on Delivery,Delivered,Tamil Nadu,Chennai
ORD007443,CUST0063,PROD0027,2025-01-29,1,10,27342.19,4104.45,UPI,Delivered,Madhya Pradesh,Indore
ORD007444,CUST0449,PROD0029,2023-08-17,2,0,41467.46,6243.34,Credit Card,Delivered,Assam,Guwahati
ORD007445,CUST0193,PROD0016,2024-04-11,2,10,44555.17,6966.05,UPI,Delivered,Rajasthan,Jaipur
ORD007446,CUST0249,PROD0010,2024-07-10,1,30,16370.71,-4448.82,UPI,Delivered,Rajasthan,Jaipur
ORD007447,CUST0180,PROD0001,2024-09-19,1,5,21943.22,4354.0,Net Banking,Returned,Maharashtra,Pune
ORD007448,CUST0197,PROD0023,2023-04-08,1,0,18767.33,4350.94,Credit Card,Delivered,Rajasthan,Jaipur
ORD007449,CUST0071,PROD0024,2025-01-05,1,5,26999.71,5847.6,Debit Card,Delivered,Tamil Nadu,Chennai
ORD007450,CUST0211,PROD0003,2024-10-29,1,10,18756.13,693.26,Credit Card,Delivered,Madhya Pradesh,Indore
ORD007451,CUST0399,PROD0020,2024-06-12,1,0,19040.21,2570.31,Net Banking,Delivered,Tamil Nadu,Coimbatore
ORD007452,CUST0373,PROD0004,2025-02-27,1,0,13157.81,1786.67,UPI,Delivered,Assam,Guwahati
ORD007453,CUST0136,PROD0029,2023-12-21,1,20,16586.98,-1025.08,UPI,Delivered,Karnataka,Bangalore
ORD007454,CUST0552,PROD0013,2024-05-03,1,10,16436.86,1713.2,UPI,Delivered,Telangana,Hyderabad
ORD007455,CUST0407,PROD0002,2025-05-21,1,0,21096.19,4770.91,Cash on Delivery,Delivered,Bihar,Patna
ORD007456,CUST0287,PROD0004,2023-12-27,2,0,26315.62,3573.34,UPI,Delivered,Karnataka,Bangalore
ORD007457,CUST0190,PROD0033,2024-07-20,4,20,56302.37,-7234.91,Cash on Delivery,Delivered,Maharashtra,Pune
ORD007458,CUST0118,PROD0001,2024-07-10,3,0,69294.39,16526.73,Net Banking,Delivered,Maharashtra,Nagpur
ORD007459,CUST0589,PROD0001,2025-01-17,1,0,23098.13,5508.91,Unknown,Cancelled,Madhya Pradesh,Bhopal
ORD007460,CUST0293,PROD0022,2025-06-17,3,0,35946.81,8095.14,Net Banking,Delivered,West Bengal,Kolkata
ORD007461,CUST0112,PROD0012,2024-06-26,1,0,25181.42,4858.95,Net Banking,Delivered,Karnataka,Bangalore
ORD007462,CUST0448,PROD0032,2023-04-21,2,0,22958.02,2739.04,Net Banking,Cancelled,Gujarat,Surat
ORD007463,CUST0137,PROD0007,2024-12-20,2,5,25875.95,4365.77,Credit Card,Delivered,Assam,Guwahati
ORD007464,CUST0445,PROD0035,2023-12-06,1,10,11288.74,705.9,Debit Card,Cancelled,Madhya Pradesh,Indore
ORD007465,CUST0333,PROD0027,2024-09-25,1,0,30380.21,7142.47,Credit Card,Delivered,Maharashtra,Pune
ORD007466,CUST0205,PROD0034,2025-05-01,2,0,43130.44,5748.68,Credit Card,Cancelled,Kerala,Kochi
ORD007467,CUST0414,PROD0010,2024-02-02,1,5,22217.39,1397.86,Credit Card,Delivered,Uttar Pradesh,Lucknow
ORD007468,CUST0011,PROD0031,2024-01-06,2,0,54048.7,10516.52,Credit Card,Delivered,Maharashtra,Mumbai
ORD007469,CUST0222,PROD0002,2024-12-02,1,0,21096.19,4770.91,Credit Card,Delivered,Chandigarh,Chandigarh
ORD007470,CUST0468,PROD0020,2023-11-24,4,15,64736.71,-1142.89,Cash on Delivery,Delivered,Rajasthan,Jaipur
ORD007471,CUST0390,PROD0016,2025-01-12,1,0,24752.87,5958.31,Net Banking,Returned,Gujarat,Ahmedabad
ORD007472,CUST0514,PROD0014,2025-03-13,2,15,16032.31,-651.09,UPI,Delivered,Delhi,Delhi
ORD007473,CUST0370,PROD0027,2024-06-24,2,0,60760.42,14284.94,Net Banking,Cancelled,Tamil Nadu,Coimbatore
ORD007474,CUST0349,PROD0026,2024-05-07,1,0,17838.99,1717.92,Net Banking,Delivered,Chandigarh,Chandigarh
ORD007475,CUST0480,PROD0022,2025-06-04,4,15,40739.72,3604.16,Cash on Delivery,Cancelled,Gujarat,Surat
ORD007476,CUST0241,PROD0005,2025-02-04,3,0,31204.77,5487.42,Cash on Delivery,Delivered,Bihar,Patna
ORD007477,CUST0095,PROD0023,2024-08-14,3,10,50671.79,7422.62,Debit Card,Returned,Delhi,Delhi
ORD007478,CUST0209,PROD0002,2025-01-02,3,0,63288.57,14312.73,Cash on Delivery,Returned,Telangana,Hyderabad
ORD007479,CUST0546,PROD0031,2024-09-22,1,0,27024.35,5258.26,Net Banking,Delivered,Madhya Pradesh,Bhopal
ORD007480,CUST0501,PROD0020,2023-01-25,2,10,34272.38,1332.58,Debit Card,Delivered,Madhya Pradesh,Bhopal
ORD007481,CUST0438,PROD0020,2024-06-18,1,0,19040.21,2570.31,Unknown,Delivered,Rajasthan,Jaipur
ORD007482,CUST0220,PROD0005,2023-01-23,1,0,10401.59,1829.14,Cash on Delivery,Delivered,Uttar Pradesh,Lucknow
ORD007483,CUST0311,PROD0007,2025-06-10,1,20,10895.14,140.05,UPI,Cancelled,Uttar Pradesh,Kanpur
ORD007484,CUST0599,PROD0034,2023-04-04,1,20,17252.18,-1438.7,UPI,Delivered,Bihar,Patna
ORD007485,CUST0001,PROD0029,2025-05-17,2,0,41467.46,6243.34,UPI,Delivered,Telangana,Hyderabad
ORD007486,CUST0148,PROD0031,2025-01-25,1,5,25673.13,3907.04,Debit Card,Delivered,Karnataka,Bangalore
ORD007487,CUST0274,PROD0012,2024-11-17,1,0,25181.42,4858.95,Net Banking,Delivered,Tamil Nadu,Coimbatore
ORD007488,CUST0493,PROD0008,2025-03-11,1,10,9681.46,230.08,Net Banking,Delivered,Maharashtra,Mumbai
ORD007489,CUST0417,PROD0002,2023-08-27,1,0,21096.19,4770.91,Net Banking,Cancelled,Kerala,Kochi
ORD007490,CUST0204,PROD0031,2025-02-09,1,0,27024.35,5258.26,UPI,Delivered,Maharashtra,Mumbai
ORD007491,CUST0524,PROD0030,2023-11-21,1,15,8047.14,-547.5,Debit Card,Delivered,Madhya Pradesh,Bhopal
ORD007492,CUST0521,PROD0015,2025-07-06,1,0,11317.12,2380.21,Net Banking,Delivered,Uttar Pradesh,Kanpur
ORD007493,CUST0345,PROD0011,2023-08-23,1,30,2292.86,-256.77,Debit Card,Cancelled,Kerala,Kochi
ORD007494,CUST0171,PROD0002,2024-02-25,2,5,40082.76,7432.2,UPI,Delivered,Uttar Pradesh,Kanpur
ORD007495,CUST0348,PROD0014,2023-02-15,1,20,7544.62,-797.08,Debit Card,Delivered,Assam,Guwahati
ORD007496,CUST0404,PROD0016,2024-03-07,1,10,22277.58,3483.02,Cash on Delivery,Cancelled,Maharashtra,Mumbai
ORD007497,CUST0104,PROD0019,2025-07-22,1,10,15060.77,549.49,Credit Card,Delivered,Bihar,Patna
ORD007498,CUST0205,PROD0003,2023-09-05,2,10,37512.25,1386.51,Cash on Delivery,Delivered,Kerala,Kochi
ORD007499,CUST0576,PROD0029,2025-01-17,1,0,20733.73,3121.67,Net Banking,Returned,Maharashtra,Mumbai
ORD007500,CUST0320,PROD0024,2023-07-17,5,0,142103.75,36343.2,UPI,Delivered,Karnataka,Bangalore
ORD007501,CUST0461,PROD0033,2024-12-27,1,5,16714.77,830.45,Debit Card,Delivered,Delhi,Delhi
ORD007502,CUST0572,PROD0022,2024-05-30,1,0,11982.27,2698.38,Cash on Delivery,Returned,Tamil Nadu,Coimbatore
ORD007503,CUST0473,PROD0009,2023-10-31,1,5,24493.15,1406.97,Credit Card,Delivered,Madhya Pradesh,Bhopal
ORD007504,CUST0106,PROD0001,2024-01-14,1,15,19633.41,2044.19,UPI,Delivered,Telangana,Hyderabad
ORD007505,CUST0523,PROD0022,2023-11-25,5,10,53920.22,7500.77,Debit Card,Returned,Rajasthan,Jaipur
ORD007506,CUST0218,PROD0001,2025-02-07,1,15,19633.41,2044.19,Debit Card,Delivered,West Bengal,Kolkata
ORD007507,CUST0318,PROD0024,2025-03-06,1,0,28420.75,7268.64,UPI,Delivered,Assam,Guwahati
ORD007508,CUST0331,PROD0027,2025-03-17,1,5,28861.2,5623.46,Net Banking,Cancelled,Karnataka,Bangalore
ORD007509,CUST0586,PROD0016,2023-11-11,1,0,24752.87,5958.31,Net Banking,Cancelled,Delhi,Delhi
ORD007510,CUST0221,PROD0035,2024-08-03,2,10,22577.47,1411.79,Cash on Delivery,Cancelled,Bihar,Patna
ORD007511,CUST0530,PROD0020,2024-11-27,1,0,19040.21,2570.31,Net Banking,Delivered,Maharashtra,Nagpur
ORD007512,CUST0122,PROD0009,2025-02-26,1,10,23204.03,117.85,UPI,Delivered,Kerala,Kochi
ORD007513,CUST0508,PROD0002,2023-08-03,1,0,21096.19,4770.91,Net Banking,Delivered,Madhya Pradesh,Bhopal
ORD007514,CUST0108,PROD0006,2025-02-19,1,0,11785.37,1298.03,Credit Card,Delivered,Telangana,Hyderabad
ORD007515,CUST0455,PROD0029,2023-04-06,2,0,41467.46,6243.34,Cash on Delivery,Delivered,Maharashtra,Pune
ORD007516,CUST0315,PROD0027,2024-11-11,1,0,30380.21,7142.47,Net Banking,Delivered,Rajasthan,Jaipur
ORD007517,CUST0274,PROD0008,2024-08-25,1,0,10757.18,1305.8,Net Banking,Delivered,Tamil Nadu,Coimbatore
ORD007518,CUST0384,PROD0025,2023-10-22,1,10,23111.47,2623.56,UPI,Delivered,Gujarat,Surat
ORD007519,CUST0442,PROD0001,2024-04-13,5,0,115490.65,27544.55,Credit Card,Delivered,Tamil Nadu,Coimbatore
ORD007520,CUST0384,PROD0001,2023-06-25,4,0,92392.52,22035.64,UPI,Delivered,Gujarat,Surat
ORD007521,CUST0480,PROD0007,2023-12-27,4,15,46304.33,3283.97,Cash on Delivery,Delivered,Gujarat,Surat
ORD007522,CUST0238,PROD0032,2023-09-07,1,0,11479.01,1369.52,Credit Card,Delivered,Chandigarh,Chandigarh
ORD007523,CUST0465,PROD0018,2024-10-28,2,5,34013.89,3873.51,Cash on Delivery,Returned,Bihar,Patna
ORD007524,CUST0021,PROD0032,2023-11-27,2,30,16070.61,-4148.37,Debit Card,Delivered,Gujarat,Surat
ORD007525,CUST0154,PROD0007,2025-01-29,4,0,54475.68,11455.32,Net Banking,Delivered,Telangana,Hyderabad
ORD007526,CUST0321,PROD0035,2025-04-23,2,0,25086.08,3920.4,Credit Card,Delivered,Bihar,Patna
ORD007527,CUST0096,PROD0025,2024-12-11,1,20,20543.53,55.62,Debit Card,Delivered,Karnataka,Bangalore
ORD007528,CUST0494,PROD0010,2025-06-22,2,15,39757.44,-1881.62,Credit Card,Cancelled,Bihar,Patna
ORD007529,CUST0215,PROD0010,2023-11-01,1,5,22217.39,1397.86,Credit Card,Delivered,Tamil Nadu,Chennai
ORD007530,CUST0422,PROD0016,2023-04-16,2,10,44555.17,6966.05,Cash on Delivery,Returned,Kerala,Kochi
ORD007531,CUST0413,PROD0020,2024-07-02,1,15,16184.18,-285.72,UPI,Delivered,Telangana,Hyderabad
ORD007532,CUST0551,PROD0026,2025-05-06,5,0,89194.95,8589.6,Debit Card,Cancelled,Gujarat,Ahmedabad
ORD007533,CUST0529,PROD0034,2024-10-21,2,10,38817.4,1435.64,Debit Card,Delivered,Maharashtra,Pune
ORD007534,CUST0254,PROD0005,2024-06-11,1,10,9361.43,788.98,Credit Card,Delivered,Uttar Pradesh,Lucknow
ORD007535,CUST0047,PROD0029,2024-12-13,2,15,35247.34,23.22,Cash on Delivery,Delivered,Kerala,Kochi
ORD007536,CUST0271,PROD0020,2024-05-22,1,0,19040.21,2570.31,Credit Card,Returned,Maharashtra,Mumbai
ORD007537,CUST0055,PROD0034,2024-01-10,3,0,64695.66,8623.02,Net Banking,Delivered,Madhya Pradesh,Indore
ORD007538,CUST0403,PROD0030,2024-10-17,2,10,17041.0,-148.28,UPI,Delivered,Assam,Guwahati
ORD007539,CUST0140,PROD0010,2023-07-07,5,30,81853.55,-22244.1,Cash on Delivery,Delivered,Uttar Pradesh,Lucknow
ORD007540,CUST0159,PROD0015,2023-03-27,1,0,11317.12,2380.21,Cash on Delivery,Delivered,Uttar Pradesh,Lucknow
ORD007541,CUST0383,PROD0018,2024-07-17,1,20,14321.64,-748.55,Unknown,Delivered,Delhi,Delhi
ORD007542,CUST0444,PROD0031,2025-04-06,1,5,25673.13,3907.04,Net Banking,Delivered,Rajasthan,Jaipur
ORD007543,CUST0540,PROD0004,2024-01-17,3,15,33552.42,-561.0,Cash on Delivery,Delivered,Tamil Nadu,Coimbatore
ORD007544,CUST0379,PROD0030,2023-09-06,1,20,7573.78,-1020.86,Net Banking,Delivered,Tamil Nadu,Chennai
ORD007545,CUST0009,PROD0020,2024-11-05,1,0,19040.21,2570.31,Cash on Delivery,Returned,Kerala,Kochi
ORD007546,CUST0063,PROD0006,2024-05-16,2,0,23570.74,2596.06,Debit Card,Delivered,Madhya Pradesh,Indore
ORD007547,CUST0109,PROD0017,2024-01-09,1,5,23037.06,4968.7,Cash on Delivery,Cancelled,West Bengal,Kolkata
ORD007548,CUST0284,PROD0030,2025-05-17,2,5,17987.72,798.44,Debit Card,Delivered,Karnataka,Bangalore
ORD007549,CUST0018,PROD0003,2023-04-08,2,10,37512.25,1386.51,Debit Card,Delivered,Delhi,Delhi
ORD007550,CUST0181,PROD0012,2025-06-19,1,15,21404.21,1081.74,Cash on Delivery,Delivered,Tamil Nadu,Chennai
ORD007551,CUST0147,PROD0004,2025-02-06,2,0,26315.62,3573.34,Net Banking,Delivered,Gujarat,Ahmedabad
ORD007552,CUST0107,PROD0014,2025-04-15,2,30,13203.08,-3480.32,Cash on Delivery,Returned,Uttar Pradesh,Lucknow
ORD007553,CUST0039,PROD0018,2023-10-04,5,0,89510.25,14159.3,Cash on Delivery,Returned,Delhi,Delhi
ORD007554,CUST0406,PROD0021,2024-06-21,5,0,18616.05,4419.9,Cash on Delivery,Delivered,Tamil Nadu,Chennai
ORD007555,CUST0013,PROD0035,2023-03-19,3,10,33866.21,2117.69,UPI,Delivered,Uttar Pradesh,Lucknow
ORD007556,CUST0266,PROD0021,2025-07-30,2,0,7446.42,1767.96,UPI,Delivered,Gujarat,Surat
ORD007557,CUST0117,PROD0028,2024-02-21,1,0,7782.22,986.14,UPI,Delivered,Madhya Pradesh,Bhopal
ORD007558,CUST0570,PROD0005,2023-02-08,1,0,10401.59,1829.14,Net Banking,Delivered,Maharashtra,Pune
ORD007559,CUST0154,PROD0025,2024-05-31,1,5,24395.44,3907.53,Cash on Delivery,Delivered,Telangana,Hyderabad
ORD007560,CUST0362,PROD0022,2024-09-20,1,0,11982.27,2698.38,Cash on Delivery,Returned,Madhya Pradesh,Bhopal
ORD007561,CUST0207,PROD0025,2023-09-15,2,0,51358.82,10383.0,Credit Card,Delivered,Karnataka,Bangalore
ORD007562,CUST0256,PROD0030,2024-04-10,1,10,8520.5,-74.14,Cash on Delivery,Cancelled,Maharashtra,Pune
ORD007563,CUST0586,PROD0002,2025-02-23,1,15,17931.76,1606.48,Debit Card,Cancelled,Delhi,Delhi
ORD007564,CUST0528,PROD0012,2025-07-15,2,0,50362.84,9717.9,Cash on Delivery,Cancelled,Gujarat,Ahmedabad
ORD007565,CUST0478,PROD0020,2023-08-20,1,10,17136.19,666.29,Cash on Delivery,Returned,Telangana,Hyderabad
ORD007566,CUST0131,PROD0010,2023-08-01,3,5,66652.18,4193.59,Credit Card,Delivered,Tamil Nadu,Chennai
ORD007567,CUST0426,PROD0021,2024-09-02,1,0,3723.21,883.98,Cash on Delivery,Delivered,Delhi,Delhi
ORD007568,CUST0483,PROD0005,2023-07-23,1,10,9361.43,788.98,Credit Card,Delivered,Uttar Pradesh,Kanpur
ORD007569,CUST0152,PROD0027,2023-01-12,2,5,57722.4,11246.92,Debit Card,Delivered,Chandigarh,Chandigarh
ORD007570,CUST0525,PROD0034,2023-08-18,2,0,43130.44,5748.68,Credit Card,Delivered,Gujarat,Surat
ORD007571,CUST0009,PROD0012,2023-01-20,5,15,107021.03,5408.68,Cash on Delivery,Cancelled,Kerala,Kochi
ORD007572,CUST0040,PROD0024,2024-07-30,1,0,28420.75,7268.64,Credit Card,Delivered,Maharashtra,Nagpur
ORD007573,CUST0494,PROD0023,2025-02-28,2,5,35657.93,6825.15,Debit Card,Delivered,Bihar,Patna
ORD007574,CUST0172,PROD0027,2024-01-26,1,0,30380.21,7142.47,Credit Card,Returned,Gujarat,Ahmedabad
ORD007575,CUST0042,PROD0016,2024-06-03,3,0,74258.61,17874.93,Debit Card,Delivered,Assam,Guwahati
ORD007576,CUST0399,PROD0018,2024-06-19,2,10,32223.69,2083.31,Cash on Delivery,Delivered,Tamil Nadu,Coimbatore
ORD007577,CUST0310,PROD0010,2024-01-24,1,5,22217.39,1397.86,Cash on Delivery,Delivered,Telangana,Hyderabad
ORD007578,CUST0350,PROD0018,2025-03-09,2,5,34013.89,3873.51,Net Banking,Delivered,Telangana,Hyderabad
ORD007579,CUST0223,PROD0031,2024-07-01,1,15,22970.7,1204.61,Credit Card,Delivered,Tamil Nadu,Chennai
ORD007580,CUST0418,PROD0024,2024-08-13,2,10,51157.35,8853.13,Cash on Delivery,Returned,Karnataka,Bangalore
ORD007581,CUST0439,PROD0008,2025-04-17,2,10,19362.92,460.16,Credit Card,Delivered,Madhya Pradesh,Bhopal
ORD007582,CUST0341,PROD0006,2025-07-11,2,5,22392.2,1417.52,Net Banking,Returned,Kerala,Kochi
ORD007583,CUST0579,PROD0025,2024-12-04,3,20,61630.58,166.85,Net Banking,Delivered,Maharashtra,Mumbai
ORD007584,CUST0021,PROD0020,2024-10-27,3,0,57120.63,7710.93,Debit Card,Cancelled,Gujarat,Surat
ORD007585,CUST0043,PROD0018,2025-07-13,2,10,32223.69,2083.31,Credit Card,Delivered,Uttar Pradesh,Lucknow
ORD007586,CUST0431,PROD0009,2025-01-26,4,0,103129.04,10784.32,Net Banking,Cancelled,Tamil Nadu,Chennai
ORD007587,CUST0062,PROD0019,2023-09-06,2,0,33468.38,4445.82,Cash on Delivery,Returned,Uttar Pradesh,Lucknow
ORD007588,CUST0201,PROD0009,2023-12-15,1,30,18047.58,-5038.6,Net Banking,Returned,Chandigarh,Chandigarh
ORD007589,CUST0559,PROD0033,2025-04-27,2,10,31670.08,-98.56,Cash on Delivery,Delivered,Uttar Pradesh,Kanpur
ORD007590,CUST0192,PROD0031,2025-06-01,1,30,18917.04,-2849.05,UPI,Delivered,Rajasthan,Jaipur
ORD007591,CUST0265,PROD0021,2023-10-29,1,30,2606.25,-232.98,UPI,Delivered,Maharashtra,Mumbai
ORD007592,CUST0242,PROD0026,2023-12-03,1,0,17838.99,1717.92,Cash on Delivery,Returned,Kerala,Kochi
ORD007593,CUST0046,PROD0025,2025-06-21,1,5,24395.44,3907.53,UPI,Delivered,Gujarat,Ahmedabad
ORD007594,CUST0002,PROD0029,2023-05-07,3,0,62201.19,9365.01,Cash on Delivery,Delivered,Rajasthan,Jaipur
ORD007595,CUST0472,PROD0005,2025-03-21,2,15,17682.7,537.8,Net Banking,Delivered,Uttar Pradesh,Lucknow
ORD007596,CUST0202,PROD0002,2025-07-18,2,0,42192.38,9541.82,Cash on Delivery,Delivered,Assam,Guwahati
ORD007597,CUST0480,PROD0002,2023-08-21,1,10,18986.57,2661.29,Debit Card,Delivered,Gujarat,Surat
ORD007598,CUST0026,PROD0010,2024-05-22,2,10,42096.11,457.05,Debit Card,Delivered,Karnataka,Bangalore
ORD007599,CUST0236,PROD0023,2023-05-02,4,30,52548.52,-5117.04,Credit Card,Delivered,Telangana,Hyderabad
ORD007600,CUST0551,PROD0033,2025-07-13,1,0,17594.49,1710.17,Net Banking,Returned,Gujarat,Ahmedabad
ORD007601,CUST0501,PROD0022,2025-01-08,1,0,11982.27,2698.38,Credit Card,Delivered,Madhya Pradesh,Bhopal
ORD007602,CUST0183,PROD0016,2024-04-23,1,0,24752.87,5958.31,UPI,Cancelled,Uttar Pradesh,Lucknow
ORD007603,CUST0479,PROD0002,2024-03-24,1,0,21096.19,4770.91,Cash on Delivery,Returned,Telangana,Hyderabad
ORD007604,CUST0562,PROD0001,2023-10-23,2,30,32337.38,-2841.06,Credit Card,Delivered,Bihar,Patna
ORD007605,CUST0442,PROD0013,2025-01-30,2,30,25568.45,-3878.87,Credit Card,Cancelled,Tamil Nadu,Coimbatore
ORD007606,CUST0318,PROD0020,2024-07-23,2,0,38080.42,5140.62,Cash on Delivery,Delivered,Assam,Guwahati
ORD007607,CUST0068,PROD0033,2024-11-09,1,0,17594.49,1710.17,Credit Card,Cancelled,Gujarat,Surat
ORD007608,CUST0537,PROD0027,2024-11-06,1,5,28861.2,5623.46,UPI,Returned,Maharashtra,Pune
ORD007609,CUST0441,PROD0028,2024-08-30,1,5,7393.11,597.03,Net Banking,Delivered,Gujarat,Ahmedabad
ORD007610,CUST0070,PROD0021,2024-06-05,5,5,17685.25,3489.1,Cash on Delivery,Delivered,Gujarat,Ahmedabad
ORD007611,CUST0446,PROD0001,2025-07-16,1,30,16168.69,-1420.53,Net Banking,Delivered,Chandigarh,Chandigarh
ORD007612,CUST0117,PROD0027,2024-03-14,3,0,91140.63,21427.41,Debit Card,Delivered,Madhya Pradesh,Bhopal
ORD007613,CUST0272,PROD0015,2024-06-24,4,0,45268.48,9520.84,Credit Card,Delivered,Maharashtra,Nagpur
ORD007614,CUST0209,PROD0006,2023-02-20,1,15,10017.56,-469.78,UPI,Cancelled,Telangana,Hyderabad
ORD007615,CUST0352,PROD0028,2024-08-05,1,30,5447.55,-1348.53,Cash on Delivery,Delivered,Tamil Nadu,Chennai
ORD007616,CUST0227,PROD0015,2024-04-13,2,5,21502.53,3628.71,Debit Card,Delivered,Maharashtra,Pune
ORD007617,CUST0423,PROD0026,2024-02-15,5,5,84735.2,4129.85,Net Banking,Cancelled,Delhi,Delhi
ORD007618,CUST0398,PROD0033,2025-06-16,1,20,14075.59,-1808.73,UPI,Delivered,Madhya Pradesh,Bhopal
ORD007619,CUST0128,PROD0006,2023-06-11,1,5,11196.1,708.76,Cash on Delivery,Returned,Assam,Guwahati
ORD007620,CUST0555,PROD0029,2024-06-11,1,0,20733.73,3121.67,Net Banking,Returned,Uttar Pradesh,Kanpur
ORD007621,CUST0313,PROD0013,2024-06-10,1,5,17350.02,2626.36,Debit Card,Delivered,Madhya Pradesh,Indore
ORD007622,CUST0206,PROD0034,2023-02-24,1,0,21565.22,2874.34,Net Banking,Delivered,West Bengal,Kolkata
ORD007623,CUST0507,PROD0032,2023-11-24,1,0,11479.01,1369.52,UPI,Delivered,Delhi,Delhi
ORD007624,CUST0350,PROD0018,2025-03-28,2,0,35804.1,5663.72,Debit Card,Delivered,Telangana,Hyderabad
ORD007625,CUST0105,PROD0007,2023-05-20,3,0,40856.76,8591.49,Credit Card,Returned,Delhi,Delhi
ORD007626,CUST0372,PROD0010,2024-10-04,1,10,21048.06,228.53,Net Banking,Delivered,Bihar,Patna
ORD007627,CUST0060,PROD0031,2023-03-03,1,0,27024.35,5258.26,Debit Card,Returned,Telangana,Hyderabad
ORD007628,CUST0423,PROD0028,2024-11-08,1,0,7782.22,986.14,UPI,Returned,Delhi,Delhi
ORD007629,CUST0064,PROD0021,2024-06-20,1,0,3723.21,883.98,UPI,Delivered,Maharashtra,Mumbai
ORD007630,CUST0340,PROD0035,2025-06-11,1,10,11288.74,705.9,Cash on Delivery,Returned,Madhya Pradesh,Indore
ORD007631,CUST0129,PROD0018,2024-11-16,2,10,32223.69,2083.31,Net Banking,Delivered,Chandigarh,Chandigarh
ORD007632,CUST0402,PROD0014,2024-11-03,3,0,28292.31,3267.21,UPI,Delivered,Karnataka,Bangalore
ORD007633,CUST0162,PROD0005,2024-04-07,1,0,10401.59,1829.14,Credit Card,Delivered,Delhi,Delhi
ORD007634,CUST0143,PROD0034,2024-10-25,1,0,21565.22,2874.34,Cash on Delivery,Delivered,Karnataka,Bangalore
ORD007635,CUST0312,PROD0009,2025-06-07,1,10,23204.03,117.85,Debit Card,Delivered,Bihar,Patna
ORD007636,CUST0339,PROD0011,2025-07-18,2,20,5240.82,141.56,Debit Card,Returned,Kerala,Kochi
ORD007637,CUST0127,PROD0026,2023-07-22,1,5,16947.04,825.97,Cash on Delivery,Delivered,Uttar Pradesh,Lucknow
ORD007638,CUST0328,PROD0031,2024-03-01,1,5,25673.13,3907.04,Credit Card,Cancelled,Tamil Nadu,Coimbatore
ORD007639,CUST0152,PROD0010,2024-05-22,3,5,66652.18,4193.59,UPI,Cancelled,Chandigarh,Chandigarh
ORD007640,CUST0451,PROD0027,2024-09-27,3,10,82026.57,12313.35,UPI,Delivered,Bihar,Patna
ORD007641,CUST0283,PROD0009,2023-11-08,1,20,20625.81,-2460.37,Cash on Delivery,Delivered,Madhya Pradesh,Indore
ORD007642,CUST0261,PROD0020,2024-06-20,1,5,18088.2,1618.3,Debit Card,Returned,Madhya Pradesh,Indore
ORD007643,CUST0079,PROD0019,2025-04-05,1,0,16734.19,2222.91,Debit Card,Delivered,Madhya Pradesh,Bhopal
ORD007644,CUST0531,PROD0035,2025-06-10,1,20,10034.43,-548.41,UPI,Delivered,Kerala,Kochi
ORD007645,CUST0337,PROD0033,2023-05-16,1,5,16714.77,830.45,Cash on Delivery,Delivered,Maharashtra,Pune
ORD007646,CUST0557,PROD0023,2024-05-23,1,0,18767.33,4350.94,Debit Card,Cancelled,Uttar Pradesh,Kanpur
ORD007647,CUST0164,PROD0018,2024-10-03,1,10,16111.84,1041.65,UPI,Cancelled,Delhi,Delhi
ORD007648,CUST0530,PROD0002,2023-10-24,1,10,18986.57,2661.29,Net Banking,Delivered,Maharashtra,Nagpur
ORD007649,CUST0129,PROD0001,2023-01-07,1,0,23098.13,5508.91,Credit Card,Delivered,Chandigarh,Chandigarh
ORD007650,CUST0020,PROD0032,2024-07-28,1,5,10905.06,795.57,UPI,Delivered,Maharashtra,Nagpur
ORD007651,CUST0433,PROD0011,2024-11-01,1,0,3275.51,725.88,Cash on Delivery,Delivered,Karnataka,Bangalore
ORD007652,CUST0330,PROD0035,2023-12-04,5,5,59579.44,6665.24,Net Banking,Cancelled,Chandigarh,Chandigarh
ORD007653,CUST0210,PROD0009,2023-04-23,1,10,23204.03,117.85,UPI,Delivered,Gujarat,Surat
ORD007654,CUST0092,PROD0007,2025-07-09,1,0,13618.92,2863.83,Debit Card,Delivered,Kerala,Kochi
ORD007655,CUST0247,PROD0026,2024-08-01,1,0,17838.99,1717.92,Credit Card,Delivered,Madhya Pradesh,Bhopal
ORD007656,CUST0089,PROD0012,2024-05-14,2,30,35253.99,-5390.95,Debit Card,Delivered,Chandigarh,Chandigarh
ORD007657,CUST0536,PROD0012,2024-11-19,1,5,23922.35,3599.88,Net Banking,Delivered,Uttar Pradesh,Kanpur
ORD007658,CUST0385,PROD0032,2024-11-21,2,0,22958.02,2739.04,UPI,Delivered,Bihar,Patna
ORD007659,CUST0139,PROD0018,2023-08-23,4,20,57286.56,-2994.2,Net Banking,Delivered,West Bengal,Kolkata
ORD007660,CUST0049,PROD0020,2024-07-20,5,0,95201.05,12851.55,Credit Card,Delivered,Assam,Guwahati
ORD007661,CUST0263,PROD0025,2024-12-15,2,0,51358.82,10383.0,UPI,Delivered,Maharashtra,Mumbai
ORD007662,CUST0341,PROD0010,2023-06-18,1,0,23386.73,2567.2,Debit Card,Delivered,Kerala,Kochi
ORD007663,CUST0085,PROD0010,2023-06-20,1,10,21048.06,228.53,Net Banking,Delivered,Kerala,Kochi
ORD007664,CUST0568,PROD0001,2024-09-03,1,5,21943.22,4354.0,Credit Card,Cancelled,Kerala,Kochi
ORD007665,CUST0488,PROD0005,2024-04-11,1,0,10401.59,1829.14,Debit Card,Delivered,Maharashtra,Nagpur
ORD007666,CUST0114,PROD0028,2023-04-23,1,0,7782.22,986.14,UPI,Delivered,Kerala,Kochi
ORD007667,CUST0346,PROD0001,2023-03-25,1,30,16168.69,-1420.53,Cash on Delivery,Cancelled,Tamil Nadu,Chennai
ORD007668,CUST0573,PROD0028,2025-06-10,1,15,6614.89,-181.19,UPI,Delivered,Gujarat,Ahmedabad
ORD007669,CUST0246,PROD0012,2024-06-24,3,5,71767.05,10799.64,Credit Card,Delivered,Tamil Nadu,Chennai
ORD007670,CUST0148,PROD0018,2025-06-12,1,30,12531.44,-2538.75,Debit Card,Delivered,Karnataka,Bangalore
ORD007671,CUST0092,PROD0002,2023-12-31,4,0,84384.76,19083.64,Debit Card,Returned,Kerala,Kochi
ORD007672,CUST0352,PROD0029,2024-01-19,2,0,41467.46,6243.34,UPI,Delivered,Tamil Nadu,Chennai
ORD007673,CUST0536,PROD0030,2024-10-18,1,15,8047.14,-547.5,Net Banking,Cancelled,Uttar Pradesh,Kanpur
ORD007674,CUST0041,PROD0026,2023-05-11,1,5,16947.04,825.97,Cash on Delivery,Cancelled,West Bengal,Kolkata
ORD007675,CUST0418,PROD0035,2023-11-20,5,0,62715.2,9801.0,Credit Card,Returned,Karnataka,Bangalore
ORD007676,CUST0157,PROD0005,2023-04-01,2,30,14562.23,-2582.67,Credit Card,Cancelled,Gujarat,Ahmedabad
ORD007677,CUST0300,PROD0026,2023-12-01,1,0,17838.99,1717.92,Net Banking,Delivered,Maharashtra,Nagpur
ORD007678,CUST0593,PROD0034,2024-10-28,1,0,21565.22,2874.34,Debit Card,Delivered,Karnataka,Bangalore
ORD007679,CUST0309,PROD0022,2025-04-08,2,10,21568.09,3000.31,Net Banking,Delivered,Madhya Pradesh,Indore
ORD007680,CUST0288,PROD0006,2024-04-15,1,5,11196.1,708.76,Cash on Delivery,Delivered,Delhi,Delhi
ORD007681,CUST0120,PROD0019,2023-06-23,2,20,26774.7,-2247.86,UPI,Delivered,Maharashtra,Nagpur
ORD007682,CUST0247,PROD0007,2024-01-14,3,10,36771.08,4505.81,Credit Card,Delivered,Madhya Pradesh,Bhopal
ORD007683,CUST0277,PROD0030,2023-08-02,1,0,9467.22,872.58,Cash on Delivery,Delivered,Madhya Pradesh,Indore
ORD007684,CUST0145,PROD0035,2025-07-17,2,0,25086.08,3920.4,Cash on Delivery,Delivered,Telangana,Hyderabad
ORD007685,CUST0259,PROD0005,2024-08-19,1,5,9881.51,1309.06,UPI,Returned,Uttar Pradesh,Lucknow
ORD007686,CUST0488,PROD0034,2023-11-17,1,5,20486.96,1796.08,Cash on Delivery,Cancelled,Maharashtra,Nagpur
ORD007687,CUST0089,PROD0025,2024-12-09,2,10,46222.94,5247.12,Net Banking,Delivered,Chandigarh,Chandigarh
ORD007688,CUST0042,PROD0035,2024-05-08,1,20,10034.43,-548.41,UPI,Returned,Assam,Guwahati
ORD007689,CUST0390,PROD0029,2023-01-20,2,10,37320.71,2096.59,Cash on Delivery,Cancelled,Gujarat,Ahmedabad
ORD007690,CUST0102,PROD0019,2024-07-25,2,5,31794.96,2772.4,Credit Card,Cancelled,Telangana,Hyderabad
ORD007691,CUST0520,PROD0005,2025-07-14,1,10,9361.43,788.98,Net Banking,Delivered,Kerala,Kochi
ORD007692,CUST0135,PROD0003,2023-02-25,4,20,66688.45,-5563.03,Credit Card,Delivered,Tamil Nadu,Coimbatore
ORD007693,CUST0233,PROD0011,2023-12-18,1,5,3111.73,562.1,Cash on Delivery,Cancelled,Maharashtra,Nagpur
ORD007694,CUST0023,PROD0005,2023-06-08,2,20,16642.54,-502.36,Cash on Delivery,Delivered,Uttar Pradesh,Kanpur
ORD007695,CUST0321,PROD0032,2025-06-26,1,10,10331.11,221.62,Cash on Delivery,Cancelled,Bihar,Patna
ORD007696,CUST0569,PROD0020,2024-05-13,1,5,18088.2,1618.3,Cash on Delivery,Delivered,West Bengal,Kolkata
ORD007697,CUST0097,PROD0012,2023-01-05,2,0,50362.84,9717.9,Cash on Delivery,Delivered,Rajasthan,Jaipur
ORD007698,CUST0294,PROD0025,2023-12-29,1,10,23111.47,2623.56,Cash on Delivery,Delivered,Rajasthan,Jaipur
ORD007699,CUST0445,PROD0013,2023-01-27,1,0,18263.18,3539.52,Net Banking,Delivered,Madhya Pradesh,Indore
ORD007700,CUST0411,PROD0020,2025-05-02,2,10,34272.38,1332.58,Debit Card,Cancelled,Madhya Pradesh,Bhopal
ORD007701,CUST0243,PROD0027,2024-06-14,2,0,60760.42,14284.94,Debit Card,Returned,Bihar,Patna
ORD007702,CUST0340,PROD0003,2025-03-20,3,0,62520.42,8331.81,UPI,Delivered,Madhya Pradesh,Indore
ORD007703,CUST0061,PROD0023,2025-06-19,1,5,17828.96,3412.57,Net Banking,Delivered,Kerala,Kochi
ORD007704,CUST0298,PROD0024,2023-06-27,1,10,25578.68,4426.57,Debit Card,Delivered,Telangana,Hyderabad
ORD007705,CUST0443,PROD0013,2024-08-07,2,0,36526.36,7079.04,Unknown,Delivered,Gujarat,Ahmedabad
ORD007706,CUST0260,PROD0020,2023-06-21,5,0,95201.05,12851.55,Unknown,Delivered,Madhya Pradesh,Indore
ORD007707,CUST0229,PROD0003,2023-07-25,4,10,75024.5,2773.02,Debit Card,Delivered,Maharashtra,Pune
ORD007708,CUST0337,PROD0011,2023-11-22,2,20,5240.82,141.56,Cash on Delivery,Delivered,Maharashtra,Pune
ORD007709,CUST0324,PROD0030,2025-04-01,1,30,6627.05,-1967.59,Cash on Delivery,Returned,Madhya Pradesh,Bhopal
ORD007710,CUST0033,PROD0028,2025-05-09,2,5,14786.22,1194.06,Cash on Delivery,Cancelled,Tamil Nadu,Chennai
ORD007711,CUST0421,PROD0011,2024-07-18,5,0,16377.55,3629.4,Net Banking,Delivered,Maharashtra,Mumbai
ORD007712,CUST0050,PROD0013,2024-06-24,1,0,18263.18,3539.52,Net Banking,Returned,Maharashtra,Pune
ORD007713,CUST0469,PROD0027,2025-04-19,1,10,27342.19,4104.45,UPI,Cancelled,Maharashtra,Nagpur
ORD007714,CUST0401,PROD0027,2024-10-27,1,5,28861.2,5623.46,Debit Card,Delivered,Tamil Nadu,Coimbatore
ORD007715,CUST0555,PROD0016,2025-04-08,2,5,47030.45,9441.33,Credit Card,Returned,Uttar Pradesh,Kanpur
ORD007716,CUST0179,PROD0010,2023-06-17,1,5,22217.39,1397.86,UPI,Returned,Gujarat,Ahmedabad
ORD007717,CUST0091,PROD0034,2023-05-21,3,15,54991.31,-1081.33,Net Banking,Delivered,Uttar Pradesh,Lucknow
ORD007718,CUST0314,PROD0033,2025-02-10,1,20,14075.59,-1808.73,Credit Card,Returned,Chandigarh,Chandigarh
ORD007719,CUST0483,PROD0005,2023-01-29,1,0,10401.59,1829.14,UPI,Returned,Uttar Pradesh,Kanpur
ORD007720,CUST0209,PROD0012,2023-02-06,1,5,23922.35,3599.88,Cash on Delivery,Delivered,Telangana,Hyderabad
ORD007721,CUST0010,PROD0016,2024-05-21,1,0,24752.87,5958.31,Cash on Delivery,Returned,Bihar,Patna
ORD007722,CUST0328,PROD0003,2025-06-21,1,0,20840.14,2777.27,Net Banking,Delivered,Tamil Nadu,Coimbatore
ORD007723,CUST0168,PROD0005,2025-06-05,2,10,18722.86,1577.96,Cash on Delivery,Delivered,Madhya Pradesh,Indore
ORD007724,CUST0016,PROD0010,2025-01-30,1,15,19878.72,-940.81,Credit Card,Returned,Maharashtra,Nagpur
ORD007725,CUST0298,PROD0001,2023-10-21,1,15,19633.41,2044.19,Net Banking,Delivered,Telangana,Hyderabad
ORD007726,CUST0539,PROD0017,2023-10-02,1,0,24249.54,6181.18,Debit Card,Delivered,Kerala,Kochi
ORD007727,CUST0206,PROD0028,2023-11-25,2,10,14008.0,415.84,Debit Card,Delivered,West Bengal,Kolkata
ORD007728,CUST0093,PROD0031,2023-06-19,2,0,54048.7,10516.52,UPI,Cancelled,Maharashtra,Pune
ORD007729,CUST0059,PROD0033,2024-05-03,1,30,12316.14,-3568.18,Debit Card,Delivered,Maharashtra,Mumbai
ORD007730,CUST0356,PROD0018,2025-04-28,1,0,17902.05,2831.86,Cash on Delivery,Delivered,Gujarat,Ahmedabad
ORD007731,CUST0422,PROD0006,2024-04-13,1,0,11785.37,1298.03,Debit Card,Delivered,Kerala,Kochi
ORD007732,CUST0086,PROD0021,2024-07-22,1,0,3723.21,883.98,UPI,Delivered,West Bengal,Kolkata
ORD007733,CUST0044,PROD0035,2025-07-28,4,0,50172.16,7840.8,Net Banking,Delivered,Madhya Pradesh,Bhopal
ORD007734,CUST0045,PROD0033,2025-05-16,1,0,17594.49,1710.17,Net Banking,Delivered,Bihar,Patna
ORD007735,CUST0420,PROD0025,2025-06-02,5,0,128397.05,25957.5,Unknown,Delivered,Maharashtra,Nagpur
ORD007736,CUST0533,PROD0007,2025-05-24,1,5,12937.97,2182.88,UPI,Delivered,Kerala,Kochi
ORD007737,CUST0132,PROD0001,2024-05-31,2,0,46196.26,11017.82,Credit Card,Cancelled,Karnataka,Bangalore
ORD007738,CUST0174,PROD0016,2024-01-02,4,5,94060.91,18882.67,Unknown,Returned,Delhi,Delhi
ORD007739,CUST0317,PROD0003,2024-02-26,1,10,18756.13,693.26,Net Banking,Delivered,Bihar,Patna
ORD007740,CUST0554,PROD0034,2023-04-20,1,5,20486.96,1796.08,UPI,Delivered,Rajasthan,Jaipur
ORD007741,CUST0142,PROD0005,2024-06-06,4,0,41606.36,7316.56,Cash on Delivery,Delivered,Gujarat,Surat
ORD007742,CUST0368,PROD0003,2023-11-15,2,10,37512.25,1386.51,UPI,Returned,Telangana,Hyderabad
ORD007743,CUST0422,PROD0001,2023-12-11,1,0,23098.13,5508.91,Cash on Delivery,Delivered,Kerala,Kochi
ORD007744,CUST0077,PROD0013,2023-08-14,2,0,36526.36,7079.04,Debit Card,Delivered,Maharashtra,Pune
ORD007745,CUST0401,PROD0026,2025-02-09,1,0,17838.99,1717.92,Cash on Delivery,Delivered,Tamil Nadu,Coimbatore
ORD007746,CUST0572,PROD0019,2023-06-27,1,0,16734.19,2222.91,Credit Card,Delivered,Tamil Nadu,Coimbatore
ORD007747,CUST0239,PROD0017,2024-01-16,2,5,46074.13,9937.41,Net Banking,Delivered,Kerala,Kochi
ORD007748,CUST0325,PROD0029,2023-12-04,1,5,19697.04,2084.98,Unknown,Returned,Tamil Nadu,Chennai
ORD007749,CUST0035,PROD0012,2025-05-13,4,0,100725.68,19435.8,Credit Card,Returned,Maharashtra,Nagpur
ORD007750,CUST0165,PROD0012,2025-05-17,1,20,20145.14,-177.33,Cash on Delivery,Delivered,Gujarat,Ahmedabad
ORD007751,CUST0389,PROD0010,2025-02-02,2,0,46773.46,5134.4,Net Banking,Returned,Kerala,Kochi
ORD007752,CUST0469,PROD0034,2025-05-06,1,5,20486.96,1796.08,Credit Card,Returned,Maharashtra,Nagpur
ORD007753,CUST0079,PROD0033,2024-10-28,1,0,17594.49,1710.17,Credit Card,Returned,Madhya Pradesh,Bhopal
ORD007754,CUST0038,PROD0010,2025-03-01,4,5,88869.57,5591.45,UPI,Cancelled,Delhi,Delhi
ORD007755,CUST0327,PROD0029,2023-04-04,1,10,18660.36,1048.3,UPI,Delivered,Uttar Pradesh,Lucknow
ORD007756,CUST0150,PROD0018,2024-05-04,2,0,35804.1,5663.72,UPI,Delivered,Bihar,Patna
ORD007757,CUST0155,PROD0026,2024-09-17,1,5,16947.04,825.97,UPI,Cancelled,Gujarat,Ahmedabad
ORD007758,CUST0303,PROD0001,2023-10-29,1,20,18478.5,889.28,UPI,Delivered,Gujarat,Surat
ORD007759,CUST0577,PROD0026,2024-05-11,4,0,71355.96,6871.68,UPI,Delivered,Uttar Pradesh,Kanpur
ORD007760,CUST0071,PROD0011,2024-06-25,1,0,3275.51,725.88,Credit Card,Cancelled,Tamil Nadu,Chennai
ORD007761,CUST0169,PROD0004,2024-05-16,1,10,11842.03,470.89,Net Banking,Delivered,Telangana,Hyderabad
ORD007762,CUST0104,PROD0008,2024-01-07,2,20,17211.49,-1691.27,Net Banking,Delivered,Bihar,Patna
ORD007763,CUST0377,PROD0014,2024-05-29,1,0,9430.77,1089.07,Credit Card,Returned,West Bengal,Kolkata
ORD007764,CUST0417,PROD0028,2023-07-09,2,15,13229.77,-362.39,Cash on Delivery,Delivered,Kerala,Kochi
ORD007765,CUST0146,PROD0021,2023-10-29,2,20,5957.14,278.68,Cash on Delivery,Delivered,West Bengal,Kolkata
ORD007766,CUST0341,PROD0029,2024-02-26,1,20,16586.98,-1025.08,Cash on Delivery,Returned,Kerala,Kochi
ORD007767,CUST0065,PROD0010,2023-07-06,1,0,23386.73,2567.2,Credit Card,Delivered,Rajasthan,Jaipur
ORD007768,CUST0292,PROD0002,2025-06-08,1,0,21096.19,4770.91,Net Banking,Delivered,Telangana,Hyderabad
ORD007769,CUST0106,PROD0027,2024-02-06,1,0,30380.21,7142.47,Credit Card,Cancelled,Telangana,Hyderabad
ORD007770,CUST0132,PROD0023,2024-02-14,3,5,53486.89,10237.72,Net Banking,Returned,Karnataka,Bangalore
ORD007771,CUST0184,PROD0003,2023-03-19,1,0,20840.14,2777.27,UPI,Delivered,Madhya Pradesh,Indore
ORD007772,CUST0509,PROD0034,2023-01-23,1,10,19408.7,717.82,Net Banking,Delivered,Gujarat,Surat
ORD007773,CUST0542,PROD0035,2023-04-09,2,5,23831.78,2666.1,Credit Card,Delivered,Bihar,Patna
ORD007774,CUST0496,PROD0015,2024-06-12,3,20,27161.09,350.36,Net Banking,Delivered,Bihar,Patna
ORD007775,CUST0303,PROD0007,2024-07-28,1,0,13618.92,2863.83,Cash on Delivery,Returned,Gujarat,Surat
ORD007776,CUST0095,PROD0020,2023-10-16,3,10,51408.57,1998.87,UPI,Delivered,Delhi,Delhi
ORD007777,CUST0068,PROD0019,2025-07-23,5,0,83670.95,11114.55,Cash on Delivery,Cancelled,Gujarat,Surat
ORD007778,CUST0006,PROD0031,2024-12-27,1,0,27024.35,5258.26,Net Banking,Delivered,Karnataka,Bangalore
ORD007779,CUST0440,PROD0033,2024-12-27,1,5,16714.77,830.45,Debit Card,Delivered,Maharashtra,Pune
ORD007780,CUST0035,PROD0025,2024-10-20,1,0,25679.41,5191.5,Net Banking,Cancelled,Maharashtra,Nagpur
ORD007781,CUST0211,PROD0018,2024-05-11,3,15,45650.23,439.66,Net Banking,Returned,Madhya Pradesh,Indore
ORD007782,CUST0117,PROD0007,2023-02-09,3,30,28599.73,-3665.54,Credit Card,Delivered,Madhya Pradesh,Bhopal
ORD007783,CUST0219,PROD0028,2025-06-10,2,0,15564.44,1972.28,Credit Card,Delivered,Assam,Guwahati
ORD007784,CUST0019,PROD0024,2023-10-17,1,0,28420.75,7268.64,Net Banking,Cancelled,Kerala,Kochi
ORD007785,CUST0255,PROD0032,2024-07-07,2,5,21810.12,1591.14,Cash on Delivery,Cancelled,Karnataka,Bangalore
ORD007786,CUST0428,PROD0003,2025-04-28,1,5,19798.13,1735.26,Cash on Delivery,Returned,Gujarat,Surat
ORD007787,CUST0535,PROD0018,2024-05-26,1,0,17902.05,2831.86,Net Banking,Delivered,Rajasthan,Jaipur
ORD007788,CUST0158,PROD0019,2024-08-26,2,0,33468.38,4445.82,UPI,Delivered,Tamil Nadu,Coimbatore
ORD007789,CUST0065,PROD0034,2024-11-27,1,10,19408.7,717.82,Cash on Delivery,Cancelled,Rajasthan,Jaipur
ORD007790,CUST0137,PROD0005,2024-05-18,1,20,8321.27,-251.18,Unknown,Cancelled,Assam,Guwahati
ORD007791,CUST0425,PROD0018,2023-02-14,1,5,17006.95,1936.76,Credit Card,Cancelled,Madhya Pradesh,Bhopal
ORD007792,CUST0531,PROD0013,2023-10-13,1,30,12784.23,-1939.43,UPI,Delivered,Kerala,Kochi
ORD007793,CUST0269,PROD0012,2023-06-27,2,15,42808.41,2163.47,UPI,Delivered,Maharashtra,Pune
ORD007794,CUST0410,PROD0014,2025-06-27,1,0,9430.77,1089.07,Net Banking,Delivered,Madhya Pradesh,Bhopal
ORD007795,CUST0177,PROD0018,2023-02-19,1,5,17006.95,1936.76,UPI,Delivered,Kerala,Kochi
ORD007796,CUST0356,PROD0016,2025-02-16,1,10,22277.58,3483.02,Cash on Delivery,Delivered,Gujarat,Ahmedabad
ORD007797,CUST0106,PROD0020,2025-04-03,1,15,16184.18,-285.72,Net Banking,Delivered,Telangana,Hyderabad
ORD007798,CUST0339,PROD0018,2024-11-26,1,30,12531.44,-2538.75,Debit Card,Cancelled,Kerala,Kochi
ORD007799,CUST0286,PROD0012,2024-05-08,2,0,50362.84,9717.9,Cash on Delivery,Cancelled,Uttar Pradesh,Kanpur
ORD007800,CUST0123,PROD0031,2023-06-17,1,0,27024.35,5258.26,Debit Card,Delivered,Madhya Pradesh,Bhopal
ORD007801,CUST0222,PROD0030,2023-12-16,1,10,8520.5,-74.14,Debit Card,Delivered,Chandigarh,Chandigarh
ORD007802,CUST0154,PROD0002,2024-10-20,2,0,42192.38,9541.82,UPI,Delivered,Telangana,Hyderabad
ORD007803,CUST0298,PROD0011,2025-05-07,1,10,2947.96,398.33,Cash on Delivery,Cancelled,Telangana,Hyderabad
ORD007804,CUST0496,PROD0022,2023-04-03,2,5,22766.31,4198.53,Net Banking,Cancelled,Bihar,Patna
ORD007805,CUST0094,PROD0033,2025-06-13,1,10,15835.04,-49.28,UPI,Delivered,Delhi,Delhi
ORD007806,CUST0090,PROD0003,2025-04-20,2,15,35428.24,-697.5,Net Banking,Returned,Maharashtra,Pune
ORD007807,CUST0542,PROD0023,2024-11-02,1,20,15013.86,597.47,Unknown,Delivered,Bihar,Patna
ORD007808,CUST0075,PROD0010,2023-03-10,1,5,22217.39,1397.86,UPI,Delivered,Uttar Pradesh,Kanpur
ORD007809,CUST0031,PROD0018,2023-07-11,1,0,17902.05,2831.86,Credit Card,Delivered,Rajasthan,Jaipur
ORD007810,CUST0262,PROD0029,2023-07-14,1,30,14513.61,-3098.45,Debit Card,Cancelled,Assam,Guwahati
ORD007811,CUST0492,PROD0005,2024-08-26,2,5,19763.02,2618.12,Credit Card,Delivered,Bihar,Patna
ORD007812,CUST0439,PROD0031,2023-01-15,2,0,54048.7,10516.52,UPI,Delivered,Madhya Pradesh,Bhopal
ORD007813,CUST0412,PROD0031,2025-05-18,1,0,27024.35,5258.26,Cash on Delivery,Delivered,Uttar Pradesh,Lucknow
ORD007814,CUST0412,PROD0001,2023-07-14,4,0,92392.52,22035.64,UPI,Delivered,Uttar Pradesh,Lucknow
ORD007815,CUST0095,PROD0016,2024-10-11,3,5,70545.68,14162.0,Debit Card,Returned,Delhi,Delhi
ORD007816,CUST0490,PROD0013,2025-05-20,1,0,18263.18,3539.52,UPI,Delivered,Assam,Guwahati
ORD007817,CUST0135,PROD0005,2023-01-05,1,10,9361.43,788.98,Net Banking,Cancelled,Tamil Nadu,Coimbatore
ORD007818,CUST0251,PROD0007,2023-08-15,1,15,11576.08,820.99,Credit Card,Returned,Maharashtra,Pune
ORD007819,CUST0409,PROD0033,2025-02-05,2,10,31670.08,-98.56,UPI,Delivered,Madhya Pradesh,Indore
ORD007820,CUST0330,PROD0027,2025-02-22,1,10,27342.19,4104.45,Net Banking,Cancelled,Chandigarh,Chandigarh
ORD007821,CUST0379,PROD0026,2025-07-16,1,10,16055.09,-65.98,Net Banking,Cancelled,Tamil Nadu,Chennai
ORD007822,CUST0411,PROD0007,2025-07-18,1,5,12937.97,2182.88,Debit Card,Returned,Madhya Pradesh,Bhopal
ORD007823,CUST0188,PROD0014,2025-02-17,2,20,15089.23,-1594.17,Debit Card,Delivered,Maharashtra,Pune
ORD007824,CUST0245,PROD0019,2023-12-17,2,10,30121.54,1098.98,Debit Card,Delivered,Kerala,Kochi
ORD007825,CUST0544,PROD0014,2025-02-28,1,15,8016.15,-325.55,Credit Card,Delivered,Telangana,Hyderabad
ORD007826,CUST0546,PROD0032,2023-02-12,1,10,10331.11,221.62,Debit Card,Cancelled,Madhya Pradesh,Bhopal
ORD007827,CUST0005,PROD0013,2023-05-14,2,0,36526.36,7079.04,UPI,Delivered,Madhya Pradesh,Indore
ORD007828,CUST0175,PROD0001,2023-08-20,1,0,23098.13,5508.91,Credit Card,Returned,West Bengal,Kolkata
ORD007829,CUST0151,PROD0021,2024-09-21,1,0,3723.21,883.98,Debit Card,Returned,Gujarat,Surat
ORD007830,CUST0485,PROD0026,2025-04-10,1,20,14271.19,-1849.88,Credit Card,Delivered,Assam,Guwahati
ORD007831,CUST0027,PROD0005,2024-02-03,1,15,8841.35,268.9,Credit Card,Cancelled,Telangana,Hyderabad
ORD007832,CUST0174,PROD0022,2024-06-21,3,15,30554.79,2703.12,Cash on Delivery,Delivered,Delhi,Delhi
ORD007833,CUST0136,PROD0033,2025-03-24,2,10,31670.08,-98.56,Net Banking,Delivered,Karnataka,Bangalore
ORD007834,CUST0439,PROD0009,2024-08-12,1,10,23204.03,117.85,UPI,Delivered,Madhya Pradesh,Bhopal
ORD007835,CUST0210,PROD0017,2023-07-12,3,0,72748.62,18543.54,UPI,Delivered,Gujarat,Surat
ORD007836,CUST0510,PROD0007,2025-04-07,3,5,38813.92,6548.65,Unknown,Cancelled,Maharashtra,Pune
ORD007837,CUST0255,PROD0030,2024-11-24,2,5,17987.72,798.44,Net Banking,Cancelled,Karnataka,Bangalore
ORD007838,CUST0323,PROD0015,2023-09-14,1,0,11317.12,2380.21,Cash on Delivery,Delivered,Maharashtra,Nagpur
ORD007839,CUST0272,PROD0033,2024-10-12,2,5,33429.53,1660.89,Debit Card,Delivered,Maharashtra,Nagpur
ORD007840,CUST0507,PROD0011,2024-01-27,1,0,3275.51,725.88,UPI,Returned,Delhi,Delhi
ORD007841,CUST0317,PROD0025,2024-01-25,2,5,48790.88,7815.06,Debit Card,Delivered,Bihar,Patna
ORD007842,CUST0035,PROD0022,2023-09-19,1,10,10784.04,1500.15,Net Banking,Cancelled,Maharashtra,Nagpur
ORD007843,CUST0002,PROD0027,2025-04-28,1,0,30380.21,7142.47,Debit Card,Delivered,Rajasthan,Jaipur
ORD007844,CUST0550,PROD0028,2025-02-08,1,5,7393.11,597.03,UPI,Cancelled,Kerala,Kochi
ORD007845,CUST0163,PROD0033,2024-04-04,1,0,17594.49,1710.17,UPI,Returned,Madhya Pradesh,Indore
ORD007846,CUST0358,PROD0029,2024-07-19,4,5,78788.17,8339.93,UPI,Returned,Maharashtra,Mumbai
ORD007847,CUST0048,PROD0010,2024-08-13,5,0,116933.65,12836.0,Net Banking,Returned,Assam,Guwahati
ORD007848,CUST0518,PROD0035,2024-01-08,3,10,33866.21,2117.69,Debit Card,Returned,Uttar Pradesh,Lucknow
ORD007849,CUST0519,PROD0006,2024-10-17,2,15,20035.13,-939.55,Credit Card,Delivered,Tamil Nadu,Chennai
ORD007850,CUST0541,PROD0035,2024-02-28,1,5,11915.89,1333.05,Cash on Delivery,Delivered,Karnataka,Bangalore
ORD007851,CUST0539,PROD0007,2024-09-16,2,0,27237.84,5727.66,Net Banking,Returned,Kerala,Kochi
ORD007852,CUST0533,PROD0006,2023-07-30,2,0,23570.74,2596.06,Cash on Delivery,Delivered,Kerala,Kochi
ORD007853,CUST0353,PROD0010,2024-08-23,1,15,19878.72,-940.81,Credit Card,Delivered,Kerala,Kochi
ORD007854,CUST0068,PROD0028,2023-04-19,2,5,14786.22,1194.06,Debit Card,Delivered,Gujarat,Surat
ORD007855,CUST0556,PROD0016,2025-04-29,2,20,39604.59,2015.47,Credit Card,Returned,Bihar,Patna
ORD007856,CUST0209,PROD0011,2024-04-05,1,20,2620.41,70.78,Cash on Delivery,Delivered,Telangana,Hyderabad
ORD007857,CUST0568,PROD0019,2023-06-22,3,15,42672.18,-861.66,Net Banking,Cancelled,Kerala,Kochi
ORD007858,CUST0584,PROD0001,2023-11-05,4,5,87772.89,17416.01,Cash on Delivery,Delivered,Telangana,Hyderabad
ORD007859,CUST0355,PROD0024,2025-06-07,1,0,28420.75,7268.64,Net Banking,Delivered,Kerala,Kochi
ORD007860,CUST0141,PROD0026,2023-08-30,5,0,89194.95,8589.6,Cash on Delivery,Returned,Maharashtra,Nagpur
ORD007861,CUST0358,PROD0033,2024-10-03,1,0,17594.49,1710.17,Debit Card,Delivered,Maharashtra,Mumbai
ORD007862,CUST0388,PROD0032,2025-05-26,1,0,11479.01,1369.52,UPI,Delivered,West Bengal,Kolkata
ORD007863,CUST0249,PROD0035,2024-01-11,1,5,11915.89,1333.05,Net Banking,Delivered,Rajasthan,Jaipur
ORD007864,CUST0216,PROD0009,2024-05-20,5,20,103129.04,-12301.86,Debit Card,Delivered,Gujarat,Surat
ORD007865,CUST0106,PROD0011,2023-09-26,1,5,3111.73,562.1,Debit Card,Delivered,Telangana,Hyderabad
ORD007866,CUST0245,PROD0034,2024-06-21,1,15,18330.44,-360.44,Credit Card,Delivered,Kerala,Kochi
ORD007867,CUST0279,PROD0029,2023-04-13,2,20,33173.97,-2050.15,Net Banking,Delivered,Rajasthan,Jaipur
ORD007868,CUST0522,PROD0029,2023-04-23,3,15,52871.01,34.83,Cash on Delivery,Cancelled,Rajasthan,Jaipur
ORD007869,CUST0211,PROD0006,2025-02-14,1,10,10606.83,119.49,Cash on Delivery,Cancelled,Madhya Pradesh,Indore
ORD007870,CUST0328,PROD0024,2025-04-12,1,20,22736.6,1584.49,Debit Card,Delivered,Tamil Nadu,Coimbatore
ORD007871,CUST0346,PROD0035,2025-06-14,1,5,11915.89,1333.05,Debit Card,Delivered,Tamil Nadu,Chennai
ORD007872,CUST0454,PROD0001,2024-06-06,5,0,115490.65,27544.55,UPI,Delivered,Uttar Pradesh,Lucknow
ORD007873,CUST0299,PROD0010,2024-04-14,4,20,74837.54,-8440.58,Cash on Delivery,Delivered,Gujarat,Surat
ORD007874,CUST0410,PROD0006,2023-04-30,5,30,41248.8,-11187.9,UPI,Delivered,Madhya Pradesh,Bhopal
ORD007875,CUST0293,PROD0003,2025-07-26,2,30,29176.2,-6949.54,Credit Card,Delivered,West Bengal,Kolkata
ORD007876,CUST0208,PROD0001,2024-03-17,2,0,46196.26,11017.82,Cash on Delivery,Delivered,Uttar Pradesh,Lucknow
ORD007877,CUST0392,PROD0028,2023-04-14,1,0,7782.22,986.14,Cash on Delivery,Delivered,Tamil Nadu,Chennai
ORD007878,CUST0331,PROD0034,2023-08-04,2,0,43130.44,5748.68,Cash on Delivery,Delivered,Karnataka,Bangalore
ORD007879,CUST0048,PROD0035,2025-02-23,1,0,12543.04,1960.2,Credit Card,Cancelled,Assam,Guwahati
ORD007880,CUST0401,PROD0020,2023-06-23,1,15,16184.18,-285.72,Net Banking,Delivered,Tamil Nadu,Coimbatore
ORD007881,CUST0180,PROD0002,2024-12-19,1,20,16876.95,551.67,Net Banking,Delivered,Maharashtra,Pune
ORD007882,CUST0081,PROD0009,2025-01-29,2,5,48986.29,2813.93,Credit Card,Returned,Gujarat,Ahmedabad
ORD007883,CUST0357,PROD0005,2023-08-16,2,0,20803.18,3658.28,Net Banking,Delivered,Madhya Pradesh,Bhopal
ORD007884,CUST0170,PROD0026,2024-08-02,1,5,16947.04,825.97,Debit Card,Cancelled,Gujarat,Ahmedabad
ORD007885,CUST0543,PROD0027,2024-02-17,1,20,24304.17,1066.43,UPI,Delivered,Gujarat,Surat
ORD007886,CUST0592,PROD0028,2023-05-15,1,0,7782.22,986.14,Net Banking,Delivered,Bihar,Patna
ORD007887,CUST0571,PROD0010,2024-07-16,2,0,46773.46,5134.4,UPI,Delivered,Gujarat,Ahmedabad
ORD007888,CUST0060,PROD0019,2023-02-08,1,5,15897.48,1386.2,Credit Card,Returned,Telangana,Hyderabad
ORD007889,CUST0040,PROD0012,2025-05-29,3,20,60435.41,-532.0,Net Banking,Returned,Maharashtra,Nagpur
ORD007890,CUST0080,PROD0001,2024-12-23,1,5,21943.22,4354.0,Credit Card,Returned,Kerala,Kochi
ORD007891,CUST0346,PROD0035,2023-06-28,1,5,11915.89,1333.05,Unknown,Delivered,Tamil Nadu,Chennai
ORD007892,CUST0393,PROD0020,2023-07-18,1,0,19040.21,2570.31,Credit Card,Delivered,Tamil Nadu,Coimbatore
ORD007893,CUST0135,PROD0008,2023-10-27,2,0,21514.36,2611.6,UPI,Returned,Tamil Nadu,Coimbatore
ORD007894,CUST0006,PROD0032,2024-06-19,1,15,9757.16,-352.33,Net Banking,Cancelled,Karnataka,Bangalore
ORD007895,CUST0063,PROD0013,2025-06-12,1,15,15523.7,800.04,Net Banking,Delivered,Madhya Pradesh,Indore
ORD007896,CUST0179,PROD0011,2023-11-18,1,10,2947.96,398.33,Debit Card,Delivered,Gujarat,Ahmedabad
ORD007897,CUST0060,PROD0033,2025-06-14,2,5,33429.53,1660.89,Net Banking,Cancelled,Telangana,Hyderabad
ORD007898,CUST0531,PROD0002,2025-05-18,1,0,21096.19,4770.91,Debit Card,Delivered,Kerala,Kochi
ORD007899,CUST0455,PROD0019,2023-11-26,1,20,13387.35,-1123.93,Cash on Delivery,Delivered,Maharashtra,Pune
ORD007900,CUST0175,PROD0035,2023-07-09,2,0,25086.08,3920.4,UPI,Delivered,West Bengal,Kolkata
ORD007901,CUST0429,PROD0027,2024-08-29,4,20,97216.67,4265.71,Cash on Delivery,Cancelled,Madhya Pradesh,Bhopal
ORD007902,CUST0593,PROD0020,2024-01-04,1,5,18088.2,1618.3,Cash on Delivery,Delivered,Karnataka,Bangalore
ORD007903,CUST0454,PROD0020,2023-05-25,1,5,18088.2,1618.3,Cash on Delivery,Returned,Uttar Pradesh,Lucknow
ORD007904,CUST0492,PROD0028,2023-10-02,1,0,7782.22,986.14,Cash on Delivery,Cancelled,Bihar,Patna
ORD007905,CUST0463,PROD0013,2023-03-01,3,30,38352.68,-5818.3,Debit Card,Cancelled,Telangana,Hyderabad
ORD007906,CUST0091,PROD0027,2023-06-23,1,0,30380.21,7142.47,UPI,Delivered,Uttar Pradesh,Lucknow
ORD007907,CUST0129,PROD0008,2023-07-03,1,10,9681.46,230.08,Credit Card,Returned,Chandigarh,Chandigarh
ORD007908,CUST0534,PROD0031,2024-09-11,3,5,77019.4,11721.13,UPI,Delivered,Uttar Pradesh,Kanpur
ORD007909,CUST0502,PROD0029,2024-02-18,2,15,35247.34,23.22,Credit Card,Delivered,Maharashtra,Nagpur
ORD007910,CUST0514,PROD0021,2025-03-31,2,20,5957.14,278.68,Net Banking,Delivered,Delhi,Delhi
ORD007911,CUST0027,PROD0029,2023-03-07,4,5,78788.17,8339.93,Credit Card,Delivered,Telangana,Hyderabad
ORD007912,CUST0158,PROD0027,2023-08-20,2,20,48608.34,2132.86,Net Banking,Returned,Tamil Nadu,Coimbatore
ORD007913,CUST0421,PROD0032,2024-05-12,1,0,11479.01,1369.52,Debit Card,Cancelled,Maharashtra,Mumbai
ORD007914,CUST0499,PROD0032,2024-06-08,1,0,11479.01,1369.52,Net Banking,Delivered,Bihar,Patna
ORD007915,CUST0177,PROD0031,2023-05-16,5,10,121609.58,12779.13,Unknown,Delivered,Kerala,Kochi
ORD007916,CUST0113,PROD0014,2025-06-27,1,20,7544.62,-797.08,Unknown,Delivered,Kerala,Kochi
ORD007917,CUST0061,PROD0032,2023-02-23,1,0,11479.01,1369.52,UPI,Delivered,Kerala,Kochi
ORD007918,CUST0597,PROD0027,2024-10-07,1,10,27342.19,4104.45,Credit Card,Delivered,Uttar Pradesh,Lucknow
ORD007919,CUST0368,PROD0032,2024-01-22,1,10,10331.11,221.62,Debit Card,Returned,Telangana,Hyderabad
ORD007920,CUST0494,PROD0016,2024-05-18,1,0,24752.87,5958.31,Credit Card,Delivered,Bihar,Patna
ORD007921,CUST0142,PROD0023,2024-08-05,1,10,16890.6,2474.21,Net Banking,Delivered,Gujarat,Surat
ORD007922,CUST0374,PROD0005,2023-06-10,2,15,17682.7,537.8,Debit Card,Delivered,Gujarat,Surat
ORD007923,CUST0308,PROD0003,2025-05-28,1,0,20840.14,2777.27,Cash on Delivery,Delivered,Uttar Pradesh,Lucknow
ORD007924,CUST0143,PROD0034,2023-12-15,1,0,21565.22,2874.34,Net Banking,Delivered,Karnataka,Bangalore
ORD007925,CUST0059,PROD0021,2023-05-16,1,10,3350.89,511.66,Credit Card,Delivered,Maharashtra,Mumbai
ORD007926,CUST0533,PROD0019,2023-04-08,2,15,28448.12,-574.44,UPI,Delivered,Kerala,Kochi
ORD007927,CUST0280,PROD0023,2023-08-09,1,0,18767.33,4350.94,UPI,Delivered,West Bengal,Kolkata
ORD007928,CUST0102,PROD0014,2023-12-26,2,30,13203.08,-3480.32,Debit Card,Delivered,Telangana,Hyderabad
ORD007929,CUST0412,PROD0023,2024-06-14,1,20,15013.86,597.47,Cash on Delivery,Cancelled,Uttar Pradesh,Lucknow
ORD007930,CUST0251,PROD0016,2025-02-05,2,10,44555.17,6966.05,Cash on Delivery,Delivered,Maharashtra,Pune
ORD007931,CUST0330,PROD0018,2024-12-25,2,20,28643.28,-1497.1,UPI,Delivered,Chandigarh,Chandigarh
ORD007932,CUST0381,PROD0020,2023-04-23,1,0,19040.21,2570.31,Cash on Delivery,Delivered,Maharashtra,Mumbai
ORD007933,CUST0446,PROD0008,2023-07-31,1,30,7530.03,-1921.35,Cash on Delivery,Delivered,Chandigarh,Chandigarh
ORD007934,CUST0057,PROD0006,2024-08-14,1,15,10017.56,-469.78,Net Banking,Delivered,Bihar,Patna
ORD007935,CUST0303,PROD0034,2024-06-14,3,5,61460.88,5388.24,Net Banking,Cancelled,Gujarat,Surat
ORD007936,CUST0471,PROD0020,2023-03-11,3,30,39984.44,-9425.26,Net Banking,Delivered,Kerala,Kochi
ORD007937,CUST0068,PROD0012,2024-09-03,2,0,50362.84,9717.9,Cash on Delivery,Delivered,Gujarat,Surat
ORD007938,CUST0406,PROD0014,2025-05-07,2,20,15089.23,-1594.17,Net Banking,Returned,Tamil Nadu,Chennai
ORD007939,CUST0376,PROD0008,2025-06-01,1,0,10757.18,1305.8,Credit Card,Delivered,Telangana,Hyderabad
ORD007940,CUST0466,PROD0006,2024-08-30,2,0,23570.74,2596.06,Credit Card,Returned,Gujarat,Ahmedabad
ORD007941,CUST0025,PROD0005,2023-09-24,1,10,9361.43,788.98,Cash on Delivery,Delivered,Maharashtra,Pune
ORD007942,CUST0014,PROD0010,2024-08-03,1,10,21048.06,228.53,UPI,Delivered,West Bengal,Kolkata
ORD007943,CUST0042,PROD0018,2024-02-28,2,5,34013.89,3873.51,Credit Card,Delivered,Assam,Guwahati
ORD007944,CUST0116,PROD0008,2024-12-05,2,0,21514.36,2611.6,Cash on Delivery,Delivered,Maharashtra,Pune
ORD007945,CUST0012,PROD0003,2024-10-05,3,10,56268.38,2079.77,Credit Card,Delivered,Tamil Nadu,Chennai
ORD007946,CUST0569,PROD0028,2024-07-31,1,0,7782.22,986.14,UPI,Delivered,West Bengal,Kolkata
ORD007947,CUST0554,PROD0034,2023-11-22,2,5,40973.92,3592.16,UPI,Delivered,Rajasthan,Jaipur
ORD007948,CUST0273,PROD0005,2025-07-19,1,20,8321.27,-251.18,Credit Card,Delivered,Bihar,Patna
ORD007949,CUST0361,PROD0018,2024-03-04,3,0,53706.15,8495.58,UPI,Cancelled,Delhi,Delhi
ORD007950,CUST0503,PROD0020,2025-05-16,2,0,38080.42,5140.62,Net Banking,Cancelled,Assam,Guwahati
ORD007951,CUST0173,PROD0017,2023-05-25,1,15,20612.11,2543.75,Cash on Delivery,Delivered,Delhi,Delhi
ORD007952,CUST0249,PROD0016,2024-05-20,1,0,24752.87,5958.31,Cash on Delivery,Cancelled,Rajasthan,Jaipur
ORD007953,CUST0450,PROD0014,2023-12-06,1,20,7544.62,-797.08,UPI,Cancelled,Madhya Pradesh,Bhopal
ORD007954,CUST0372,PROD0028,2023-05-17,1,10,7004.0,207.92,Debit Card,Delivered,Bihar,Patna
ORD007955,CUST0161,PROD0028,2024-08-23,3,0,23346.66,2958.42,Credit Card,Delivered,Rajasthan,Jaipur
ORD007956,CUST0028,PROD0024,2023-06-14,1,5,26999.71,5847.6,Net Banking,Delivered,Bihar,Patna
ORD007957,CUST0398,PROD0034,2025-06-30,1,5,20486.96,1796.08,UPI,Delivered,Madhya Pradesh,Bhopal
ORD007958,CUST0307,PROD0004,2025-07-30,5,20,52631.24,-4224.46,Cash on Delivery,Delivered,Uttar Pradesh,Kanpur
ORD007959,CUST0131,PROD0010,2025-04-10,1,10,21048.06,228.53,Cash on Delivery,Delivered,Tamil Nadu,Chennai
ORD007960,CUST0390,PROD0009,2023-12-13,2,0,51564.52,5392.16,Debit Card,Delivered,Gujarat,Ahmedabad
ORD007961,CUST0542,PROD0026,2023-01-20,2,10,32110.18,-131.96,Debit Card,Delivered,Bihar,Patna
ORD007962,CUST0184,PROD0014,2025-01-28,1,0,9430.77,1089.07,Credit Card,Returned,Madhya Pradesh,Indore
ORD007963,CUST0580,PROD0026,2023-05-16,2,0,35677.98,3435.84,UPI,Cancelled,Delhi,Delhi
ORD007964,CUST0009,PROD0004,2024-03-09,1,0,13157.81,1786.67,Debit Card,Delivered,Kerala,Kochi
ORD007965,CUST0429,PROD0016,2024-10-31,3,5,70545.68,14162.0,Debit Card,Cancelled,Madhya Pradesh,Bhopal
ORD007966,CUST0044,PROD0021,2024-05-25,4,10,13403.56,2046.64,Debit Card,Delivered,Madhya Pradesh,Bhopal
ORD007967,CUST0127,PROD0029,2023-08-02,1,20,16586.98,-1025.08,Cash on Delivery,Delivered,Uttar Pradesh,Lucknow
ORD007968,CUST0182,PROD0035,2024-01-14,2,5,23831.78,2666.1,Net Banking,Delivered,Maharashtra,Mumbai
ORD007969,CUST0064,PROD0032,2025-03-02,2,0,22958.02,2739.04,Cash on Delivery,Delivered,Maharashtra,Mumbai
ORD007970,CUST0169,PROD0009,2023-11-29,2,0,51564.52,5392.16,Debit Card,Delivered,Telangana,Hyderabad
ORD007971,CUST0561,PROD0016,2025-06-06,1,10,22277.58,3483.02,Credit Card,Delivered,Telangana,Hyderabad
ORD007972,CUST0479,PROD0023,2024-02-01,1,0,18767.33,4350.94,Credit Card,Returned,Telangana,Hyderabad
ORD007973,CUST0417,PROD0029,2024-01-29,1,0,20733.73,3121.67,Debit Card,Cancelled,Kerala,Kochi
ORD007974,CUST0051,PROD0026,2024-11-21,1,0,17838.99,1717.92,Cash on Delivery,Returned,Gujarat,Ahmedabad
ORD007975,CUST0247,PROD0031,2024-02-23,1,30,18917.04,-2849.05,Debit Card,Delivered,Madhya Pradesh,Bhopal
ORD007976,CUST0070,PROD0030,2024-01-01,2,0,18934.44,1745.16,UPI,Returned,Gujarat,Ahmedabad
ORD007977,CUST0295,PROD0021,2023-12-09,2,10,6701.78,1023.32,Debit Card,Delivered,Tamil Nadu,Chennai
ORD007978,CUST0055,PROD0021,2023-11-04,1,10,3350.89,511.66,Credit Card,Cancelled,Madhya Pradesh,Indore
ORD007979,CUST0487,PROD0014,2024-01-11,5,5,44796.16,3087.66,UPI,Delivered,Karnataka,Bangalore
ORD007980,CUST0258,PROD0027,2024-11-12,2,0,60760.42,14284.94,UPI,Returned,Karnataka,Bangalore
ORD007981,CUST0069,PROD0013,2023-07-13,3,20,43831.63,-339.35,Credit Card,Delivered,Chandigarh,Chandigarh
ORD007982,CUST0208,PROD0024,2023-07-24,1,5,26999.71,5847.6,Cash on Delivery,Cancelled,Uttar Pradesh,Lucknow
ORD007983,CUST0320,PROD0015,2023-06-29,1,0,11317.12,2380.21,Cash on Delivery,Delivered,Karnataka,Bangalore
ORD007984,CUST0069,PROD0004,2023-07-03,4,0,52631.24,7146.68,Credit Card,Returned,Chandigarh,Chandigarh
ORD007985,CUST0109,PROD0032,2025-04-02,4,0,45916.04,5478.08,UPI,Delivered,West Bengal,Kolkata
ORD007986,CUST0344,PROD0006,2024-09-13,1,20,9428.3,-1059.04,UPI,Delivered,West Bengal,Kolkata
ORD007987,CUST0270,PROD0011,2024-08-05,1,0,3275.51,725.88,Credit Card,Returned,Rajasthan,Jaipur
ORD007988,CUST0509,PROD0027,2025-04-28,1,5,28861.2,5623.46,Net Banking,Delivered,Gujarat,Surat
ORD007989,CUST0355,PROD0009,2024-05-31,1,0,25782.26,2696.08,Cash on Delivery,Returned,Kerala,Kochi
ORD007990,CUST0539,PROD0025,2024-12-20,1,0,25679.41,5191.5,Net Banking,Delivered,Kerala,Kochi
ORD007991,CUST0204,PROD0021,2024-01-20,1,0,3723.21,883.98,Credit Card,Delivered,Maharashtra,Mumbai
ORD007992,CUST0348,PROD0021,2024-08-29,1,0,3723.21,883.98,Credit Card,Delivered,Assam,Guwahati
ORD007993,CUST0033,PROD0006,2023-07-21,1,0,11785.37,1298.03,Credit Card,Delivered,Tamil Nadu,Chennai
ORD007994,CUST0186,PROD0015,2023-05-14,1,30,7921.98,-1014.93,UPI,Delivered,Telangana,Hyderabad
ORD007995,CUST0418,PROD0012,2023-04-13,1,20,20145.14,-177.33,UPI,Cancelled,Karnataka,Bangalore
ORD007996,CUST0391,PROD0013,2024-09-06,1,5,17350.02,2626.36,UPI,Cancelled,Gujarat,Ahmedabad
ORD007997,CUST0298,PROD0035,2023-10-10,2,10,22577.47,1411.79,UPI,Returned,Telangana,Hyderabad
ORD007998,CUST0555,PROD0032,2025-02-23,2,10,20662.22,443.24,Debit Card,Delivered,Uttar Pradesh,Kanpur
ORD007999,CUST0134,PROD0030,2024-12-30,1,0,9467.22,872.58,UPI,Cancelled,Assam,Guwahati
ORD008000,CUST0055,PROD0034,2024-08-10,2,20,34504.35,-2877.41,Cash on Delivery,Delivered,Madhya Pradesh,Indore
ORD008001,CUST0385,PROD0021,2023-02-17,1,10,3350.89,511.66,Debit Card,Delivered,Bihar,Patna
ORD008002,CUST0131,PROD0014,2023-07-24,1,5,8959.23,617.53,Credit Card,Returned,Tamil Nadu,Chennai
ORD008003,CUST0362,PROD0034,2024-06-03,1,30,15095.65,-3595.23,Net Banking,Delivered,Madhya Pradesh,Bhopal
ORD008004,CUST0202,PROD0002,2023-05-28,3,10,56959.71,7983.87,UPI,Delivered,Assam,Guwahati
ORD008005,CUST0498,PROD0019,2023-12-29,5,30,58569.66,-13986.74,UPI,Returned,Madhya Pradesh,Indore
ORD008006,CUST0184,PROD0013,2024-05-02,4,0,73052.72,14158.08,Credit Card,Returned,Madhya Pradesh,Indore
ORD008007,CUST0213,PROD0008,2023-06-19,2,20,17211.49,-1691.27,Cash on Delivery,Delivered,West Bengal,Kolkata
ORD008008,CUST0362,PROD0030,2024-02-22,1,5,8993.86,399.22,Debit Card,Delivered,Madhya Pradesh,Bhopal
ORD008009,CUST0481,PROD0015,2024-10-15,1,15,9619.55,682.64,UPI,Delivered,Delhi,Delhi
ORD008010,CUST0341,PROD0031,2023-12-30,1,0,27024.35,5258.26,UPI,Delivered,Kerala,Kochi
ORD008011,CUST0042,PROD0015,2024-09-20,2,30,15843.97,-2029.85,Debit Card,Delivered,Assam,Guwahati
ORD008012,CUST0166,PROD0005,2023-09-15,2,5,19763.02,2618.12,UPI,Delivered,Rajasthan,Jaipur
ORD008013,CUST0263,PROD0011,2024-12-03,1,5,3111.73,562.1,Debit Card,Delivered,Maharashtra,Mumbai
ORD008014,CUST0545,PROD0004,2024-06-14,1,10,11842.03,470.89,Debit Card,Delivered,Delhi,Delhi
ORD008015,CUST0420,PROD0005,2023-05-27,2,0,20803.18,3658.28,Net Banking,Returned,Maharashtra,Nagpur
ORD008016,CUST0183,PROD0030,2024-01-14,1,0,9467.22,872.58,Credit Card,Delivered,Uttar Pradesh,Lucknow
ORD008017,CUST0064,PROD0002,2025-01-06,1,0,21096.19,4770.91,Net Banking,Delivered,Maharashtra,Mumbai
ORD008018,CUST0424,PROD0002,2023-07-06,4,5,80165.52,14864.4,UPI,Delivered,Uttar Pradesh,Kanpur
ORD008019,CUST0029,PROD0023,2024-01-23,2,20,30027.73,1194.95,UPI,Returned,Uttar Pradesh,Kanpur
ORD008020,CUST0474,PROD0020,2024-03-17,1,20,15232.17,-1237.73,UPI,Delivered,Delhi,Delhi
ORD008021,CUST0102,PROD0022,2025-03-28,4,15,40739.72,3604.16,Cash on Delivery,Cancelled,Telangana,Hyderabad
ORD008022,CUST0446,PROD0001,2023-05-03,1,15,19633.41,2044.19,Net Banking,Delivered,Chandigarh,Chandigarh
ORD008023,CUST0342,PROD0004,2025-05-27,1,5,12499.92,1128.78,Debit Card,Delivered,Bihar,Patna
ORD008024,CUST0347,PROD0016,2023-10-25,2,0,49505.74,11916.62,Net Banking,Cancelled,Madhya Pradesh,Bhopal
ORD008025,CUST0200,PROD0012,2025-05-28,1,10,22663.28,2340.81,Credit Card,Returned,Uttar Pradesh,Lucknow
ORD008026,CUST0343,PROD0013,2024-07-30,5,0,91315.9,17697.6,Net Banking,Returned,Rajasthan,Jaipur
ORD008027,CUST0185,PROD0024,2024-11-23,1,5,26999.71,5847.6,Debit Card,Returned,Maharashtra,Pune
ORD008028,CUST0439,PROD0011,2025-04-05,1,0,3275.51,725.88,Cash on Delivery,Delivered,Madhya Pradesh,Bhopal
ORD008029,CUST0098,PROD0025,2024-09-28,1,20,20543.53,55.62,UPI,Delivered,West Bengal,Kolkata
ORD008030,CUST0163,PROD0034,2025-01-11,2,0,43130.44,5748.68,Unknown,Delivered,Madhya Pradesh,Indore
ORD008031,CUST0251,PROD0031,2023-03-22,1,15,22970.7,1204.61,Debit Card,Delivered,Maharashtra,Pune
ORD008032,CUST0301,PROD0004,2023-01-09,3,15,33552.42,-561.0,Debit Card,Delivered,West Bengal,Kolkata
ORD008033,CUST0092,PROD0025,2025-03-23,3,5,73186.32,11722.59,Cash on Delivery,Cancelled,Kerala,Kochi
ORD008034,CUST0037,PROD0009,2023-02-19,1,20,20625.81,-2460.37,Credit Card,Delivered,Uttar Pradesh,Lucknow
ORD008035,CUST0551,PROD0023,2025-03-14,1,5,17828.96,3412.57,Cash on Delivery,Delivered,Gujarat,Ahmedabad
ORD008036,CUST0236,PROD0010,2023-10-23,1,0,23386.73,2567.2,Cash on Delivery,Delivered,Telangana,Hyderabad
ORD008037,CUST0111,PROD0021,2025-04-29,3,0,11169.63,2651.94,Cash on Delivery,Delivered,Rajasthan,Jaipur
ORD008038,CUST0556,PROD0013,2023-07-11,4,10,65747.45,6852.81,Debit Card,Delivered,Bihar,Patna
ORD008039,CUST0253,PROD0030,2023-05-22,5,0,47336.1,4362.9,UPI,Cancelled,Maharashtra,Pune
ORD008040,CUST0235,PROD0008,2023-07-20,3,30,22590.08,-5764.06,Credit Card,Delivered,Maharashtra,Mumbai
ORD008041,CUST0543,PROD0014,2025-03-02,4,5,35836.93,2470.13,Credit Card,Delivered,Gujarat,Surat
ORD008042,CUST0072,PROD0015,2023-12-08,1,5,10751.26,1814.35,Cash on Delivery,Delivered,Chandigarh,Chandigarh
ORD008043,CUST0533,PROD0028,2025-05-06,2,0,15564.44,1972.28,Credit Card,Cancelled,Kerala,Kochi
ORD008044,CUST0518,PROD0035,2024-07-03,1,0,12543.04,1960.2,UPI,Delivered,Uttar Pradesh,Lucknow
ORD008045,CUST0416,PROD0010,2025-02-19,1,0,23386.73,2567.2,Net Banking,Delivered,Maharashtra,Nagpur
ORD008046,CUST0055,PROD0017,2024-03-23,1,0,24249.54,6181.18,Debit Card,Delivered,Madhya Pradesh,Indore
ORD008047,CUST0071,PROD0017,2024-10-24,1,10,21824.59,3756.23,Debit Card,Returned,Tamil Nadu,Chennai
ORD008048,CUST0031,PROD0020,2023-09-30,1,0,19040.21,2570.31,Credit Card,Delivered,Rajasthan,Jaipur
ORD008049,CUST0514,PROD0019,2023-04-06,1,0,16734.19,2222.91,Debit Card,Delivered,Delhi,Delhi
ORD008050,CUST0494,PROD0022,2024-06-13,1,0,11982.27,2698.38,Net Banking,Delivered,Bihar,Patna
ORD008051,CUST0300,PROD0020,2025-04-28,1,0,19040.21,2570.31,Cash on Delivery,Delivered,Maharashtra,Nagpur
ORD008052,CUST0487,PROD0006,2023-05-24,1,5,11196.1,708.76,Debit Card,Delivered,Karnataka,Bangalore
ORD008053,CUST0554,PROD0001,2024-01-27,1,0,23098.13,5508.91,Credit Card,Delivered,Rajasthan,Jaipur
ORD008054,CUST0007,PROD0002,2024-05-16,1,10,18986.57,2661.29,Credit Card,Returned,Chandigarh,Chandigarh
ORD008055,CUST0304,PROD0034,2024-08-05,2,20,34504.35,-2877.41,Net Banking,Delivered,Tamil Nadu,Coimbatore
ORD008056,CUST0088,PROD0031,2023-05-30,1,0,27024.35,5258.26,Net Banking,Delivered,Uttar Pradesh,Kanpur
ORD008057,CUST0240,PROD0001,2024-06-04,4,20,73914.02,3557.14,UPI,Delivered,Telangana,Hyderabad
ORD008058,CUST0287,PROD0017,2024-03-18,1,10,21824.59,3756.23,UPI,Delivered,Karnataka,Bangalore
ORD008059,CUST0124,PROD0009,2025-07-15,2,0,51564.52,5392.16,Debit Card,Returned,Gujarat,Surat
ORD008060,CUST0208,PROD0024,2024-10-11,1,0,28420.75,7268.64,Credit Card,Delivered,Uttar Pradesh,Lucknow
ORD008061,CUST0295,PROD0005,2025-05-01,2,5,19763.02,2618.12,Net Banking,Delivered,Tamil Nadu,Chennai
ORD008062,CUST0472,PROD0017,2025-07-08,1,0,24249.54,6181.18,Net Banking,Delivered,Uttar Pradesh,Lucknow
ORD008063,CUST0177,PROD0024,2024-09-17,1,30,19894.52,-1257.59,Credit Card,Delivered,Kerala,Kochi
ORD008064,CUST0214,PROD0008,2023-05-19,1,15,9143.6,-307.78,Debit Card,Delivered,Maharashtra,Nagpur
ORD008065,CUST0283,PROD0006,2024-02-24,1,0,11785.37,1298.03,Debit Card,Cancelled,Madhya Pradesh,Indore
ORD008066,CUST0248,PROD0010,2024-12-12,2,15,39757.44,-1881.62,UPI,Delivered,Maharashtra,Pune
ORD008067,CUST0515,PROD0016,2023-05-08,1,0,24752.87,5958.31,UPI,Delivered,Bihar,Patna
ORD008068,CUST0195,PROD0007,2023-12-25,2,5,25875.95,4365.77,Credit Card,Delivered,Kerala,Kochi
ORD008069,CUST0321,PROD0004,2023-12-24,1,0,13157.81,1786.67,Cash on Delivery,Delivered,Bihar,Patna
ORD008070,CUST0428,PROD0012,2023-06-10,1,5,23922.35,3599.88,Credit Card,Delivered,Gujarat,Surat
ORD008071,CUST0060,PROD0027,2023-01-19,2,10,54684.38,8208.9,Net Banking,Returned,Telangana,Hyderabad
ORD008072,CUST0222,PROD0025,2024-10-10,2,15,43655.0,2679.18,Cash on Delivery,Delivered,Chandigarh,Chandigarh
ORD008073,CUST0595,PROD0030,2025-02-09,1,0,9467.22,872.58,Cash on Delivery,Delivered,Rajasthan,Jaipur
ORD008074,CUST0184,PROD0032,2025-05-26,1,10,10331.11,221.62,UPI,Delivered,Madhya Pradesh,Indore
ORD008075,CUST0469,PROD0015,2024-07-04,5,5,53756.32,9071.77,UPI,Delivered,Maharashtra,Nagpur
ORD008076,CUST0336,PROD0015,2023-06-21,2,10,20370.82,2497.0,Net Banking,Delivered,Maharashtra,Pune
ORD008077,CUST0107,PROD0013,2025-04-22,2,20,29221.09,-226.23,Cash on Delivery,Delivered,Uttar Pradesh,Lucknow
ORD008078,CUST0443,PROD0012,2025-07-03,1,0,25181.42,4858.95,Debit Card,Returned,Gujarat,Ahmedabad
ORD008079,CUST0142,PROD0025,2025-06-10,3,15,65482.5,4018.77,Credit Card,Delivered,Gujarat,Surat
ORD008080,CUST0540,PROD0028,2024-06-17,1,5,7393.11,597.03,Cash on Delivery,Delivered,Tamil Nadu,Coimbatore
ORD008081,CUST0525,PROD0006,2025-04-14,1,20,9428.3,-1059.04,Net Banking,Delivered,Gujarat,Surat
ORD008082,CUST0522,PROD0024,2025-07-19,1,10,25578.68,4426.57,Net Banking,Delivered,Rajasthan,Jaipur
ORD008083,CUST0117,PROD0022,2025-04-15,4,0,47929.08,10793.52,Cash on Delivery,Returned,Madhya Pradesh,Bhopal
ORD008084,CUST0042,PROD0008,2023-03-06,1,10,9681.46,230.08,Credit Card,Delivered,Assam,Guwahati
ORD008085,CUST0500,PROD0006,2023-05-08,2,0,23570.74,2596.06,Cash on Delivery,Delivered,West Bengal,Kolkata
ORD008086,CUST0179,PROD0021,2023-10-10,2,5,7074.1,1395.64,Debit Card,Delivered,Gujarat,Ahmedabad
ORD008087,CUST0243,PROD0016,2024-01-06,1,0,24752.87,5958.31,Net Banking,Returned,Bihar,Patna
ORD008088,CUST0002,PROD0019,2023-05-21,3,10,45182.31,1648.47,Net Banking,Delivered,Rajasthan,Jaipur
ORD008089,CUST0163,PROD0013,2025-07-24,1,0,18263.18,3539.52,UPI,Cancelled,Madhya Pradesh,Indore
ORD008090,CUST0030,PROD0004,2025-01-15,5,0,65789.05,8933.35,UPI,Returned,Uttar Pradesh,Kanpur
ORD008091,CUST0037,PROD0009,2024-09-22,2,5,48986.29,2813.93,Debit Card,Delivered,Uttar Pradesh,Lucknow
ORD008092,CUST0421,PROD0018,2025-06-24,1,10,16111.84,1041.65,Debit Card,Delivered,Maharashtra,Mumbai
ORD008093,CUST0245,PROD0010,2023-10-30,2,0,46773.46,5134.4,UPI,Returned,Kerala,Kochi
ORD008094,CUST0302,PROD0023,2024-11-01,3,10,50671.79,7422.62,Credit Card,Cancelled,Maharashtra,Pune
ORD008095,CUST0241,PROD0013,2025-06-12,3,5,52050.06,7879.08,Cash on Delivery,Returned,Bihar,Patna
ORD008096,CUST0138,PROD0015,2023-03-20,2,10,20370.82,2497.0,UPI,Returned,Uttar Pradesh,Lucknow
ORD008097,CUST0251,PROD0024,2024-07-21,1,5,26999.71,5847.6,Cash on Delivery,Delivered,Maharashtra,Pune
ORD008098,CUST0594,PROD0021,2025-01-22,5,0,18616.05,4419.9,Cash on Delivery,Returned,Gujarat,Ahmedabad
ORD008099,CUST0142,PROD0019,2023-01-16,1,10,15060.77,549.49,Net Banking,Delivered,Gujarat,Surat
ORD008100,CUST0496,PROD0010,2025-04-19,4,10,84192.23,914.11,UPI,Delivered,Bihar,Patna
ORD008101,CUST0586,PROD0003,2024-01-29,3,20,50016.34,-4172.27,Debit Card,Cancelled,Delhi,Delhi
ORD008102,CUST0134,PROD0012,2023-06-09,2,0,50362.84,9717.9,Credit Card,Delivered,Assam,Guwahati
ORD008103,CUST0461,PROD0033,2025-03-12,2,20,28151.18,-3617.46,Debit Card,Delivered,Delhi,Delhi
ORD008104,CUST0216,PROD0002,2023-06-30,2,15,35863.52,3212.96,Credit Card,Cancelled,Gujarat,Surat
ORD008105,CUST0308,PROD0007,2023-09-21,2,5,25875.95,4365.77,Cash on Delivery,Returned,Uttar Pradesh,Lucknow
ORD008106,CUST0478,PROD0032,2024-05-05,3,10,30993.33,664.86,Net Banking,Delivered,Telangana,Hyderabad
ORD008107,CUST0012,PROD0020,2025-05-12,2,5,36176.4,3236.6,Credit Card,Returned,Tamil Nadu,Chennai
ORD008108,CUST0474,PROD0015,2024-04-06,1,0,11317.12,2380.21,Net Banking,Delivered,Delhi,Delhi
ORD008109,CUST0037,PROD0025,2025-05-03,1,5,24395.44,3907.53,Net Banking,Returned,Uttar Pradesh,Lucknow
ORD008110,CUST0130,PROD0022,2023-02-18,1,0,11982.27,2698.38,Cash on Delivery,Cancelled,Chandigarh,Chandigarh
ORD008111,CUST0311,PROD0013,2023-08-13,1,10,16436.86,1713.2,Cash on Delivery,Delivered,Uttar Pradesh,Kanpur
ORD008112,CUST0263,PROD0022,2023-10-16,3,30,25162.77,-2688.9,Cash on Delivery,Delivered,Maharashtra,Mumbai
ORD008113,CUST0582,PROD0009,2024-02-27,2,0,51564.52,5392.16,UPI,Returned,Karnataka,Bangalore
ORD008114,CUST0300,PROD0031,2024-02-12,1,5,25673.13,3907.04,Net Banking,Delivered,Maharashtra,Nagpur
ORD008115,CUST0473,PROD0007,2023-02-08,1,0,13618.92,2863.83,Debit Card,Delivered,Madhya Pradesh,Bhopal
ORD008116,CUST0367,PROD0033,2024-12-07,1,10,15835.04,-49.28,UPI,Delivered,Karnataka,Bangalore
ORD008117,CUST0519,PROD0012,2024-12-16,5,20,100725.68,-886.67,UPI,Delivered,Tamil Nadu,Chennai
ORD008118,CUST0060,PROD0031,2024-03-07,2,5,51346.26,7814.08,Credit Card,Delivered,Telangana,Hyderabad
ORD008119,CUST0043,PROD0020,2023-03-17,2,0,38080.42,5140.62,Credit Card,Delivered,Uttar Pradesh,Lucknow
ORD008120,CUST0066,PROD0033,2024-06-03,4,15,59821.27,-3716.01,Cash on Delivery,Returned,Tamil Nadu,Chennai
ORD008121,CUST0452,PROD0021,2023-05-04,4,20,11914.27,557.35,Credit Card,Delivered,Uttar Pradesh,Kanpur
ORD008122,CUST0011,PROD0027,2025-07-10,1,30,21266.15,-1971.59,Net Banking,Returned,Maharashtra,Mumbai
ORD008123,CUST0554,PROD0023,2024-08-10,5,5,89144.82,17062.87,Net Banking,Returned,Rajasthan,Jaipur
ORD008124,CUST0140,PROD0001,2024-11-23,1,0,23098.13,5508.91,Cash on Delivery,Cancelled,Uttar Pradesh,Lucknow
ORD008125,CUST0176,PROD0001,2023-01-19,3,10,62364.95,9597.29,Credit Card,Delivered,Telangana,Hyderabad
ORD008126,CUST0328,PROD0020,2023-12-25,1,20,15232.17,-1237.73,UPI,Delivered,Tamil Nadu,Coimbatore
ORD008127,CUST0429,PROD0024,2025-05-02,2,10,51157.35,8853.13,UPI,Cancelled,Madhya Pradesh,Bhopal
ORD008128,CUST0387,PROD0030,2023-12-24,2,0,18934.44,1745.16,Net Banking,Delivered,Assam,Guwahati
ORD008129,CUST0068,PROD0006,2023-02-03,1,30,8249.76,-2237.58,Cash on Delivery,Delivered,Gujarat,Surat
ORD008130,CUST0388,PROD0004,2024-09-24,1,5,12499.92,1128.78,UPI,Returned,West Bengal,Kolkata
ORD008131,CUST0119,PROD0002,2024-10-18,1,5,20041.38,3716.1,Credit Card,Returned,Tamil Nadu,Chennai
ORD008132,CUST0172,PROD0025,2023-11-13,1,0,25679.41,5191.5,Debit Card,Cancelled,Gujarat,Ahmedabad
ORD008133,CUST0532,PROD0021,2025-01-26,1,5,3537.05,697.82,Cash on Delivery,Delivered,Maharashtra,Nagpur
ORD008134,CUST0390,PROD0021,2025-03-15,1,0,3723.21,883.98,UPI,Returned,Gujarat,Ahmedabad
ORD008135,CUST0148,PROD0005,2025-01-08,3,0,31204.77,5487.42,Net Banking,Returned,Karnataka,Bangalore
ORD008136,CUST0486,PROD0020,2024-01-19,1,15,16184.18,-285.72,UPI,Cancelled,Tamil Nadu,Chennai
ORD008137,CUST0216,PROD0023,2023-11-19,1,15,15952.23,1535.84,Cash on Delivery,Delivered,Gujarat,Surat
ORD008138,CUST0455,PROD0004,2025-06-07,2,5,24999.84,2257.56,Net Banking,Cancelled,Maharashtra,Pune
ORD008139,CUST0008,PROD0033,2024-11-08,4,10,63340.16,-197.12,Cash on Delivery,Delivered,Kerala,Kochi
ORD008140,CUST0121,PROD0018,2024-06-04,1,0,17902.05,2831.86,UPI,Returned,Bihar,Patna
ORD008141,CUST0048,PROD0002,2024-04-05,2,20,33753.9,1103.34,Credit Card,Cancelled,Assam,Guwahati
ORD008142,CUST0048,PROD0031,2023-09-09,1,0,27024.35,5258.26,Net Banking,Delivered,Assam,Guwahati
ORD008143,CUST0244,PROD0027,2025-05-10,1,0,30380.21,7142.47,Net Banking,Delivered,Chandigarh,Chandigarh
ORD008144,CUST0410,PROD0020,2025-05-15,4,0,76160.84,10281.24,Debit Card,Delivered,Madhya Pradesh,Bhopal
ORD008145,CUST0031,PROD0009,2023-03-21,1,5,24493.15,1406.97,Debit Card,Delivered,Rajasthan,Jaipur
ORD008146,CUST0490,PROD0017,2024-09-19,3,0,72748.62,18543.54,Credit Card,Delivered,Assam,Guwahati
ORD008147,CUST0183,PROD0003,2023-10-28,1,0,20840.14,2777.27,Debit Card,Returned,Uttar Pradesh,Lucknow
ORD008148,CUST0209,PROD0024,2024-04-24,1,5,26999.71,5847.6,Cash on Delivery,Delivered,Telangana,Hyderabad
ORD008149,CUST0569,PROD0018,2023-04-17,1,30,12531.44,-2538.75,Net Banking,Delivered,West Bengal,Kolkata
ORD008150,CUST0178,PROD0034,2025-02-02,1,0,21565.22,2874.34,Credit Card,Delivered,Madhya Pradesh,Indore
ORD008151,CUST0142,PROD0009,2025-01-29,1,15,21914.92,-1171.26,UPI,Delivered,Gujarat,Surat
ORD008152,CUST0337,PROD0019,2023-04-11,1,30,11713.93,-2797.35,Cash on Delivery,Delivered,Maharashtra,Pune
ORD008153,CUST0191,PROD0033,2023-03-12,5,0,87972.45,8550.85,Credit Card,Delivered,West Bengal,Kolkata
ORD008154,CUST0256,PROD0024,2023-12-18,3,0,85262.25,21805.92,Debit Card,Delivered,Maharashtra,Pune
ORD008155,CUST0597,PROD0013,2023-05-26,1,20,14610.54,-113.12,Credit Card,Delivered,Uttar Pradesh,Lucknow
ORD008156,CUST0514,PROD0001,2025-01-24,1,10,20788.32,3199.1,UPI,Returned,Delhi,Delhi
ORD008157,CUST0593,PROD0030,2025-01-03,5,5,44969.3,1996.1,UPI,Delivered,Karnataka,Bangalore
ORD008158,CUST0256,PROD0022,2025-03-24,2,0,23964.54,5396.76,Net Banking,Delivered,Maharashtra,Pune
ORD008159,CUST0109,PROD0030,2023-01-10,1,0,9467.22,872.58,Debit Card,Delivered,West Bengal,Kolkata
ORD008160,CUST0354,PROD0015,2023-01-13,1,10,10185.41,1248.5,UPI,Delivered,Delhi,Delhi
ORD008161,CUST0445,PROD0014,2025-01-30,1,10,8487.69,145.99,Net Banking,Delivered,Madhya Pradesh,Indore
ORD008162,CUST0050,PROD0019,2025-03-30,2,5,31794.96,2772.4,Unknown,Delivered,Maharashtra,Pune
ORD008163,CUST0398,PROD0028,2024-08-04,2,0,15564.44,1972.28,Net Banking,Delivered,Madhya Pradesh,Bhopal
ORD008164,CUST0225,PROD0009,2023-05-28,2,15,43829.84,-2342.52,Credit Card,Cancelled,Tamil Nadu,Coimbatore
ORD008165,CUST0186,PROD0015,2024-08-12,1,5,10751.26,1814.35,Credit Card,Delivered,Telangana,Hyderabad
ORD008166,CUST0394,PROD0030,2025-03-31,5,0,47336.1,4362.9,Debit Card,Cancelled,Assam,Guwahati
ORD008167,CUST0163,PROD0004,2024-03-10,2,0,26315.62,3573.34,Credit Card,Cancelled,Madhya Pradesh,Indore
ORD008168,CUST0304,PROD0011,2025-04-02,1,20,2620.41,70.78,Net Banking,Delivered,Tamil Nadu,Coimbatore
ORD008169,CUST0203,PROD0019,2025-01-10,2,0,33468.38,4445.82,Credit Card,Cancelled,Delhi,Delhi
ORD008170,CUST0570,PROD0019,2023-04-10,1,0,16734.19,2222.91,Net Banking,Delivered,Maharashtra,Pune
ORD008171,CUST0478,PROD0016,2023-04-25,3,10,66832.75,10449.07,UPI,Returned,Telangana,Hyderabad
ORD008172,CUST0415,PROD0001,2024-10-25,1,10,20788.32,3199.1,Credit Card,Delivered,Madhya Pradesh,Bhopal
ORD008173,CUST0361,PROD0035,2023-07-07,2,0,25086.08,3920.4,Credit Card,Delivered,Delhi,Delhi
ORD008174,CUST0009,PROD0003,2024-12-03,2,0,41680.28,5554.54,Credit Card,Delivered,Kerala,Kochi
ORD008175,CUST0249,PROD0026,2023-03-18,1,15,15163.14,-957.93,UPI,Returned,Rajasthan,Jaipur
ORD008176,CUST0142,PROD0001,2023-03-28,2,5,43886.45,8708.01,Credit Card,Cancelled,Gujarat,Surat
ORD008177,CUST0179,PROD0012,2025-06-15,1,0,25181.42,4858.95,UPI,Returned,Gujarat,Ahmedabad
ORD008178,CUST0572,PROD0031,2023-01-04,1,10,24321.92,2555.83,UPI,Cancelled,Tamil Nadu,Coimbatore
ORD008179,CUST0213,PROD0031,2025-01-15,1,0,27024.35,5258.26,Cash on Delivery,Delivered,West Bengal,Kolkata
ORD008180,CUST0215,PROD0011,2023-08-08,1,10,2947.96,398.33,Debit Card,Returned,Tamil Nadu,Chennai
ORD008181,CUST0426,PROD0012,2023-02-17,2,10,45326.56,4681.62,Net Banking,Delivered,Delhi,Delhi
ORD008182,CUST0321,PROD0002,2023-03-16,4,5,80165.52,14864.4,Cash on Delivery,Delivered,Bihar,Patna
ORD008183,CUST0157,PROD0030,2023-10-29,1,30,6627.05,-1967.59,Net Banking,Returned,Gujarat,Ahmedabad
ORD008184,CUST0483,PROD0030,2024-05-13,1,15,8047.14,-547.5,Debit Card,Delivered,Uttar Pradesh,Kanpur
ORD008185,CUST0457,PROD0002,2024-03-24,1,15,17931.76,1606.48,UPI,Delivered,Madhya Pradesh,Indore
ORD008186,CUST0159,PROD0028,2023-07-05,1,10,7004.0,207.92,Credit Card,Cancelled,Uttar Pradesh,Lucknow
ORD008187,CUST0103,PROD0031,2025-07-19,1,10,24321.92,2555.83,Debit Card,Delivered,Uttar Pradesh,Kanpur
ORD008188,CUST0340,PROD0012,2024-07-24,1,0,25181.42,4858.95,Net Banking,Delivered,Madhya Pradesh,Indore
ORD008189,CUST0572,PROD0022,2023-06-25,1,30,8387.59,-896.3,Net Banking,Cancelled,Tamil Nadu,Coimbatore
ORD008190,CUST0065,PROD0014,2023-09-29,1,0,9430.77,1089.07,Debit Card,Delivered,Rajasthan,Jaipur
ORD008191,CUST0477,PROD0013,2024-09-28,2,0,36526.36,7079.04,Credit Card,Cancelled,Karnataka,Bangalore
ORD008192,CUST0293,PROD0030,2025-03-25,2,5,17987.72,798.44,Cash on Delivery,Delivered,West Bengal,Kolkata
ORD008193,CUST0291,PROD0025,2023-02-27,1,20,20543.53,55.62,Cash on Delivery,Delivered,Maharashtra,Pune
ORD008194,CUST0503,PROD0026,2023-06-24,3,10,48165.27,-197.94,Debit Card,Delivered,Assam,Guwahati
ORD008195,CUST0367,PROD0002,2023-01-06,1,0,21096.19,4770.91,Cash on Delivery,Cancelled,Karnataka,Bangalore
ORD008196,CUST0170,PROD0006,2023-06-15,1,5,11196.1,708.76,Net Banking,Returned,Gujarat,Ahmedabad
ORD008197,CUST0505,PROD0004,2023-07-06,5,15,55920.69,-935.01,UPI,Delivered,Maharashtra,Nagpur
ORD008198,CUST0390,PROD0024,2023-05-16,1,0,28420.75,7268.64,Net Banking,Delivered,Gujarat,Ahmedabad
ORD008199,CUST0213,PROD0023,2024-05-25,3,10,50671.79,7422.62,Net Banking,Cancelled,West Bengal,Kolkata
ORD008200,CUST0259,PROD0025,2025-07-05,2,15,43655.0,2679.18,Net Banking,Delivered,Uttar Pradesh,Lucknow
ORD008201,CUST0463,PROD0016,2024-10-21,1,0,24752.87,5958.31,Net Banking,Delivered,Telangana,Hyderabad
ORD008202,CUST0193,PROD0021,2024-10-24,1,0,3723.21,883.98,Cash on Delivery,Cancelled,Rajasthan,Jaipur
ORD008203,CUST0581,PROD0028,2023-03-13,2,5,14786.22,1194.06,Cash on Delivery,Delivered,Madhya Pradesh,Indore
ORD008204,CUST0032,PROD0018,2023-06-26,2,10,32223.69,2083.31,UPI,Delivered,Karnataka,Bangalore
ORD008205,CUST0163,PROD0004,2023-10-30,1,0,13157.81,1786.67,Credit Card,Delivered,Madhya Pradesh,Indore
ORD008206,CUST0220,PROD0033,2025-07-23,3,0,52783.47,5130.51,UPI,Delivered,Uttar Pradesh,Lucknow
ORD008207,CUST0073,PROD0022,2023-06-03,1,5,11383.16,2099.27,Credit Card,Delivered,Tamil Nadu,Coimbatore
ORD008208,CUST0136,PROD0035,2024-08-21,4,5,47663.55,5332.19,Cash on Delivery,Delivered,Karnataka,Bangalore
ORD008209,CUST0341,PROD0007,2024-07-11,2,5,25875.95,4365.77,Cash on Delivery,Cancelled,Kerala,Kochi
ORD008210,CUST0309,PROD0013,2024-07-20,1,0,18263.18,3539.52,Debit Card,Cancelled,Madhya Pradesh,Indore
ORD008211,CUST0082,PROD0013,2024-04-22,1,5,17350.02,2626.36,Debit Card,Delivered,Kerala,Kochi
ORD008212,CUST0394,PROD0002,2023-09-26,2,0,42192.38,9541.82,Net Banking,Delivered,Assam,Guwahati
ORD008213,CUST0512,PROD0029,2024-02-06,2,10,37320.71,2096.59,UPI,Delivered,West Bengal,Kolkata
ORD008214,CUST0139,PROD0014,2025-02-15,1,5,8959.23,617.53,UPI,Delivered,West Bengal,Kolkata
ORD008215,CUST0080,PROD0019,2024-11-23,1,10,15060.77,549.49,UPI,Delivered,Kerala,Kochi
ORD008216,CUST0289,PROD0035,2024-05-14,2,10,22577.47,1411.79,Credit Card,Delivered,Maharashtra,Pune
ORD008217,CUST0241,PROD0014,2024-09-08,1,0,9430.77,1089.07,Credit Card,Returned,Bihar,Patna
ORD008218,CUST0513,PROD0030,2025-06-30,1,0,9467.22,872.58,Credit Card,Delivered,Gujarat,Ahmedabad
ORD008219,CUST0486,PROD0028,2023-08-26,2,15,13229.77,-362.39,Credit Card,Delivered,Tamil Nadu,Chennai
ORD008220,CUST0091,PROD0007,2024-12-11,1,5,12937.97,2182.88,Cash on Delivery,Delivered,Uttar Pradesh,Lucknow
ORD008221,CUST0357,PROD0011,2023-03-02,1,30,2292.86,-256.77,Net Banking,Delivered,Madhya Pradesh,Bhopal
ORD008222,CUST0137,PROD0024,2023-03-01,1,0,28420.75,7268.64,UPI,Delivered,Assam,Guwahati
ORD008223,CUST0035,PROD0018,2023-11-21,2,0,35804.1,5663.72,Net Banking,Cancelled,Maharashtra,Nagpur
ORD008224,CUST0509,PROD0006,2024-11-21,1,30,8249.76,-2237.58,Net Banking,Delivered,Gujarat,Surat
ORD008225,CUST0031,PROD0018,2024-08-06,1,20,14321.64,-748.55,Net Banking,Delivered,Rajasthan,Jaipur
ORD008226,CUST0090,PROD0035,2025-02-09,1,20,10034.43,-548.41,Cash on Delivery,Delivered,Maharashtra,Pune
ORD008227,CUST0075,PROD0027,2023-03-17,3,10,82026.57,12313.35,Net Banking,Delivered,Uttar Pradesh,Kanpur
ORD008228,CUST0189,PROD0020,2024-12-21,1,10,17136.19,666.29,Debit Card,Returned,Bihar,Patna
ORD008229,CUST0125,PROD0025,2024-11-05,1,30,17975.59,-2512.32,Cash on Delivery,Delivered,Delhi,Delhi
ORD008230,CUST0288,PROD0016,2023-01-12,2,5,47030.45,9441.33,UPI,Delivered,Delhi,Delhi
ORD008231,CUST0270,PROD0024,2024-12-02,4,0,113683.0,29074.56,Debit Card,Returned,Rajasthan,Jaipur
ORD008232,CUST0403,PROD0009,2023-03-25,2,5,48986.29,2813.93,Debit Card,Delivered,Assam,Guwahati
ORD008233,CUST0124,PROD0018,2024-07-08,1,5,17006.95,1936.76,Debit Card,Delivered,Gujarat,Surat
ORD008234,CUST0351,PROD0021,2025-05-13,1,30,2606.25,-232.98,Debit Card,Delivered,Gujarat,Surat
ORD008235,CUST0063,PROD0007,2023-12-07,4,15,46304.33,3283.97,Credit Card,Returned,Madhya Pradesh,Indore
ORD008236,CUST0267,PROD0023,2024-10-03,1,15,15952.23,1535.84,Debit Card,Delivered,Madhya Pradesh,Indore
ORD008237,CUST0465,PROD0009,2024-09-30,1,20,20625.81,-2460.37,Debit Card,Delivered,Bihar,Patna
ORD008238,CUST0029,PROD0022,2023-03-04,1,0,11982.27,2698.38,Cash on Delivery,Delivered,Uttar Pradesh,Kanpur
ORD008239,CUST0223,PROD0032,2023-09-05,1,5,10905.06,795.57,Net Banking,Delivered,Tamil Nadu,Chennai
ORD008240,CUST0062,PROD0023,2025-03-02,1,5,17828.96,3412.57,Cash on Delivery,Cancelled,Uttar Pradesh,Lucknow
ORD008241,CUST0312,PROD0001,2024-02-29,1,5,21943.22,4354.0,Debit Card,Delivered,Bihar,Patna
ORD008242,CUST0176,PROD0002,2024-11-30,1,10,18986.57,2661.29,Cash on Delivery,Delivered,Telangana,Hyderabad
ORD008243,CUST0381,PROD0009,2024-03-28,1,0,25782.26,2696.08,Net Banking,Delivered,Maharashtra,Mumbai
ORD008244,CUST0205,PROD0013,2024-04-15,1,0,18263.18,3539.52,Credit Card,Delivered,Kerala,Kochi
ORD008245,CUST0078,PROD0007,2024-12-20,1,20,10895.14,140.05,Cash on Delivery,Returned,Karnataka,Bangalore
ORD008246,CUST0481,PROD0017,2023-10-23,3,0,72748.62,18543.54,Cash on Delivery,Delivered,Delhi,Delhi
ORD008247,CUST0102,PROD0025,2025-07-30,4,0,102717.64,20766.0,Debit Card,Delivered,Telangana,Hyderabad
ORD008248,CUST0001,PROD0008,2023-06-29,2,0,21514.36,2611.6,Cash on Delivery,Delivered,Telangana,Hyderabad
ORD008249,CUST0512,PROD0006,2024-07-07,1,0,11785.37,1298.03,Credit Card,Delivered,West Bengal,Kolkata
ORD008250,CUST0155,PROD0015,2023-02-10,3,10,30556.22,3745.49,UPI,Delivered,Gujarat,Ahmedabad
ORD008251,CUST0127,PROD0004,2023-11-29,3,5,37499.76,3386.34,UPI,Delivered,Uttar Pradesh,Lucknow
ORD008252,CUST0568,PROD0013,2024-03-13,1,0,18263.18,3539.52,Debit Card,Delivered,Kerala,Kochi
ORD008253,CUST0201,PROD0016,2024-03-10,1,0,24752.87,5958.31,UPI,Delivered,Chandigarh,Chandigarh
ORD008254,CUST0095,PROD0023,2025-05-19,4,5,71315.85,13650.29,Credit Card,Delivered,Delhi,Delhi
ORD008255,CUST0499,PROD0007,2025-03-08,1,0,13618.92,2863.83,Net Banking,Delivered,Bihar,Patna
ORD008256,CUST0265,PROD0022,2025-07-04,1,20,9585.82,301.93,UPI,Delivered,Maharashtra,Mumbai
ORD008257,CUST0159,PROD0032,2024-03-12,1,0,11479.01,1369.52,Debit Card,Delivered,Uttar Pradesh,Lucknow
ORD008258,CUST0514,PROD0005,2025-04-26,1,15,8841.35,268.9,Cash on Delivery,Returned,Delhi,Delhi
ORD008259,CUST0540,PROD0005,2024-03-01,3,5,29644.53,3927.18,Debit Card,Delivered,Tamil Nadu,Coimbatore
ORD008260,CUST0133,PROD0006,2023-05-14,2,5,22392.2,1417.52,UPI,Cancelled,Maharashtra,Pune
ORD008261,CUST0456,PROD0023,2024-12-08,2,20,30027.73,1194.95,UPI,Delivered,Maharashtra,Pune
ORD008262,CUST0468,PROD0014,2024-01-31,2,0,18861.54,2178.14,Cash on Delivery,Delivered,Rajasthan,Jaipur
ORD008263,CUST0592,PROD0020,2023-01-24,2,0,38080.42,5140.62,Credit Card,Delivered,Bihar,Patna
ORD008264,CUST0030,PROD0004,2023-05-12,3,5,37499.76,3386.34,Net Banking,Returned,Uttar Pradesh,Kanpur
ORD008265,CUST0183,PROD0009,2023-10-26,1,15,21914.92,-1171.26,Debit Card,Cancelled,Uttar Pradesh,Lucknow
ORD008266,CUST0118,PROD0023,2025-07-21,1,0,18767.33,4350.94,Credit Card,Delivered,Maharashtra,Nagpur
ORD008267,CUST0445,PROD0025,2024-08-18,2,15,43655.0,2679.18,Credit Card,Delivered,Madhya Pradesh,Indore
ORD008268,CUST0580,PROD0025,2024-01-12,2,0,51358.82,10383.0,UPI,Delivered,Delhi,Delhi
ORD008269,CUST0111,PROD0013,2023-01-14,1,0,18263.18,3539.52,Net Banking,Delivered,Rajasthan,Jaipur
ORD008270,CUST0343,PROD0028,2025-01-15,1,5,7393.11,597.03,Cash on Delivery,Delivered,Rajasthan,Jaipur
ORD008271,CUST0458,PROD0021,2024-09-15,1,10,3350.89,511.66,UPI,Returned,Madhya Pradesh,Bhopal
ORD008272,CUST0528,PROD0034,2023-06-12,2,10,38817.4,1435.64,UPI,Cancelled,Gujarat,Ahmedabad
ORD008273,CUST0316,PROD0028,2024-07-12,1,5,7393.11,597.03,Debit Card,Returned,Kerala,Kochi
ORD008274,CUST0286,PROD0031,2023-06-23,1,0,27024.35,5258.26,Cash on Delivery,Delivered,Uttar Pradesh,Kanpur
ORD008275,CUST0037,PROD0010,2023-03-31,1,15,19878.72,-940.81,Credit Card,Cancelled,Uttar Pradesh,Lucknow
ORD008276,CUST0396,PROD0006,2024-01-04,3,5,33588.3,2126.28,Net Banking,Cancelled,Gujarat,Surat
ORD008277,CUST0098,PROD0017,2023-05-22,1,5,23037.06,4968.7,Net Banking,Returned,West Bengal,Kolkata
ORD008278,CUST0418,PROD0008,2023-11-14,1,0,10757.18,1305.8,Debit Card,Delivered,Karnataka,Bangalore
ORD008279,CUST0292,PROD0033,2023-01-21,2,0,35188.98,3420.34,Credit Card,Delivered,Telangana,Hyderabad
ORD008280,CUST0343,PROD0006,2024-01-05,2,20,18856.59,-2118.09,Debit Card,Cancelled,Rajasthan,Jaipur
ORD008281,CUST0318,PROD0016,2023-10-13,1,20,19802.3,1007.74,UPI,Returned,Assam,Guwahati
ORD008282,CUST0128,PROD0015,2025-06-18,2,0,22634.24,4760.42,Credit Card,Cancelled,Assam,Guwahati
ORD008283,CUST0115,PROD0020,2024-06-01,1,0,19040.21,2570.31,Debit Card,Delivered,Karnataka,Bangalore
ORD008284,CUST0528,PROD0003,2023-08-03,2,0,41680.28,5554.54,UPI,Delivered,Gujarat,Ahmedabad
ORD008285,CUST0062,PROD0005,2024-04-03,2,20,16642.54,-502.36,Unknown,Delivered,Uttar Pradesh,Lucknow
ORD008286,CUST0063,PROD0028,2024-11-12,2,20,12451.55,-1140.61,Net Banking,Delivered,Madhya Pradesh,Indore
ORD008287,CUST0091,PROD0007,2024-02-12,3,0,40856.76,8591.49,Net Banking,Delivered,Uttar Pradesh,Lucknow
ORD008288,CUST0333,PROD0023,2025-06-11,1,5,17828.96,3412.57,Credit Card,Delivered,Maharashtra,Pune
ORD008289,CUST0507,PROD0024,2023-05-31,2,0,56841.5,14537.28,Net Banking,Delivered,Delhi,Delhi
ORD008290,CUST0153,PROD0031,2025-07-01,1,0,27024.35,5258.26,Net Banking,Delivered,Kerala,Kochi
ORD008291,CUST0546,PROD0008,2023-02-26,2,10,19362.92,460.16,UPI,Returned,Madhya Pradesh,Bhopal
ORD008292,CUST0490,PROD0017,2025-06-24,2,20,38799.26,2662.54,Cash on Delivery,Delivered,Assam,Guwahati
ORD008293,CUST0462,PROD0009,2023-03-05,5,0,128911.3,13480.4,Net Banking,Delivered,Assam,Guwahati
ORD008294,CUST0150,PROD0009,2023-11-01,1,10,23204.03,117.85,UPI,Delivered,Bihar,Patna
ORD008295,CUST0233,PROD0009,2024-03-25,1,5,24493.15,1406.97,UPI,Returned,Maharashtra,Nagpur
ORD008296,CUST0284,PROD0017,2023-09-30,1,20,19399.63,1331.27,Credit Card,Returned,Karnataka,Bangalore
ORD008297,CUST0592,PROD0003,2023-08-10,3,10,56268.38,2079.77,Cash on Delivery,Delivered,Bihar,Patna
ORD008298,CUST0132,PROD0026,2025-06-07,3,20,42813.58,-5549.63,UPI,Delivered,Karnataka,Bangalore
ORD008299,CUST0231,PROD0017,2025-01-27,1,0,24249.54,6181.18,Cash on Delivery,Returned,Karnataka,Bangalore
ORD008300,CUST0351,PROD0026,2024-01-28,2,5,33894.08,1651.94,UPI,Delivered,Gujarat,Surat
ORD008301,CUST0317,PROD0013,2023-01-13,1,0,18263.18,3539.52,Debit Card,Delivered,Bihar,Patna
ORD008302,CUST0102,PROD0007,2023-10-18,3,0,40856.76,8591.49,Cash on Delivery,Delivered,Telangana,Hyderabad
ORD008303,CUST0225,PROD0015,2023-05-30,2,5,21502.53,3628.71,UPI,Cancelled,Tamil Nadu,Coimbatore
ORD008304,CUST0488,PROD0011,2024-08-16,3,20,7861.22,212.33,Net Banking,Returned,Maharashtra,Nagpur
ORD008305,CUST0466,PROD0011,2024-10-06,2,5,6223.47,1124.21,Cash on Delivery,Delivered,Gujarat,Ahmedabad
ORD008306,CUST0355,PROD0016,2024-02-09,1,0,24752.87,5958.31,Debit Card,Delivered,Kerala,Kochi
ORD008307,CUST0478,PROD0009,2023-04-25,1,0,25782.26,2696.08,Credit Card,Delivered,Telangana,Hyderabad
ORD008308,CUST0124,PROD0031,2023-05-02,2,0,54048.7,10516.52,Net Banking,Delivered,Gujarat,Surat
ORD008309,CUST0307,PROD0024,2023-09-23,2,15,48315.28,6011.06,Cash on Delivery,Returned,Uttar Pradesh,Kanpur
ORD008310,CUST0222,PROD0007,2024-11-13,2,0,27237.84,5727.66,Net Banking,Returned,Chandigarh,Chandigarh
ORD008311,CUST0566,PROD0033,2025-01-30,3,20,42226.78,-5426.18,UPI,Returned,Maharashtra,Pune
ORD008312,CUST0408,PROD0026,2025-03-24,2,5,33894.08,1651.94,Debit Card,Delivered,Tamil Nadu,Chennai
ORD008313,CUST0539,PROD0023,2023-12-15,1,15,15952.23,1535.84,Debit Card,Delivered,Kerala,Kochi
ORD008314,CUST0070,PROD0021,2025-07-03,1,0,3723.21,883.98,Cash on Delivery,Delivered,Gujarat,Ahmedabad
ORD008315,CUST0344,PROD0027,2023-03-01,3,0,91140.63,21427.41,UPI,Delivered,West Bengal,Kolkata
ORD008316,CUST0453,PROD0002,2024-02-26,2,15,35863.52,3212.96,Debit Card,Returned,Kerala,Kochi
ORD008317,CUST0318,PROD0023,2024-01-28,3,20,45041.59,1792.42,Net Banking,Delivered,Assam,Guwahati
ORD008318,CUST0570,PROD0030,2023-07-17,3,10,25561.49,-222.43,Debit Card,Delivered,Maharashtra,Pune
ORD008319,CUST0256,PROD0022,2023-11-04,1,5,11383.16,2099.27,Credit Card,Cancelled,Maharashtra,Pune
ORD008320,CUST0151,PROD0025,2023-08-08,2,10,46222.94,5247.12,Cash on Delivery,Delivered,Gujarat,Surat
ORD008321,CUST0375,PROD0006,2025-04-01,2,5,22392.2,1417.52,Cash on Delivery,Delivered,Delhi,Delhi
ORD008322,CUST0349,PROD0008,2023-10-22,5,0,53785.9,6529.0,Cash on Delivery,Delivered,Chandigarh,Chandigarh
ORD008323,CUST0547,PROD0004,2025-05-12,2,0,26315.62,3573.34,Net Banking,Delivered,Maharashtra,Pune
ORD008324,CUST0218,PROD0017,2025-07-05,4,30,67898.71,-4374.73,Net Banking,Delivered,West Bengal,Kolkata
ORD008325,CUST0295,PROD0024,2025-01-11,1,15,24157.64,3005.53,Cash on Delivery,Returned,Tamil Nadu,Chennai
ORD008326,CUST0561,PROD0013,2024-06-06,1,5,17350.02,2626.36,Cash on Delivery,Delivered,Telangana,Hyderabad
ORD008327,CUST0425,PROD0031,2024-06-27,1,10,24321.92,2555.83,Credit Card,Delivered,Madhya Pradesh,Bhopal
ORD008328,CUST0212,PROD0034,2023-11-08,1,0,21565.22,2874.34,Net Banking,Delivered,Gujarat,Surat
ORD008329,CUST0143,PROD0014,2023-07-03,1,30,6601.54,-1740.16,UPI,Delivered,Karnataka,Bangalore
ORD008330,CUST0133,PROD0022,2023-04-30,1,0,11982.27,2698.38,Net Banking,Returned,Maharashtra,Pune
ORD008331,CUST0166,PROD0007,2023-10-31,3,0,40856.76,8591.49,Credit Card,Delivered,Rajasthan,Jaipur
ORD008332,CUST0278,PROD0008,2024-08-18,5,30,37650.13,-9606.77,Credit Card,Delivered,Bihar,Patna
ORD008333,CUST0174,PROD0015,2025-07-03,2,5,21502.53,3628.71,UPI,Delivered,Delhi,Delhi
ORD008334,CUST0559,PROD0016,2023-08-04,1,0,24752.87,5958.31,Cash on Delivery,Delivered,Uttar Pradesh,Kanpur
ORD008335,CUST0009,PROD0027,2024-07-12,1,0,30380.21,7142.47,Debit Card,Delivered,Kerala,Kochi
ORD008336,CUST0284,PROD0024,2023-08-12,2,0,56841.5,14537.28,Cash on Delivery,Delivered,Karnataka,Bangalore
ORD008337,CUST0536,PROD0009,2025-02-11,2,10,46408.07,235.71,Net Banking,Returned,Uttar Pradesh,Kanpur
ORD008338,CUST0574,PROD0020,2024-04-05,1,0,19040.21,2570.31,Debit Card,Delivered,Kerala,Kochi
ORD008339,CUST0176,PROD0033,2024-03-18,1,15,14955.32,-929.0,Net Banking,Returned,Telangana,Hyderabad
ORD008340,CUST0218,PROD0004,2023-01-19,3,0,39473.43,5360.01,UPI,Delivered,West Bengal,Kolkata
ORD008341,CUST0160,PROD0006,2024-04-26,3,15,30052.69,-1409.33,Credit Card,Delivered,Rajasthan,Jaipur
ORD008342,CUST0021,PROD0023,2023-04-01,1,10,16890.6,2474.21,Debit Card,Delivered,Gujarat,Surat
ORD008343,CUST0076,PROD0025,2024-12-07,1,0,25679.41,5191.5,Debit Card,Delivered,Gujarat,Surat
ORD008344,CUST0523,PROD0010,2024-08-10,1,15,19878.72,-940.81,UPI,Delivered,Rajasthan,Jaipur
ORD008345,CUST0266,PROD0025,2023-03-18,1,0,25679.41,5191.5,Cash on Delivery,Cancelled,Gujarat,Surat
ORD008346,CUST0581,PROD0034,2024-04-07,1,0,21565.22,2874.34,Net Banking,Delivered,Madhya Pradesh,Indore
ORD008347,CUST0528,PROD0034,2024-07-21,1,0,21565.22,2874.34,Debit Card,Delivered,Gujarat,Ahmedabad
ORD008348,CUST0116,PROD0012,2025-04-19,2,0,50362.84,9717.9,Credit Card,Delivered,Maharashtra,Pune
ORD008349,CUST0409,PROD0004,2025-06-21,1,15,11184.14,-187.0,UPI,Delivered,Madhya Pradesh,Indore
ORD008350,CUST0135,PROD0034,2023-09-08,1,0,21565.22,2874.34,UPI,Delivered,Tamil Nadu,Coimbatore
ORD008351,CUST0133,PROD0013,2024-02-28,1,30,12784.23,-1939.43,Credit Card,Cancelled,Maharashtra,Pune
ORD008352,CUST0494,PROD0004,2025-01-02,1,0,13157.81,1786.67,Credit Card,Delivered,Bihar,Patna
ORD008353,CUST0230,PROD0006,2025-01-15,2,10,21213.67,238.99,Cash on Delivery,Delivered,Tamil Nadu,Coimbatore
ORD008354,CUST0568,PROD0023,2023-09-18,1,0,18767.33,4350.94,Debit Card,Cancelled,Kerala,Kochi
ORD008355,CUST0550,PROD0028,2023-05-15,4,20,24903.1,-2281.22,UPI,Delivered,Kerala,Kochi
ORD008356,CUST0255,PROD0009,2025-03-09,2,0,51564.52,5392.16,UPI,Returned,Karnataka,Bangalore
ORD008357,CUST0573,PROD0024,2023-02-25,1,0,28420.75,7268.64,Unknown,Cancelled,Gujarat,Ahmedabad
ORD008358,CUST0196,PROD0007,2023-08-21,1,0,13618.92,2863.83,Net Banking,Delivered,Maharashtra,Mumbai
ORD008359,CUST0391,PROD0006,2024-08-19,3,5,33588.3,2126.28,Credit Card,Cancelled,Gujarat,Ahmedabad
ORD008360,CUST0010,PROD0032,2023-11-05,2,0,22958.02,2739.04,Unknown,Delivered,Bihar,Patna
ORD008361,CUST0453,PROD0026,2025-02-15,4,5,67788.16,3303.88,Credit Card,Cancelled,Kerala,Kochi
ORD008362,CUST0309,PROD0003,2024-03-30,1,0,20840.14,2777.27,Cash on Delivery,Cancelled,Madhya Pradesh,Indore
ORD008363,CUST0488,PROD0005,2023-05-18,3,20,24963.82,-753.53,UPI,Cancelled,Maharashtra,Nagpur
ORD008364,CUST0500,PROD0013,2023-09-14,1,10,16436.86,1713.2,Cash on Delivery,Delivered,West Bengal,Kolkata
ORD008365,CUST0154,PROD0007,2023-10-29,1,20,10895.14,140.05,Net Banking,Delivered,Telangana,Hyderabad
ORD008366,CUST0572,PROD0009,2025-07-17,1,5,24493.15,1406.97,Net Banking,Cancelled,Tamil Nadu,Coimbatore
ORD008367,CUST0241,PROD0024,2024-07-23,3,10,76736.03,13279.7,Cash on Delivery,Delivered,Bihar,Patna
ORD008368,CUST0416,PROD0024,2024-05-20,1,30,19894.52,-1257.59,Credit Card,Delivered,Maharashtra,Nagpur
ORD008369,CUST0242,PROD0031,2025-02-15,1,15,22970.7,1204.61,Cash on Delivery,Delivered,Kerala,Kochi
ORD008370,CUST0431,PROD0015,2024-08-31,1,5,10751.26,1814.35,Net Banking,Delivered,Tamil Nadu,Chennai
ORD008371,CUST0145,PROD0001,2025-06-21,3,0,69294.39,16526.73,Debit Card,Delivered,Telangana,Hyderabad
ORD008372,CUST0004,PROD0025,2024-07-16,2,0,51358.82,10383.0,Credit Card,Delivered,Kerala,Kochi
ORD008373,CUST0344,PROD0019,2023-04-24,1,0,16734.19,2222.91,Cash on Delivery,Delivered,West Bengal,Kolkata
ORD008374,CUST0490,PROD0001,2024-11-21,2,15,39266.82,4088.38,UPI,Cancelled,Assam,Guwahati
ORD008375,CUST0051,PROD0032,2024-11-23,1,30,8035.31,-2074.18,Debit Card,Delivered,Gujarat,Ahmedabad
ORD008376,CUST0192,PROD0017,2023-07-03,1,5,23037.06,4968.7,Credit Card,Cancelled,Rajasthan,Jaipur
ORD008377,CUST0480,PROD0005,2025-01-22,1,5,9881.51,1309.06,Debit Card,Delivered,Gujarat,Surat
ORD008378,CUST0383,PROD0033,2023-09-24,1,5,16714.77,830.45,Net Banking,Delivered,Delhi,Delhi
ORD008379,CUST0434,PROD0028,2025-01-14,2,5,14786.22,1194.06,Cash on Delivery,Cancelled,Telangana,Hyderabad
ORD008380,CUST0492,PROD0033,2024-02-03,5,0,87972.45,8550.85,Cash on Delivery,Returned,Bihar,Patna
ORD008381,CUST0149,PROD0013,2025-02-10,1,10,16436.86,1713.2,UPI,Delivered,Uttar Pradesh,Kanpur
ORD008382,CUST0037,PROD0013,2023-01-11,2,0,36526.36,7079.04,Credit Card,Delivered,Uttar Pradesh,Lucknow
ORD008383,CUST0066,PROD0005,2023-09-03,2,0,20803.18,3658.28,Cash on Delivery,Delivered,Tamil Nadu,Chennai
ORD008384,CUST0274,PROD0012,2023-05-16,1,0,25181.42,4858.95,Credit Card,Returned,Tamil Nadu,Coimbatore
ORD008385,CUST0470,PROD0029,2023-01-24,1,0,20733.73,3121.67,UPI,Returned,Uttar Pradesh,Lucknow
ORD008386,CUST0009,PROD0018,2024-09-05,1,0,17902.05,2831.86,Debit Card,Delivered,Kerala,Kochi
ORD008387,CUST0311,PROD0028,2024-12-19,2,0,15564.44,1972.28,UPI,Delivered,Uttar Pradesh,Kanpur
ORD008388,CUST0145,PROD0017,2023-03-16,1,0,24249.54,6181.18,Debit Card,Delivered,Telangana,Hyderabad
ORD008389,CUST0487,PROD0008,2024-03-13,1,5,10219.32,767.94,Net Banking,Cancelled,Karnataka,Bangalore
ORD008390,CUST0438,PROD0020,2025-05-07,4,0,76160.84,10281.24,Debit Card,Delivered,Rajasthan,Jaipur
ORD008391,CUST0414,PROD0021,2023-05-20,1,0,3723.21,883.98,Cash on Delivery,Delivered,Uttar Pradesh,Lucknow
ORD008392,CUST0174,PROD0008,2024-08-12,2,20,17211.49,-1691.27,UPI,Delivered,Delhi,Delhi
ORD008393,CUST0042,PROD0006,2024-06-07,2,0,23570.74,2596.06,Credit Card,Delivered,Assam,Guwahati
ORD008394,CUST0584,PROD0027,2024-07-13,3,15,77469.54,7756.32,Credit Card,Delivered,Telangana,Hyderabad
ORD008395,CUST0135,PROD0026,2024-12-15,2,15,30326.28,-1915.86,UPI,Delivered,Tamil Nadu,Coimbatore
ORD008396,CUST0526,PROD0026,2023-04-12,1,15,15163.14,-957.93,Credit Card,Returned,Uttar Pradesh,Lucknow
ORD008397,CUST0307,PROD0012,2023-09-15,2,0,50362.84,9717.9,Debit Card,Delivered,Uttar Pradesh,Kanpur
ORD008398,CUST0336,PROD0021,2023-09-17,2,5,7074.1,1395.64,Cash on Delivery,Returned,Maharashtra,Pune
ORD008399,CUST0148,PROD0026,2024-10-27,2,15,30326.28,-1915.86,Net Banking,Returned,Karnataka,Bangalore
ORD008400,CUST0233,PROD0029,2024-03-03,2,10,37320.71,2096.59,Cash on Delivery,Cancelled,Maharashtra,Nagpur
ORD008401,CUST0463,PROD0020,2023-06-03,1,20,15232.17,-1237.73,Net Banking,Cancelled,Telangana,Hyderabad
ORD008402,CUST0265,PROD0014,2023-05-02,1,10,8487.69,145.99,UPI,Delivered,Maharashtra,Mumbai
ORD008403,CUST0199,PROD0026,2025-06-19,1,5,16947.04,825.97,Cash on Delivery,Delivered,Tamil Nadu,Coimbatore
ORD008404,CUST0218,PROD0032,2023-04-27,1,5,10905.06,795.57,Cash on Delivery,Delivered,West Bengal,Kolkata
ORD008405,CUST0441,PROD0013,2025-03-28,1,20,14610.54,-113.12,UPI,Cancelled,Gujarat,Ahmedabad
ORD008406,CUST0333,PROD0006,2024-06-04,4,0,47141.48,5192.12,Credit Card,Delivered,Maharashtra,Pune
ORD008407,CUST0034,PROD0018,2023-12-14,1,0,17902.05,2831.86,Debit Card,Cancelled,Maharashtra,Pune
ORD008408,CUST0405,PROD0027,2023-10-24,1,0,30380.21,7142.47,UPI,Delivered,Rajasthan,Jaipur
ORD008409,CUST0151,PROD0020,2024-11-09,1,0,19040.21,2570.31,Debit Card,Delivered,Gujarat,Surat
ORD008410,CUST0509,PROD0028,2024-06-02,2,20,12451.55,-1140.61,Credit Card,Cancelled,Gujarat,Surat
ORD008411,CUST0559,PROD0024,2024-08-15,2,5,53999.42,11695.2,Net Banking,Delivered,Uttar Pradesh,Kanpur
ORD008412,CUST0340,PROD0016,2024-08-31,1,20,19802.3,1007.74,UPI,Delivered,Madhya Pradesh,Indore
ORD008413,CUST0133,PROD0028,2024-01-08,1,0,7782.22,986.14,Net Banking,Delivered,Maharashtra,Pune
ORD008414,CUST0319,PROD0020,2023-11-04,3,30,39984.44,-9425.26,Net Banking,Delivered,Maharashtra,Pune
ORD008415,CUST0389,PROD0017,2025-02-26,1,10,21824.59,3756.23,Net Banking,Delivered,Kerala,Kochi
ORD008416,CUST0475,PROD0033,2023-02-02,5,0,87972.45,8550.85,Credit Card,Cancelled,Maharashtra,Pune
ORD008417,CUST0112,PROD0028,2023-09-24,1,30,5447.55,-1348.53,Cash on Delivery,Returned,Karnataka,Bangalore
ORD008418,CUST0204,PROD0016,2024-06-16,1,5,23515.23,4720.67,Cash on Delivery,Delivered,Maharashtra,Mumbai
ORD008419,CUST0042,PROD0015,2024-06-19,1,30,7921.98,-1014.93,Net Banking,Delivered,Assam,Guwahati
ORD008420,CUST0154,PROD0024,2025-04-12,2,0,56841.5,14537.28,Credit Card,Delivered,Telangana,Hyderabad
ORD008421,CUST0474,PROD0033,2023-02-22,1,10,15835.04,-49.28,Cash on Delivery,Delivered,Delhi,Delhi
ORD008422,CUST0381,PROD0031,2024-11-06,1,20,21619.48,-146.61,Debit Card,Delivered,Maharashtra,Mumbai
ORD008423,CUST0161,PROD0026,2023-05-05,2,30,24974.59,-7267.55,Cash on Delivery,Delivered,Rajasthan,Jaipur
ORD008424,CUST0067,PROD0003,2023-03-02,1,15,17714.12,-348.75,Net Banking,Delivered,Telangana,Hyderabad
ORD008425,CUST0065,PROD0035,2023-03-05,2,0,25086.08,3920.4,Cash on Delivery,Delivered,Rajasthan,Jaipur
ORD008426,CUST0118,PROD0001,2023-05-23,1,0,23098.13,5508.91,Credit Card,Delivered,Maharashtra,Nagpur
ORD008427,CUST0316,PROD0026,2024-05-07,1,20,14271.19,-1849.88,Debit Card,Delivered,Kerala,Kochi
ORD008428,CUST0461,PROD0001,2025-06-04,1,10,20788.32,3199.1,Cash on Delivery,Cancelled,Delhi,Delhi
ORD008429,CUST0112,PROD0032,2023-08-10,1,30,8035.31,-2074.18,Debit Card,Returned,Karnataka,Bangalore
ORD008430,CUST0094,PROD0017,2024-12-11,5,15,103060.55,12718.75,UPI,Delivered,Delhi,Delhi
ORD008431,CUST0257,PROD0003,2025-07-04,1,0,20840.14,2777.27,UPI,Delivered,Gujarat,Ahmedabad
ORD008432,CUST0314,PROD0021,2023-11-15,3,10,10052.67,1534.98,Cash on Delivery,Delivered,Chandigarh,Chandigarh
ORD008433,CUST0533,PROD0002,2024-01-24,2,5,40082.76,7432.2,UPI,Returned,Kerala,Kochi
ORD008434,CUST0044,PROD0027,2024-12-08,1,10,27342.19,4104.45,Net Banking,Delivered,Madhya Pradesh,Bhopal
ORD008435,CUST0556,PROD0015,2024-04-08,1,20,9053.7,116.79,UPI,Delivered,Bihar,Patna
ORD008436,CUST0110,PROD0001,2024-05-28,2,10,41576.63,6398.19,Debit Card,Cancelled,Gujarat,Ahmedabad
ORD008437,CUST0584,PROD0004,2024-05-09,4,10,47368.12,1883.56,Debit Card,Cancelled,Telangana,Hyderabad
ORD008438,CUST0060,PROD0032,2024-08-27,2,0,22958.02,2739.04,Cash on Delivery,Delivered,Telangana,Hyderabad
ORD008439,CUST0020,PROD0026,2024-01-09,1,5,16947.04,825.97,UPI,Delivered,Maharashtra,Nagpur
ORD008440,CUST0412,PROD0033,2023-05-26,1,20,14075.59,-1808.73,Net Banking,Delivered,Uttar Pradesh,Lucknow
ORD008441,CUST0440,PROD0034,2025-02-14,1,5,20486.96,1796.08,Net Banking,Delivered,Maharashtra,Pune
ORD008442,CUST0339,PROD0011,2025-02-06,1,5,3111.73,562.1,Net Banking,Delivered,Kerala,Kochi
ORD008443,CUST0082,PROD0007,2024-02-27,1,0,13618.92,2863.83,Net Banking,Cancelled,Kerala,Kochi
ORD008444,CUST0546,PROD0028,2023-04-19,1,15,6614.89,-181.19,UPI,Delivered,Madhya Pradesh,Bhopal
ORD008445,CUST0186,PROD0019,2025-05-08,1,30,11713.93,-2797.35,Cash on Delivery,Delivered,Telangana,Hyderabad
ORD008446,CUST0536,PROD0012,2023-09-03,1,15,21404.21,1081.74,UPI,Cancelled,Uttar Pradesh,Kanpur
ORD008447,CUST0472,PROD0034,2023-08-14,4,10,77634.79,2871.27,Credit Card,Delivered,Uttar Pradesh,Lucknow
ORD008448,CUST0552,PROD0013,2024-08-30,1,5,17350.02,2626.36,Credit Card,Delivered,Telangana,Hyderabad
ORD008449,CUST0356,PROD0025,2024-06-09,1,10,23111.47,2623.56,Net Banking,Returned,Gujarat,Ahmedabad
ORD008450,CUST0388,PROD0011,2023-02-19,3,0,9826.53,2177.64,UPI,Delivered,West Bengal,Kolkata
ORD008451,CUST0372,PROD0009,2025-03-05,1,0,25782.26,2696.08,UPI,Cancelled,Bihar,Patna
ORD008452,CUST0569,PROD0030,2023-08-01,1,5,8993.86,399.22,Debit Card,Delivered,West Bengal,Kolkata
ORD008453,CUST0042,PROD0021,2023-02-09,1,10,3350.89,511.66,Debit Card,Delivered,Assam,Guwahati
ORD008454,CUST0393,PROD0032,2023-07-26,1,0,11479.01,1369.52,Debit Card,Delivered,Tamil Nadu,Coimbatore
ORD008455,CUST0048,PROD0014,2023-08-08,5,10,42438.46,729.96,UPI,Delivered,Assam,Guwahati
ORD008456,CUST0071,PROD0021,2023-05-24,3,5,10611.15,2093.46,UPI,Delivered,Tamil Nadu,Chennai
ORD008457,CUST0277,PROD0035,2025-03-30,3,0,37629.12,5880.6,Net Banking,Delivered,Madhya Pradesh,Indore
ORD008458,CUST0194,PROD0017,2024-04-16,2,0,48499.08,12362.36,Cash on Delivery,Returned,Chandigarh,Chandigarh
ORD008459,CUST0027,PROD0028,2023-11-01,2,0,15564.44,1972.28,Credit Card,Delivered,Telangana,Hyderabad
ORD008460,CUST0392,PROD0030,2024-12-13,1,20,7573.78,-1020.86,Net Banking,Delivered,Tamil Nadu,Chennai
ORD008461,CUST0315,PROD0003,2024-09-23,2,5,39596.27,3470.53,Credit Card,Delivered,Rajasthan,Jaipur
ORD008462,CUST0481,PROD0003,2023-01-19,1,0,20840.14,2777.27,Cash on Delivery,Delivered,Delhi,Delhi
ORD008463,CUST0004,PROD0014,2024-12-22,2,0,18861.54,2178.14,Credit Card,Delivered,Kerala,Kochi
ORD008464,CUST0173,PROD0019,2024-04-08,1,5,15897.48,1386.2,Credit Card,Delivered,Delhi,Delhi
ORD008465,CUST0054,PROD0004,2024-09-22,1,5,12499.92,1128.78,Cash on Delivery,Delivered,Tamil Nadu,Chennai
ORD008466,CUST0193,PROD0031,2024-10-18,2,30,37834.09,-5698.09,Debit Card,Delivered,Rajasthan,Jaipur
ORD008467,CUST0101,PROD0021,2024-06-02,2,5,7074.1,1395.64,Debit Card,Returned,Madhya Pradesh,Indore
ORD008468,CUST0106,PROD0021,2023-02-07,1,10,3350.89,511.66,Credit Card,Cancelled,Telangana,Hyderabad
ORD008469,CUST0057,PROD0008,2024-07-09,1,20,8605.74,-845.64,UPI,Delivered,Bihar,Patna
ORD008470,CUST0169,PROD0019,2023-07-16,1,10,15060.77,549.49,Cash on Delivery,Delivered,Telangana,Hyderabad
ORD008471,CUST0511,PROD0030,2024-07-02,1,30,6627.05,-1967.59,Net Banking,Returned,Uttar Pradesh,Kanpur
ORD008472,CUST0476,PROD0028,2023-01-07,1,15,6614.89,-181.19,Net Banking,Returned,Gujarat,Surat
ORD008473,CUST0574,PROD0015,2024-10-23,1,30,7921.98,-1014.93,Cash on Delivery,Delivered,Kerala,Kochi
ORD008474,CUST0498,PROD0035,2024-07-01,1,5,11915.89,1333.05,Cash on Delivery,Returned,Madhya Pradesh,Indore
ORD008475,CUST0169,PROD0020,2023-12-13,3,10,51408.57,1998.87,UPI,Delivered,Telangana,Hyderabad
ORD008476,CUST0472,PROD0004,2025-04-26,1,15,11184.14,-187.0,Cash on Delivery,Delivered,Uttar Pradesh,Lucknow
ORD008477,CUST0503,PROD0019,2023-06-04,1,20,13387.35,-1123.93,Net Banking,Cancelled,Assam,Guwahati
ORD008478,CUST0333,PROD0006,2023-07-20,5,5,55980.51,3543.81,Debit Card,Cancelled,Maharashtra,Pune
ORD008479,CUST0580,PROD0026,2024-05-20,3,20,42813.58,-5549.63,Net Banking,Delivered,Delhi,Delhi
ORD008480,CUST0455,PROD0021,2025-05-12,1,20,2978.57,139.34,Credit Card,Delivered,Maharashtra,Pune
ORD008481,CUST0038,PROD0021,2024-12-02,1,0,3723.21,883.98,Net Banking,Delivered,Delhi,Delhi
ORD008482,CUST0496,PROD0015,2023-09-23,2,20,18107.39,233.57,Cash on Delivery,Delivered,Bihar,Patna
ORD008483,CUST0127,PROD0022,2024-06-07,1,20,9585.82,301.93,Debit Card,Delivered,Uttar Pradesh,Lucknow
ORD008484,CUST0464,PROD0024,2024-04-26,1,10,25578.68,4426.57,Net Banking,Delivered,Bihar,Patna
ORD008485,CUST0312,PROD0025,2023-05-31,2,15,43655.0,2679.18,Debit Card,Returned,Bihar,Patna
ORD008486,CUST0068,PROD0034,2023-07-09,5,10,97043.49,3589.09,Debit Card,Delivered,Gujarat,Surat
ORD008487,CUST0541,PROD0035,2024-07-26,3,15,31984.75,236.23,Debit Card,Delivered,Karnataka,Bangalore
ORD008488,CUST0436,PROD0017,2023-11-12,3,20,58198.9,3993.82,UPI,Delivered,Gujarat,Ahmedabad
ORD008489,CUST0464,PROD0008,2023-11-05,2,0,21514.36,2611.6,Debit Card,Delivered,Bihar,Patna
ORD008490,CUST0437,PROD0022,2023-09-03,1,5,11383.16,2099.27,UPI,Cancelled,Gujarat,Surat
ORD008491,CUST0094,PROD0027,2023-04-23,2,0,60760.42,14284.94,Cash on Delivery,Returned,Delhi,Delhi
ORD008492,CUST0243,PROD0033,2023-09-26,2,0,35188.98,3420.34,Cash on Delivery,Delivered,Bihar,Patna
ORD008493,CUST0308,PROD0028,2023-01-28,1,20,6225.78,-570.3,Net Banking,Delivered,Uttar Pradesh,Lucknow
ORD008494,CUST0109,PROD0032,2024-07-22,3,0,34437.03,4108.56,UPI,Cancelled,West Bengal,Kolkata
ORD008495,CUST0079,PROD0018,2024-09-05,2,5,34013.89,3873.51,Debit Card,Delivered,Madhya Pradesh,Bhopal
ORD008496,CUST0556,PROD0017,2024-04-27,1,0,24249.54,6181.18,Cash on Delivery,Returned,Bihar,Patna
ORD008497,CUST0213,PROD0011,2024-01-18,1,5,3111.73,562.1,Credit Card,Delivered,West Bengal,Kolkata
ORD008498,CUST0247,PROD0007,2023-06-24,2,0,27237.84,5727.66,Cash on Delivery,Delivered,Madhya Pradesh,Bhopal
ORD008499,CUST0344,PROD0035,2023-02-09,1,30,8780.13,-1802.71,UPI,Cancelled,West Bengal,Kolkata
ORD008500,CUST0090,PROD0027,2025-01-27,2,0,60760.42,14284.94,Net Banking,Delivered,Maharashtra,Pune
ORD008501,CUST0510,PROD0006,2024-11-30,1,0,11785.37,1298.03,UPI,Delivered,Maharashtra,Pune
ORD008502,CUST0448,PROD0017,2025-04-03,1,10,21824.59,3756.23,Credit Card,Delivered,Gujarat,Surat
ORD008503,CUST0599,PROD0035,2023-07-08,1,30,8780.13,-1802.71,UPI,Delivered,Bihar,Patna
ORD008504,CUST0345,PROD0034,2024-06-21,1,0,21565.22,2874.34,Credit Card,Returned,Kerala,Kochi
ORD008505,CUST0148,PROD0017,2024-12-04,1,5,23037.06,4968.7,Net Banking,Cancelled,Karnataka,Bangalore
ORD008506,CUST0164,PROD0013,2025-02-23,2,5,34700.04,5252.72,Debit Card,Delivered,Delhi,Delhi
ORD008507,CUST0371,PROD0017,2024-09-27,4,5,92148.25,19874.81,Net Banking,Returned,Chandigarh,Chandigarh
ORD008508,CUST0448,PROD0004,2025-04-15,1,30,9210.47,-2160.67,Net Banking,Delivered,Gujarat,Surat
ORD008509,CUST0545,PROD0023,2025-02-09,2,0,37534.66,8701.88,Net Banking,Delivered,Delhi,Delhi
ORD008510,CUST0346,PROD0010,2023-12-07,1,15,19878.72,-940.81,Net Banking,Cancelled,Tamil Nadu,Chennai
ORD008511,CUST0020,PROD0004,2023-02-21,1,0,13157.81,1786.67,UPI,Delivered,Maharashtra,Nagpur
ORD008512,CUST0293,PROD0020,2024-08-12,2,15,32368.36,-571.44,UPI,Delivered,West Bengal,Kolkata
ORD008513,CUST0539,PROD0001,2024-06-17,1,0,23098.13,5508.91,Net Banking,Delivered,Kerala,Kochi
ORD008514,CUST0069,PROD0021,2025-04-13,1,5,3537.05,697.82,UPI,Cancelled,Chandigarh,Chandigarh
ORD008515,CUST0309,PROD0035,2023-08-26,2,5,23831.78,2666.1,Net Banking,Delivered,Madhya Pradesh,Indore
ORD008516,CUST0519,PROD0022,2024-04-26,1,5,11383.16,2099.27,Net Banking,Cancelled,Tamil Nadu,Chennai
ORD008517,CUST0590,PROD0014,2023-10-19,1,10,8487.69,145.99,Cash on Delivery,Delivered,Madhya Pradesh,Indore
ORD008518,CUST0066,PROD0035,2023-07-23,1,0,12543.04,1960.2,Net Banking,Delivered,Tamil Nadu,Chennai
ORD008519,CUST0192,PROD0004,2023-06-20,1,0,13157.81,1786.67,Net Banking,Delivered,Rajasthan,Jaipur
ORD008520,CUST0218,PROD0004,2023-11-11,3,0,39473.43,5360.01,Net Banking,Returned,West Bengal,Kolkata
ORD008521,CUST0332,PROD0020,2024-04-15,1,0,19040.21,2570.31,UPI,Delivered,Madhya Pradesh,Indore
ORD008522,CUST0333,PROD0030,2024-11-09,4,20,30295.1,-4083.46,Credit Card,Returned,Maharashtra,Pune
ORD008523,CUST0324,PROD0002,2024-11-09,1,0,21096.19,4770.91,UPI,Delivered,Madhya Pradesh,Bhopal
ORD008524,CUST0271,PROD0007,2024-03-07,2,20,21790.27,280.09,Debit Card,Delivered,Maharashtra,Mumbai
ORD008525,CUST0472,PROD0004,2024-01-04,1,5,12499.92,1128.78,UPI,Delivered,Uttar Pradesh,Lucknow
ORD008526,CUST0341,PROD0009,2024-12-11,2,20,41251.62,-4920.74,UPI,Cancelled,Kerala,Kochi
ORD008527,CUST0351,PROD0015,2025-05-17,4,5,43005.06,7257.42,Net Banking,Delivered,Gujarat,Surat
ORD008528,CUST0559,PROD0030,2024-03-28,4,20,30295.1,-4083.46,UPI,Cancelled,Uttar Pradesh,Kanpur
ORD008529,CUST0069,PROD0031,2024-07-16,1,5,25673.13,3907.04,Debit Card,Delivered,Chandigarh,Chandigarh
ORD008530,CUST0309,PROD0006,2025-01-18,2,5,22392.2,1417.52,UPI,Delivered,Madhya Pradesh,Indore
ORD008531,CUST0172,PROD0007,2024-09-20,2,30,19066.49,-2443.69,Net Banking,Delivered,Gujarat,Ahmedabad
ORD008532,CUST0115,PROD0014,2025-06-02,1,5,8959.23,617.53,Debit Card,Delivered,Karnataka,Bangalore
ORD008533,CUST0367,PROD0028,2023-03-15,4,5,29572.44,2388.12,Net Banking,Delivered,Karnataka,Bangalore
ORD008534,CUST0329,PROD0027,2023-04-12,2,15,51646.36,5170.88,Net Banking,Returned,Rajasthan,Jaipur
ORD008535,CUST0462,PROD0021,2023-01-01,3,0,11169.63,2651.94,Net Banking,Delivered,Assam,Guwahati
ORD008536,CUST0171,PROD0035,2023-01-30,1,5,11915.89,1333.05,Cash on Delivery,Delivered,Uttar Pradesh,Kanpur
ORD008537,CUST0584,PROD0034,2023-02-17,1,5,20486.96,1796.08,Debit Card,Returned,Telangana,Hyderabad
ORD008538,CUST0086,PROD0021,2023-01-11,1,10,3350.89,511.66,Credit Card,Cancelled,West Bengal,Kolkata
ORD008539,CUST0344,PROD0026,2023-09-16,3,0,53516.97,5153.76,Debit Card,Cancelled,West Bengal,Kolkata
ORD008540,CUST0255,PROD0017,2023-01-01,1,5,23037.06,4968.7,Debit Card,Delivered,Karnataka,Bangalore
ORD008541,CUST0070,PROD0018,2024-02-24,2,0,35804.1,5663.72,Unknown,Delivered,Gujarat,Ahmedabad
ORD008542,CUST0319,PROD0001,2024-11-17,2,5,43886.45,8708.01,UPI,Cancelled,Maharashtra,Pune
ORD008543,CUST0023,PROD0015,2025-06-24,2,0,22634.24,4760.42,Cash on Delivery,Delivered,Uttar Pradesh,Kanpur
ORD008544,CUST0367,PROD0016,2023-04-02,3,5,70545.68,14162.0,Net Banking,Returned,Karnataka,Bangalore
ORD008545,CUST0246,PROD0018,2023-12-13,3,0,53706.15,8495.58,UPI,Returned,Tamil Nadu,Chennai
ORD008546,CUST0376,PROD0014,2024-08-31,1,10,8487.69,145.99,Cash on Delivery,Delivered,Telangana,Hyderabad
ORD008547,CUST0142,PROD0009,2025-07-03,1,0,25782.26,2696.08,Debit Card,Delivered,Gujarat,Surat
ORD008548,CUST0591,PROD0019,2024-11-29,3,5,47692.44,4158.6,Cash on Delivery,Returned,Madhya Pradesh,Bhopal
ORD008549,CUST0078,PROD0026,2023-12-18,4,30,49949.17,-14535.11,Credit Card,Cancelled,Karnataka,Bangalore
ORD008550,CUST0071,PROD0029,2023-09-21,1,30,14513.61,-3098.45,UPI,Returned,Tamil Nadu,Chennai
ORD008551,CUST0019,PROD0017,2024-09-07,1,20,19399.63,1331.27,UPI,Delivered,Kerala,Kochi
ORD008552,CUST0370,PROD0017,2023-10-08,3,15,61836.33,7631.25,Net Banking,Delivered,Tamil Nadu,Coimbatore
ORD008553,CUST0169,PROD0031,2023-02-02,2,15,45941.4,2409.22,Debit Card,Delivered,Telangana,Hyderabad
ORD008554,CUST0549,PROD0012,2023-04-24,1,15,21404.21,1081.74,Unknown,Returned,Uttar Pradesh,Kanpur
ORD008555,CUST0188,PROD0004,2023-05-14,3,10,35526.09,1412.67,Cash on Delivery,Cancelled,Maharashtra,Pune
ORD008556,CUST0450,PROD0021,2024-03-06,1,0,3723.21,883.98,Cash on Delivery,Delivered,Madhya Pradesh,Bhopal
ORD008557,CUST0257,PROD0029,2025-05-28,3,0,62201.19,9365.01,Debit Card,Delivered,Gujarat,Ahmedabad
ORD008558,CUST0047,PROD0021,2025-07-15,3,0,11169.63,2651.94,UPI,Delivered,Kerala,Kochi
ORD008559,CUST0286,PROD0030,2025-05-11,5,0,47336.1,4362.9,Cash on Delivery,Cancelled,Uttar Pradesh,Kanpur
ORD008560,CUST0093,PROD0004,2023-04-24,1,0,13157.81,1786.67,Credit Card,Delivered,Maharashtra,Pune
ORD008561,CUST0302,PROD0011,2024-08-22,2,0,6551.02,1451.76,UPI,Delivered,Maharashtra,Pune
ORD008562,CUST0234,PROD0033,2025-06-16,1,20,14075.59,-1808.73,Cash on Delivery,Returned,Maharashtra,Pune
ORD008563,CUST0526,PROD0033,2025-01-16,1,0,17594.49,1710.17,UPI,Delivered,Uttar Pradesh,Lucknow
ORD008564,CUST0079,PROD0025,2025-04-09,1,0,25679.41,5191.5,Cash on Delivery,Delivered,Madhya Pradesh,Bhopal
ORD008565,CUST0267,PROD0009,2025-05-27,1,0,25782.26,2696.08,Net Banking,Returned,Madhya Pradesh,Indore
ORD008566,CUST0570,PROD0018,2023-06-14,4,0,71608.2,11327.44,Debit Card,Delivered,Maharashtra,Pune
ORD008567,CUST0565,PROD0009,2023-04-17,1,0,25782.26,2696.08,UPI,Returned,Delhi,Delhi
ORD008568,CUST0415,PROD0010,2024-11-13,2,20,37418.77,-4220.29,Debit Card,Delivered,Madhya Pradesh,Bhopal
ORD008569,CUST0162,PROD0008,2024-03-04,1,0,10757.18,1305.8,Credit Card,Delivered,Delhi,Delhi
ORD008570,CUST0094,PROD0013,2025-04-15,4,0,73052.72,14158.08,Cash on Delivery,Delivered,Delhi,Delhi
ORD008571,CUST0466,PROD0024,2024-10-16,1,0,28420.75,7268.64,Credit Card,Cancelled,Gujarat,Ahmedabad
ORD008572,CUST0573,PROD0022,2023-09-15,1,10,10784.04,1500.15,Debit Card,Returned,Gujarat,Ahmedabad
ORD008573,CUST0088,PROD0024,2023-01-22,1,15,24157.64,3005.53,UPI,Delivered,Uttar Pradesh,Kanpur
ORD008574,CUST0045,PROD0027,2024-06-14,1,5,28861.2,5623.46,Credit Card,Returned,Bihar,Patna
ORD008575,CUST0376,PROD0021,2023-03-01,2,20,5957.14,278.68,Debit Card,Delivered,Telangana,Hyderabad
ORD008576,CUST0203,PROD0032,2024-10-13,3,5,32715.18,2386.71,Cash on Delivery,Delivered,Delhi,Delhi
ORD008577,CUST0198,PROD0014,2023-07-22,1,20,7544.62,-797.08,Net Banking,Delivered,Rajasthan,Jaipur
ORD008578,CUST0110,PROD0033,2024-01-10,2,15,29910.63,-1858.01,UPI,Cancelled,Gujarat,Ahmedabad
ORD008579,CUST0374,PROD0011,2023-12-22,1,0,3275.51,725.88,Credit Card,Delivered,Gujarat,Surat
ORD008580,CUST0039,PROD0007,2023-02-05,1,5,12937.97,2182.88,Net Banking,Cancelled,Delhi,Delhi
ORD008581,CUST0510,PROD0027,2024-02-12,2,20,48608.34,2132.86,Debit Card,Cancelled,Maharashtra,Pune
ORD008582,CUST0280,PROD0017,2024-03-14,3,0,72748.62,18543.54,Net Banking,Cancelled,West Bengal,Kolkata
ORD008583,CUST0212,PROD0024,2023-06-14,1,10,25578.68,4426.57,UPI,Delivered,Gujarat,Surat
ORD008584,CUST0492,PROD0009,2023-01-13,3,15,65744.76,-3513.78,Cash on Delivery,Cancelled,Bihar,Patna
ORD008585,CUST0572,PROD0019,2025-04-25,1,10,15060.77,549.49,Debit Card,Returned,Tamil Nadu,Coimbatore
ORD008586,CUST0131,PROD0017,2024-09-10,2,5,46074.13,9937.41,Debit Card,Delivered,Tamil Nadu,Chennai
ORD008587,CUST0448,PROD0007,2025-06-22,1,10,12257.03,1501.94,Credit Card,Delivered,Gujarat,Surat
ORD008588,CUST0538,PROD0025,2025-04-05,4,0,102717.64,20766.0,Cash on Delivery,Delivered,Tamil Nadu,Coimbatore
ORD008589,CUST0354,PROD0030,2024-10-30,4,0,37868.88,3490.32,Cash on Delivery,Delivered,Delhi,Delhi
ORD008590,CUST0208,PROD0008,2024-11-08,2,15,18287.21,-615.55,Debit Card,Delivered,Uttar Pradesh,Lucknow
ORD008591,CUST0225,PROD0026,2023-07-10,3,5,50841.12,2477.91,UPI,Delivered,Tamil Nadu,Coimbatore
ORD008592,CUST0030,PROD0031,2023-09-09,1,10,24321.92,2555.83,Unknown,Returned,Uttar Pradesh,Kanpur
ORD008593,CUST0590,PROD0023,2024-09-24,1,15,15952.23,1535.84,Net Banking,Delivered,Madhya Pradesh,Indore
ORD008594,CUST0271,PROD0014,2025-06-26,2,5,17918.46,1235.06,Net Banking,Delivered,Maharashtra,Mumbai
ORD008595,CUST0325,PROD0005,2023-06-27,1,5,9881.51,1309.06,Debit Card,Delivered,Tamil Nadu,Chennai
ORD008596,CUST0389,PROD0032,2024-10-11,1,10,10331.11,221.62,Credit Card,Delivered,Kerala,Kochi
ORD008597,CUST0432,PROD0014,2025-02-02,1,0,9430.77,1089.07,Cash on Delivery,Delivered,Maharashtra,Mumbai
ORD008598,CUST0043,PROD0033,2025-07-27,3,0,52783.47,5130.51,Net Banking,Cancelled,Uttar Pradesh,Lucknow
ORD008599,CUST0257,PROD0033,2023-02-11,2,0,35188.98,3420.34,Debit Card,Delivered,Gujarat,Ahmedabad
ORD008600,CUST0483,PROD0022,2024-06-14,3,20,28757.45,905.78,Debit Card,Cancelled,Uttar Pradesh,Kanpur
ORD008601,CUST0430,PROD0025,2025-03-18,1,0,25679.41,5191.5,Net Banking,Returned,Tamil Nadu,Coimbatore
ORD008602,CUST0596,PROD0018,2024-06-10,1,0,17902.05,2831.86,UPI,Returned,Assam,Guwahati
ORD008603,CUST0565,PROD0025,2024-10-24,1,0,25679.41,5191.5,Cash on Delivery,Returned,Delhi,Delhi
ORD008604,CUST0094,PROD0004,2025-01-16,1,5,12499.92,1128.78,UPI,Delivered,Delhi,Delhi
ORD008605,CUST0162,PROD0010,2024-11-05,1,0,23386.73,2567.2,Debit Card,Delivered,Delhi,Delhi
ORD008606,CUST0165,PROD0032,2024-11-30,4,20,36732.83,-3705.13,Net Banking,Delivered,Gujarat,Ahmedabad
ORD008607,CUST0417,PROD0024,2023-09-27,1,10,25578.68,4426.57,Net Banking,Delivered,Kerala,Kochi
ORD008608,CUST0132,PROD0008,2023-03-25,1,15,9143.6,-307.78,Net Banking,Delivered,Karnataka,Bangalore
ORD008609,CUST0509,PROD0004,2023-12-12,1,5,12499.92,1128.78,Credit Card,Delivered,Gujarat,Surat
ORD008610,CUST0182,PROD0013,2025-02-12,3,20,43831.63,-339.35,UPI,Delivered,Maharashtra,Mumbai
ORD008611,CUST0212,PROD0031,2024-05-28,2,0,54048.7,10516.52,Net Banking,Delivered,Gujarat,Surat
ORD008612,CUST0326,PROD0032,2023-12-18,4,10,41324.44,886.48,UPI,Delivered,Uttar Pradesh,Kanpur
ORD008613,CUST0305,PROD0028,2025-04-29,1,30,5447.55,-1348.53,Cash on Delivery,Delivered,Assam,Guwahati
ORD008614,CUST0329,PROD0016,2024-11-15,1,0,24752.87,5958.31,Cash on Delivery,Delivered,Rajasthan,Jaipur
ORD008615,CUST0009,PROD0025,2024-05-24,5,20,102717.64,278.09,Net Banking,Delivered,Kerala,Kochi
ORD008616,CUST0584,PROD0017,2023-10-30,3,30,50924.03,-3281.05,Cash on Delivery,Delivered,Telangana,Hyderabad
ORD008617,CUST0404,PROD0026,2024-08-25,4,10,64220.36,-263.92,Debit Card,Delivered,Maharashtra,Mumbai
ORD008618,CUST0035,PROD0027,2024-01-19,2,20,48608.34,2132.86,Net Banking,Delivered,Maharashtra,Nagpur
ORD008619,CUST0227,PROD0027,2024-06-30,1,0,30380.21,7142.47,Debit Card,Cancelled,Maharashtra,Pune
ORD008620,CUST0513,PROD0017,2023-12-17,2,0,48499.08,12362.36,Cash on Delivery,Returned,Gujarat,Ahmedabad
ORD008621,CUST0521,PROD0002,2025-07-15,1,5,20041.38,3716.1,UPI,Returned,Uttar Pradesh,Kanpur
ORD008622,CUST0272,PROD0017,2024-12-23,1,0,24249.54,6181.18,Debit Card,Delivered,Maharashtra,Nagpur
ORD008623,CUST0022,PROD0031,2023-05-20,4,10,97287.66,10223.3,Debit Card,Cancelled,Tamil Nadu,Coimbatore
ORD008624,CUST0093,PROD0013,2024-09-25,2,0,36526.36,7079.04,Cash on Delivery,Returned,Maharashtra,Pune
ORD008625,CUST0446,PROD0030,2025-04-17,1,0,9467.22,872.58,Cash on Delivery,Delivered,Chandigarh,Chandigarh
ORD008626,CUST0544,PROD0029,2024-09-28,1,0,20733.73,3121.67,Credit Card,Cancelled,Telangana,Hyderabad
ORD008627,CUST0548,PROD0024,2024-01-20,3,10,76736.03,13279.7,UPI,Delivered,Gujarat,Ahmedabad
ORD008628,CUST0134,PROD0033,2025-06-24,1,30,12316.14,-3568.18,Cash on Delivery,Cancelled,Assam,Guwahati
ORD008629,CUST0181,PROD0006,2023-03-23,1,10,10606.83,119.49,UPI,Delivered,Tamil Nadu,Chennai
ORD008630,CUST0327,PROD0015,2023-08-27,1,0,11317.12,2380.21,Credit Card,Cancelled,Uttar Pradesh,Lucknow
ORD008631,CUST0202,PROD0020,2023-05-10,2,0,38080.42,5140.62,Credit Card,Delivered,Assam,Guwahati
ORD008632,CUST0413,PROD0005,2025-05-21,1,0,10401.59,1829.14,UPI,Delivered,Telangana,Hyderabad
ORD008633,CUST0512,PROD0031,2024-08-31,1,10,24321.92,2555.83,Credit Card,Returned,West Bengal,Kolkata
ORD008634,CUST0340,PROD0024,2024-02-29,2,20,45473.2,3168.98,Credit Card,Delivered,Madhya Pradesh,Indore
ORD008635,CUST0222,PROD0021,2024-05-22,1,0,3723.21,883.98,Credit Card,Delivered,Chandigarh,Chandigarh
ORD008636,CUST0401,PROD0015,2024-10-02,1,10,10185.41,1248.5,Credit Card,Cancelled,Tamil Nadu,Coimbatore
ORD008637,CUST0346,PROD0023,2025-04-18,4,30,52548.52,-5117.04,Cash on Delivery,Delivered,Tamil Nadu,Chennai
ORD008638,CUST0413,PROD0002,2023-11-20,1,0,21096.19,4770.91,Debit Card,Delivered,Telangana,Hyderabad
ORD008639,CUST0430,PROD0006,2025-05-15,4,5,44784.41,2835.05,Net Banking,Delivered,Tamil Nadu,Coimbatore
ORD008640,CUST0193,PROD0014,2025-07-14,2,5,17918.46,1235.06,Debit Card,Delivered,Rajasthan,Jaipur
ORD008641,CUST0219,PROD0027,2023-05-17,3,15,77469.54,7756.32,UPI,Returned,Assam,Guwahati
ORD008642,CUST0395,PROD0019,2023-11-18,1,0,16734.19,2222.91,UPI,Returned,Bihar,Patna
ORD008643,CUST0549,PROD0015,2024-08-19,1,0,11317.12,2380.21,Net Banking,Delivered,Uttar Pradesh,Kanpur
ORD008644,CUST0402,PROD0007,2024-12-02,1,0,13618.92,2863.83,Net Banking,Returned,Karnataka,Bangalore
ORD008645,CUST0022,PROD0014,2025-03-12,1,15,8016.15,-325.55,Net Banking,Delivered,Tamil Nadu,Coimbatore
ORD008646,CUST0450,PROD0014,2024-06-24,2,0,18861.54,2178.14,Credit Card,Returned,Madhya Pradesh,Bhopal
ORD008647,CUST0031,PROD0008,2025-07-09,2,5,20438.64,1535.88,Net Banking,Delivered,Rajasthan,Jaipur
ORD008648,CUST0328,PROD0032,2025-01-16,1,5,10905.06,795.57,Debit Card,Returned,Tamil Nadu,Coimbatore
ORD008649,CUST0368,PROD0034,2025-02-15,1,10,19408.7,717.82,Net Banking,Cancelled,Telangana,Hyderabad
ORD008650,CUST0302,PROD0018,2024-01-09,1,20,14321.64,-748.55,Cash on Delivery,Delivered,Maharashtra,Pune
ORD008651,CUST0317,PROD0025,2025-02-14,2,0,51358.82,10383.0,Net Banking,Cancelled,Bihar,Patna
ORD008652,CUST0349,PROD0008,2025-04-09,2,0,21514.36,2611.6,Net Banking,Delivered,Chandigarh,Chandigarh
ORD008653,CUST0238,PROD0003,2025-07-22,3,0,62520.42,8331.81,Cash on Delivery,Cancelled,Chandigarh,Chandigarh
ORD008654,CUST0517,PROD0019,2024-05-27,2,0,33468.38,4445.82,Debit Card,Delivered,Karnataka,Bangalore
ORD008655,CUST0262,PROD0030,2024-05-04,3,5,26981.58,1197.66,Credit Card,Returned,Assam,Guwahati
ORD008656,CUST0026,PROD0028,2024-06-26,1,0,7782.22,986.14,Net Banking,Delivered,Karnataka,Bangalore
ORD008657,CUST0245,PROD0019,2023-08-28,2,5,31794.96,2772.4,Cash on Delivery,Delivered,Kerala,Kochi
ORD008658,CUST0205,PROD0016,2024-06-02,4,15,84159.76,8981.52,Cash on Delivery,Delivered,Kerala,Kochi
ORD008659,CUST0310,PROD0030,2025-06-06,1,5,8993.86,399.22,UPI,Cancelled,Telangana,Hyderabad
ORD008660,CUST0600,PROD0017,2024-11-27,4,0,96998.16,24724.72,Credit Card,Cancelled,Madhya Pradesh,Indore
ORD008661,CUST0217,PROD0034,2024-10-06,3,5,61460.88,5388.24,Credit Card,Delivered,Maharashtra,Mumbai
ORD008662,CUST0151,PROD0001,2025-01-12,2,10,41576.63,6398.19,Credit Card,Returned,Gujarat,Surat
ORD008663,CUST0536,PROD0027,2024-04-05,1,5,28861.2,5623.46,Credit Card,Delivered,Uttar Pradesh,Kanpur
ORD008664,CUST0363,PROD0021,2023-11-03,4,0,14892.84,3535.92,Credit Card,Delivered,Karnataka,Bangalore
ORD008665,CUST0095,PROD0026,2025-02-26,1,5,16947.04,825.97,UPI,Delivered,Delhi,Delhi
ORD008666,CUST0326,PROD0018,2023-12-18,5,10,80559.23,5208.28,Credit Card,Delivered,Uttar Pradesh,Kanpur
ORD008667,CUST0167,PROD0031,2025-06-01,1,5,25673.13,3907.04,Cash on Delivery,Delivered,Bihar,Patna
ORD008668,CUST0291,PROD0031,2024-05-07,5,5,128365.66,19535.21,UPI,Delivered,Maharashtra,Pune
ORD008669,CUST0531,PROD0028,2025-02-10,4,15,26459.55,-724.77,Cash on Delivery,Delivered,Kerala,Kochi
ORD008670,CUST0456,PROD0012,2023-07-26,1,15,21404.21,1081.74,Net Banking,Delivered,Maharashtra,Pune
ORD008671,CUST0192,PROD0030,2023-11-27,2,10,17041.0,-148.28,Debit Card,Returned,Rajasthan,Jaipur
ORD008672,CUST0093,PROD0012,2024-01-20,3,5,71767.05,10799.64,Cash on Delivery,Delivered,Maharashtra,Pune
ORD008673,CUST0522,PROD0019,2024-12-08,2,0,33468.38,4445.82,Debit Card,Delivered,Rajasthan,Jaipur
ORD008674,CUST0162,PROD0035,2023-04-11,1,10,11288.74,705.9,Net Banking,Delivered,Delhi,Delhi
ORD008675,CUST0189,PROD0013,2024-08-26,2,0,36526.36,7079.04,Cash on Delivery,Delivered,Bihar,Patna
ORD008676,CUST0530,PROD0003,2024-03-03,1,30,14588.1,-3474.77,Credit Card,Delivered,Maharashtra,Nagpur
ORD008677,CUST0040,PROD0027,2025-02-24,1,0,30380.21,7142.47,Debit Card,Delivered,Maharashtra,Nagpur
ORD008678,CUST0017,PROD0032,2025-04-23,5,0,57395.05,6847.6,Debit Card,Delivered,Uttar Pradesh,Kanpur
ORD008679,CUST0445,PROD0014,2023-06-27,1,0,9430.77,1089.07,UPI,Delivered,Madhya Pradesh,Indore
ORD008680,CUST0014,PROD0031,2023-01-01,5,5,128365.66,19535.21,Debit Card,Delivered,West Bengal,Kolkata
ORD008681,CUST0400,PROD0001,2025-01-17,1,0,23098.13,5508.91,Credit Card,Delivered,Madhya Pradesh,Indore
ORD008682,CUST0155,PROD0033,2024-04-20,1,0,17594.49,1710.17,Cash on Delivery,Returned,Gujarat,Ahmedabad
ORD008683,CUST0357,PROD0014,2023-04-12,1,30,6601.54,-1740.16,UPI,Delivered,Madhya Pradesh,Bhopal
ORD008684,CUST0424,PROD0027,2023-05-16,3,5,86583.6,16870.38,UPI,Returned,Uttar Pradesh,Kanpur
ORD008685,CUST0264,PROD0024,2023-03-10,1,0,28420.75,7268.64,Debit Card,Cancelled,Assam,Guwahati
ORD008686,CUST0100,PROD0033,2025-06-14,1,0,17594.49,1710.17,Credit Card,Delivered,Maharashtra,Pune
ORD008687,CUST0343,PROD0016,2023-08-16,4,15,84159.76,8981.52,Cash on Delivery,Returned,Rajasthan,Jaipur
ORD008688,CUST0387,PROD0027,2024-01-18,1,20,24304.17,1066.43,Net Banking,Delivered,Assam,Guwahati
ORD008689,CUST0461,PROD0004,2025-02-16,2,0,26315.62,3573.34,Cash on Delivery,Delivered,Delhi,Delhi
ORD008690,CUST0445,PROD0031,2024-05-25,2,0,54048.7,10516.52,Credit Card,Delivered,Madhya Pradesh,Indore
ORD008691,CUST0229,PROD0006,2023-04-01,1,5,11196.1,708.76,Net Banking,Delivered,Maharashtra,Pune
ORD008692,CUST0050,PROD0004,2025-02-06,1,30,9210.47,-2160.67,Cash on Delivery,Cancelled,Maharashtra,Pune
ORD008693,CUST0219,PROD0012,2023-01-23,5,10,113316.39,11704.04,UPI,Delivered,Assam,Guwahati
ORD008694,CUST0381,PROD0033,2023-01-30,1,0,17594.49,1710.17,UPI,Cancelled,Maharashtra,Mumbai
ORD008695,CUST0337,PROD0020,2023-04-25,1,0,19040.21,2570.31,Debit Card,Returned,Maharashtra,Pune
ORD008696,CUST0580,PROD0028,2023-06-24,2,15,13229.77,-362.39,Cash on Delivery,Delivered,Delhi,Delhi
ORD008697,CUST0122,PROD0016,2025-01-01,2,0,49505.74,11916.62,Net Banking,Delivered,Kerala,Kochi
ORD008698,CUST0511,PROD0008,2023-03-09,1,0,10757.18,1305.8,Cash on Delivery,Cancelled,Uttar Pradesh,Kanpur
ORD008699,CUST0051,PROD0017,2023-08-27,1,30,16974.68,-1093.68,Credit Card,Delivered,Gujarat,Ahmedabad
ORD008700,CUST0303,PROD0034,2025-06-14,1,30,15095.65,-3595.23,UPI,Delivered,Gujarat,Surat
ORD008701,CUST0414,PROD0001,2024-02-02,1,20,18478.5,889.28,Net Banking,Returned,Uttar Pradesh,Lucknow
ORD008702,CUST0578,PROD0016,2023-12-03,1,20,19802.3,1007.74,Debit Card,Returned,Maharashtra,Pune
ORD008703,CUST0454,PROD0019,2024-01-15,1,0,16734.19,2222.91,UPI,Delivered,Uttar Pradesh,Lucknow
ORD008704,CUST0319,PROD0020,2024-10-19,2,0,38080.42,5140.62,UPI,Delivered,Maharashtra,Pune
ORD008705,CUST0451,PROD0017,2023-10-10,1,5,23037.06,4968.7,Debit Card,Delivered,Bihar,Patna
ORD008706,CUST0234,PROD0023,2024-01-01,3,0,56301.99,13052.82,UPI,Delivered,Maharashtra,Pune
ORD008707,CUST0207,PROD0025,2023-07-16,1,5,24395.44,3907.53,UPI,Delivered,Karnataka,Bangalore
ORD008708,CUST0319,PROD0020,2024-02-08,1,0,19040.21,2570.31,Net Banking,Delivered,Maharashtra,Pune
ORD008709,CUST0529,PROD0024,2024-07-09,1,15,24157.64,3005.53,Net Banking,Delivered,Maharashtra,Pune
ORD008710,CUST0042,PROD0011,2024-03-26,1,0,3275.51,725.88,Credit Card,Delivered,Assam,Guwahati
ORD008711,CUST0150,PROD0010,2024-08-02,1,5,22217.39,1397.86,Debit Card,Delivered,Bihar,Patna
ORD008712,CUST0569,PROD0002,2023-02-09,1,0,21096.19,4770.91,Debit Card,Delivered,West Bengal,Kolkata
ORD008713,CUST0439,PROD0026,2024-04-07,1,0,17838.99,1717.92,Net Banking,Delivered,Madhya Pradesh,Bhopal
ORD008714,CUST0479,PROD0016,2023-01-30,1,0,24752.87,5958.31,Credit Card,Delivered,Telangana,Hyderabad
ORD008715,CUST0337,PROD0022,2023-10-29,1,20,9585.82,301.93,UPI,Returned,Maharashtra,Pune
ORD008716,CUST0265,PROD0004,2023-01-30,1,10,11842.03,470.89,UPI,Delivered,Maharashtra,Mumbai
ORD008717,CUST0044,PROD0017,2024-10-21,1,30,16974.68,-1093.68,Net Banking,Returned,Madhya Pradesh,Bhopal
ORD008718,CUST0209,PROD0010,2025-03-22,1,0,23386.73,2567.2,UPI,Cancelled,Telangana,Hyderabad
ORD008719,CUST0352,PROD0028,2023-12-28,1,30,5447.55,-1348.53,Credit Card,Delivered,Tamil Nadu,Chennai
ORD008720,CUST0495,PROD0013,2024-05-22,1,5,17350.02,2626.36,Net Banking,Delivered,Kerala,Kochi
ORD008721,CUST0585,PROD0007,2023-04-03,3,5,38813.92,6548.65,Credit Card,Delivered,Maharashtra,Pune
ORD008722,CUST0354,PROD0018,2024-10-10,1,15,15216.74,146.55,Credit Card,Cancelled,Delhi,Delhi
ORD008723,CUST0429,PROD0031,2024-08-07,2,20,43238.96,-293.22,Debit Card,Delivered,Madhya Pradesh,Bhopal
ORD008724,CUST0385,PROD0026,2023-11-27,1,0,17838.99,1717.92,Debit Card,Cancelled,Bihar,Patna
ORD008725,CUST0270,PROD0024,2025-07-04,5,20,113683.0,7922.45,Debit Card,Delivered,Rajasthan,Jaipur
ORD008726,CUST0360,PROD0018,2024-04-06,1,0,17902.05,2831.86,Cash on Delivery,Delivered,Uttar Pradesh,Lucknow
ORD008727,CUST0180,PROD0029,2023-01-26,1,0,20733.73,3121.67,Cash on Delivery,Delivered,Maharashtra,Pune
ORD008728,CUST0022,PROD0020,2023-02-06,1,0,19040.21,2570.31,Net Banking,Delivered,Tamil Nadu,Coimbatore
ORD008729,CUST0164,PROD0019,2024-04-04,2,5,31794.96,2772.4,Debit Card,Cancelled,Delhi,Delhi
ORD008730,CUST0183,PROD0035,2025-05-03,2,10,22577.47,1411.79,UPI,Returned,Uttar Pradesh,Lucknow
ORD008731,CUST0461,PROD0021,2024-03-23,2,0,7446.42,1767.96,Debit Card,Delivered,Delhi,Delhi
ORD008732,CUST0017,PROD0032,2024-05-27,1,15,9757.16,-352.33,Debit Card,Delivered,Uttar Pradesh,Kanpur
ORD008733,CUST0105,PROD0022,2023-03-20,2,5,22766.31,4198.53,Debit Card,Delivered,Delhi,Delhi
ORD008734,CUST0524,PROD0023,2024-11-13,1,10,16890.6,2474.21,Debit Card,Delivered,Madhya Pradesh,Bhopal
ORD008735,CUST0535,PROD0020,2024-11-05,1,0,19040.21,2570.31,Credit Card,Delivered,Rajasthan,Jaipur
ORD008736,CUST0389,PROD0014,2025-05-18,5,0,47153.85,5445.35,UPI,Delivered,Kerala,Kochi
ORD008737,CUST0280,PROD0025,2024-03-04,1,10,23111.47,2623.56,Debit Card,Delivered,West Bengal,Kolkata
ORD008738,CUST0246,PROD0004,2024-12-06,1,10,11842.03,470.89,UPI,Delivered,Tamil Nadu,Chennai
ORD008739,CUST0078,PROD0024,2023-08-16,2,5,53999.42,11695.2,UPI,Delivered,Karnataka,Bangalore
ORD008740,CUST0211,PROD0028,2025-07-15,1,30,5447.55,-1348.53,Net Banking,Delivered,Madhya Pradesh,Indore
ORD008741,CUST0481,PROD0033,2023-02-02,4,0,70377.96,6840.68,Credit Card,Returned,Delhi,Delhi
ORD008742,CUST0162,PROD0009,2023-10-19,1,5,24493.15,1406.97,Debit Card,Returned,Delhi,Delhi
ORD008743,CUST0243,PROD0010,2025-01-02,1,0,23386.73,2567.2,Debit Card,Delivered,Bihar,Patna
ORD008744,CUST0597,PROD0029,2025-03-16,2,20,33173.97,-2050.15,Cash on Delivery,Delivered,Uttar Pradesh,Lucknow
ORD008745,CUST0569,PROD0017,2023-07-23,3,15,61836.33,7631.25,Credit Card,Delivered,West Bengal,Kolkata
ORD008746,CUST0282,PROD0008,2024-01-22,4,10,38725.85,920.33,Net Banking,Cancelled,Maharashtra,Nagpur
ORD008747,CUST0356,PROD0034,2023-01-10,1,10,19408.7,717.82,Debit Card,Cancelled,Gujarat,Ahmedabad
ORD008748,CUST0408,PROD0026,2023-05-01,1,0,17838.99,1717.92,Cash on Delivery,Delivered,Tamil Nadu,Chennai
ORD008749,CUST0124,PROD0007,2025-03-23,1,0,13618.92,2863.83,UPI,Cancelled,Gujarat,Surat
ORD008750,CUST0030,PROD0018,2025-01-05,1,10,16111.84,1041.65,Cash on Delivery,Returned,Uttar Pradesh,Kanpur
ORD008751,CUST0121,PROD0013,2025-05-31,1,15,15523.7,800.04,UPI,Delivered,Bihar,Patna
ORD008752,CUST0478,PROD0017,2024-02-23,2,10,43649.17,7512.45,UPI,Cancelled,Telangana,Hyderabad
ORD008753,CUST0359,PROD0013,2024-04-17,2,10,32873.72,3426.4,Credit Card,Cancelled,Madhya Pradesh,Bhopal
ORD008754,CUST0164,PROD0015,2024-03-12,1,10,10185.41,1248.5,Cash on Delivery,Delivered,Delhi,Delhi
ORD008755,CUST0356,PROD0023,2024-10-18,1,20,15013.86,597.47,Net Banking,Delivered,Gujarat,Ahmedabad
ORD008756,CUST0515,PROD0002,2024-01-01,1,10,18986.57,2661.29,Debit Card,Delivered,Bihar,Patna
ORD008757,CUST0040,PROD0002,2025-05-21,1,0,21096.19,4770.91,Debit Card,Returned,Maharashtra,Nagpur
ORD008758,CUST0336,PROD0014,2024-09-07,4,20,30178.46,-3188.34,Debit Card,Delivered,Maharashtra,Pune
ORD008759,CUST0067,PROD0017,2023-02-15,2,20,38799.26,2662.54,Net Banking,Delivered,Telangana,Hyderabad
ORD008760,CUST0040,PROD0026,2024-07-05,1,5,16947.04,825.97,Debit Card,Delivered,Maharashtra,Nagpur
ORD008761,CUST0371,PROD0015,2024-10-19,1,0,11317.12,2380.21,UPI,Delivered,Chandigarh,Chandigarh
ORD008762,CUST0109,PROD0008,2024-04-07,1,20,8605.74,-845.64,Net Banking,Delivered,West Bengal,Kolkata
ORD008763,CUST0304,PROD0017,2025-04-29,1,20,19399.63,1331.27,Net Banking,Delivered,Tamil Nadu,Coimbatore
ORD008764,CUST0372,PROD0012,2023-10-04,1,10,22663.28,2340.81,Net Banking,Delivered,Bihar,Patna
ORD008765,CUST0318,PROD0002,2023-06-03,1,0,21096.19,4770.91,Net Banking,Returned,Assam,Guwahati
ORD008766,CUST0233,PROD0029,2023-10-01,2,15,35247.34,23.22,UPI,Delivered,Maharashtra,Nagpur
ORD008767,CUST0045,PROD0034,2023-11-09,2,5,40973.92,3592.16,UPI,Delivered,Bihar,Patna
ORD008768,CUST0575,PROD0004,2023-04-14,1,10,11842.03,470.89,Net Banking,Delivered,Tamil Nadu,Chennai
ORD008769,CUST0239,PROD0002,2023-05-26,3,5,60124.14,11148.3,Cash on Delivery,Delivered,Kerala,Kochi
ORD008770,CUST0215,PROD0033,2025-02-27,1,5,16714.77,830.45,UPI,Cancelled,Tamil Nadu,Chennai
ORD008771,CUST0027,PROD0025,2023-07-07,2,0,51358.82,10383.0,Credit Card,Delivered,Telangana,Hyderabad
ORD008772,CUST0558,PROD0025,2024-04-03,1,5,24395.44,3907.53,Cash on Delivery,Delivered,Uttar Pradesh,Kanpur
ORD008773,CUST0041,PROD0022,2023-01-06,1,20,9585.82,301.93,Cash on Delivery,Returned,West Bengal,Kolkata
ORD008774,CUST0088,PROD0004,2024-12-31,1,15,11184.14,-187.0,UPI,Delivered,Uttar Pradesh,Kanpur
ORD008775,CUST0492,PROD0015,2025-01-30,1,10,10185.41,1248.5,Credit Card,Delivered,Bihar,Patna
ORD008776,CUST0165,PROD0024,2025-05-02,2,5,53999.42,11695.2,UPI,Delivered,Gujarat,Ahmedabad
ORD008777,CUST0020,PROD0016,2024-12-28,2,5,47030.45,9441.33,Cash on Delivery,Returned,Maharashtra,Nagpur
ORD008778,CUST0443,PROD0011,2023-02-11,4,0,13102.04,2903.52,Net Banking,Delivered,Gujarat,Ahmedabad
ORD008779,CUST0118,PROD0014,2023-06-22,1,10,8487.69,145.99,Debit Card,Cancelled,Maharashtra,Nagpur
ORD008780,CUST0060,PROD0010,2023-11-17,1,15,19878.72,-940.81,UPI,Returned,Telangana,Hyderabad
ORD008781,CUST0534,PROD0008,2024-10-05,5,15,45718.02,-1538.88,UPI,Delivered,Uttar Pradesh,Kanpur
ORD008782,CUST0163,PROD0016,2025-03-07,1,15,21039.94,2245.38,Credit Card,Delivered,Madhya Pradesh,Indore
ORD008783,CUST0004,PROD0027,2023-08-04,1,0,30380.21,7142.47,Cash on Delivery,Returned,Kerala,Kochi
ORD008784,CUST0581,PROD0025,2024-02-23,4,10,92445.88,10494.24,Cash on Delivery,Delivered,Madhya Pradesh,Indore
ORD008785,CUST0070,PROD0033,2024-10-22,2,10,31670.08,-98.56,UPI,Delivered,Gujarat,Ahmedabad
ORD008786,CUST0019,PROD0002,2025-05-08,1,0,21096.19,4770.91,Net Banking,Delivered,Kerala,Kochi
ORD008787,CUST0009,PROD0035,2023-04-06,2,20,20068.86,-1096.82,Cash on Delivery,Returned,Kerala,Kochi
ORD008788,CUST0500,PROD0018,2023-05-12,1,5,17006.95,1936.76,Cash on Delivery,Delivered,West Bengal,Kolkata
ORD008789,CUST0138,PROD0022,2024-11-28,1,0,11982.27,2698.38,Net Banking,Delivered,Uttar Pradesh,Lucknow
ORD008790,CUST0445,PROD0013,2025-06-10,2,0,36526.36,7079.04,Debit Card,Delivered,Madhya Pradesh,Indore
ORD008791,CUST0410,PROD0029,2024-06-14,1,10,18660.36,1048.3,Cash on Delivery,Delivered,Madhya Pradesh,Bhopal
ORD008792,CUST0259,PROD0026,2024-02-17,4,10,64220.36,-263.92,Unknown,Delivered,Uttar Pradesh,Lucknow
ORD008793,CUST0165,PROD0009,2023-12-12,1,5,24493.15,1406.97,Net Banking,Delivered,Gujarat,Ahmedabad
ORD008794,CUST0010,PROD0029,2024-10-20,2,5,39394.09,4169.97,Credit Card,Delivered,Bihar,Patna
ORD008795,CUST0136,PROD0034,2023-01-20,1,15,18330.44,-360.44,Cash on Delivery,Delivered,Karnataka,Bangalore
ORD008796,CUST0240,PROD0012,2024-05-09,1,10,22663.28,2340.81,Net Banking,Delivered,Telangana,Hyderabad
ORD008797,CUST0529,PROD0034,2024-10-15,2,0,43130.44,5748.68,Net Banking,Delivered,Maharashtra,Pune
ORD008798,CUST0269,PROD0022,2024-08-21,1,0,11982.27,2698.38,Cash on Delivery,Delivered,Maharashtra,Pune
ORD008799,CUST0328,PROD0017,2023-04-11,2,0,48499.08,12362.36,UPI,Delivered,Tamil Nadu,Coimbatore
ORD008800,CUST0420,PROD0032,2024-03-22,1,0,11479.01,1369.52,Net Banking,Cancelled,Maharashtra,Nagpur
ORD008801,CUST0278,PROD0025,2023-09-20,2,0,51358.82,10383.0,Net Banking,Returned,Bihar,Patna
ORD008802,CUST0225,PROD0023,2024-06-08,1,5,17828.96,3412.57,Net Banking,Returned,Tamil Nadu,Coimbatore
ORD008803,CUST0037,PROD0022,2024-02-02,1,0,11982.27,2698.38,Credit Card,Delivered,Uttar Pradesh,Lucknow
ORD008804,CUST0133,PROD0017,2023-03-03,1,0,24249.54,6181.18,Cash on Delivery,Delivered,Maharashtra,Pune
ORD008805,CUST0352,PROD0032,2023-09-05,2,15,19514.32,-704.66,Debit Card,Delivered,Tamil Nadu,Chennai
ORD008806,CUST0507,PROD0028,2025-06-12,1,0,7782.22,986.14,Cash on Delivery,Delivered,Delhi,Delhi
ORD008807,CUST0575,PROD0032,2023-12-03,1,5,10905.06,795.57,Cash on Delivery,Returned,Tamil Nadu,Chennai
ORD008808,CUST0599,PROD0005,2024-01-14,1,10,9361.43,788.98,Net Banking,Delivered,Bihar,Patna
ORD008809,CUST0042,PROD0024,2025-05-15,1,30,19894.52,-1257.59,Credit Card,Delivered,Assam,Guwahati
ORD008810,CUST0088,PROD0028,2025-05-04,2,0,15564.44,1972.28,Net Banking,Returned,Uttar Pradesh,Kanpur
ORD008811,CUST0335,PROD0008,2025-04-04,1,0,10757.18,1305.8,Credit Card,Delivered,Maharashtra,Mumbai
ORD008812,CUST0270,PROD0001,2023-04-24,2,0,46196.26,11017.82,Net Banking,Returned,Rajasthan,Jaipur
ORD008813,CUST0586,PROD0017,2023-06-02,1,15,20612.11,2543.75,UPI,Returned,Delhi,Delhi
ORD008814,CUST0158,PROD0001,2024-06-21,1,30,16168.69,-1420.53,Net Banking,Returned,Tamil Nadu,Coimbatore
ORD008815,CUST0131,PROD0033,2024-09-18,2,15,29910.63,-1858.01,UPI,Cancelled,Tamil Nadu,Chennai
ORD008816,CUST0483,PROD0025,2024-02-25,1,0,25679.41,5191.5,Debit Card,Delivered,Uttar Pradesh,Kanpur
ORD008817,CUST0183,PROD0005,2025-07-27,1,10,9361.43,788.98,Debit Card,Delivered,Uttar Pradesh,Lucknow
ORD008818,CUST0201,PROD0003,2023-12-18,1,20,16672.11,-1390.76,UPI,Delivered,Chandigarh,Chandigarh
ORD008819,CUST0406,PROD0001,2023-09-05,2,5,43886.45,8708.01,Cash on Delivery,Delivered,Tamil Nadu,Chennai
ORD008820,CUST0117,PROD0029,2023-03-04,1,30,14513.61,-3098.45,UPI,Delivered,Madhya Pradesh,Bhopal
ORD008821,CUST0091,PROD0029,2025-01-14,2,5,39394.09,4169.97,Credit Card,Returned,Uttar Pradesh,Lucknow
ORD008822,CUST0228,PROD0021,2023-06-24,1,10,3350.89,511.66,Net Banking,Delivered,Gujarat,Ahmedabad
ORD008823,CUST0243,PROD0019,2024-01-25,2,30,23427.87,-5594.69,Cash on Delivery,Delivered,Bihar,Patna
ORD008824,CUST0596,PROD0021,2024-06-11,1,0,3723.21,883.98,Net Banking,Delivered,Assam,Guwahati
ORD008825,CUST0456,PROD0027,2023-08-07,1,20,24304.17,1066.43,UPI,Delivered,Maharashtra,Pune
ORD008826,CUST0200,PROD0021,2023-05-19,3,5,10611.15,2093.46,UPI,Delivered,Uttar Pradesh,Lucknow
ORD008827,CUST0389,PROD0027,2023-05-06,1,15,25823.18,2585.44,Cash on Delivery,Delivered,Kerala,Kochi
ORD008828,CUST0566,PROD0033,2024-10-22,2,0,35188.98,3420.34,UPI,Delivered,Maharashtra,Pune
ORD008829,CUST0370,PROD0012,2023-01-11,2,0,50362.84,9717.9,Credit Card,Delivered,Tamil Nadu,Coimbatore
ORD008830,CUST0490,PROD0024,2023-02-26,3,15,72472.91,9016.58,Net Banking,Cancelled,Assam,Guwahati
ORD008831,CUST0414,PROD0016,2025-01-12,1,0,24752.87,5958.31,Cash on Delivery,Delivered,Uttar Pradesh,Lucknow
ORD008832,CUST0511,PROD0009,2023-04-17,1,20,20625.81,-2460.37,UPI,Delivered,Uttar Pradesh,Kanpur
ORD008833,CUST0382,PROD0006,2024-09-19,3,15,30052.69,-1409.33,Cash on Delivery,Cancelled,Tamil Nadu,Coimbatore
ORD008834,CUST0516,PROD0011,2024-07-05,3,10,8843.88,1194.99,Cash on Delivery,Cancelled,Uttar Pradesh,Kanpur
ORD008835,CUST0216,PROD0035,2023-01-09,2,0,25086.08,3920.4,Cash on Delivery,Delivered,Gujarat,Surat
ORD008836,CUST0226,PROD0024,2025-04-09,1,5,26999.71,5847.6,Credit Card,Delivered,Maharashtra,Pune
ORD008837,CUST0259,PROD0020,2023-05-10,1,15,16184.18,-285.72,Unknown,Returned,Uttar Pradesh,Lucknow
ORD008838,CUST0333,PROD0012,2025-05-17,1,0,25181.42,4858.95,UPI,Delivered,Maharashtra,Pune
ORD008839,CUST0560,PROD0022,2025-03-21,3,0,35946.81,8095.14,Net Banking,Delivered,Rajasthan,Jaipur
ORD008840,CUST0001,PROD0035,2025-01-24,1,0,12543.04,1960.2,Debit Card,Delivered,Telangana,Hyderabad
ORD008841,CUST0414,PROD0008,2023-06-27,3,20,25817.23,-2536.91,Net Banking,Delivered,Uttar Pradesh,Lucknow
ORD008842,CUST0156,PROD0006,2024-03-23,1,15,10017.56,-469.78,Debit Card,Delivered,Telangana,Hyderabad
ORD008843,CUST0292,PROD0034,2024-03-26,1,30,15095.65,-3595.23,Credit Card,Delivered,Telangana,Hyderabad
ORD008844,CUST0103,PROD0030,2023-04-04,5,15,40235.68,-2737.52,Debit Card,Delivered,Uttar Pradesh,Kanpur
ORD008845,CUST0230,PROD0005,2024-01-01,2,10,18722.86,1577.96,Credit Card,Returned,Tamil Nadu,Coimbatore
ORD008846,CUST0021,PROD0009,2024-08-19,1,0,25782.26,2696.08,UPI,Delivered,Gujarat,Surat
ORD008847,CUST0234,PROD0011,2024-05-25,1,20,2620.41,70.78,Credit Card,Delivered,Maharashtra,Pune
ORD008848,CUST0242,PROD0035,2025-01-27,2,0,25086.08,3920.4,Net Banking,Delivered,Kerala,Kochi
ORD008849,CUST0536,PROD0018,2023-05-18,4,20,57286.56,-2994.2,Debit Card,Cancelled,Uttar Pradesh,Kanpur
ORD008850,CUST0368,PROD0033,2023-04-30,3,0,52783.47,5130.51,UPI,Returned,Telangana,Hyderabad
ORD008851,CUST0257,PROD0012,2024-04-25,2,0,50362.84,9717.9,Credit Card,Delivered,Gujarat,Ahmedabad
ORD008852,CUST0525,PROD0025,2025-03-22,4,5,97581.76,15630.12,UPI,Delivered,Gujarat,Surat
ORD008853,CUST0203,PROD0029,2023-03-06,1,30,14513.61,-3098.45,UPI,Delivered,Delhi,Delhi
ORD008854,CUST0518,PROD0024,2024-04-28,1,0,28420.75,7268.64,Debit Card,Delivered,Uttar Pradesh,Lucknow
ORD008855,CUST0185,PROD0005,2025-07-19,2,10,18722.86,1577.96,Credit Card,Returned,Maharashtra,Pune
ORD008856,CUST0570,PROD0031,2024-06-17,1,0,27024.35,5258.26,UPI,Delivered,Maharashtra,Pune
ORD008857,CUST0583,PROD0033,2023-08-21,1,0,17594.49,1710.17,Cash on Delivery,Delivered,Uttar Pradesh,Kanpur
ORD008858,CUST0496,PROD0029,2024-12-10,1,10,18660.36,1048.3,Debit Card,Delivered,Bihar,Patna
ORD008859,CUST0535,PROD0018,2025-03-02,2,0,35804.1,5663.72,Debit Card,Returned,Rajasthan,Jaipur
ORD008860,CUST0337,PROD0032,2023-12-07,1,0,11479.01,1369.52,Credit Card,Returned,Maharashtra,Pune
ORD008861,CUST0195,PROD0005,2023-08-01,1,0,10401.59,1829.14,Credit Card,Delivered,Kerala,Kochi
ORD008862,CUST0366,PROD0013,2023-09-05,1,30,12784.23,-1939.43,UPI,Cancelled,Assam,Guwahati
ORD008863,CUST0441,PROD0020,2023-02-26,1,5,18088.2,1618.3,Cash on Delivery,Delivered,Gujarat,Ahmedabad
ORD008864,CUST0536,PROD0014,2024-02-11,1,10,8487.69,145.99,Debit Card,Delivered,Uttar Pradesh,Kanpur
ORD008865,CUST0147,PROD0018,2025-03-31,2,5,34013.89,3873.51,UPI,Cancelled,Gujarat,Ahmedabad
ORD008866,CUST0022,PROD0034,2025-01-05,2,0,43130.44,5748.68,Cash on Delivery,Delivered,Tamil Nadu,Coimbatore
ORD008867,CUST0162,PROD0005,2023-01-27,1,0,10401.59,1829.14,Unknown,Cancelled,Delhi,Delhi
ORD008868,CUST0427,PROD0022,2024-09-24,2,0,23964.54,5396.76,Credit Card,Delivered,Kerala,Kochi
ORD008869,CUST0411,PROD0032,2025-05-26,2,20,18366.42,-1852.56,Cash on Delivery,Delivered,Madhya Pradesh,Bhopal
ORD008870,CUST0320,PROD0011,2024-01-04,1,0,3275.51,725.88,UPI,Delivered,Karnataka,Bangalore
ORD008871,CUST0250,PROD0003,2024-07-25,1,5,19798.13,1735.26,Net Banking,Delivered,Chandigarh,Chandigarh
ORD008872,CUST0269,PROD0005,2025-03-27,4,5,39526.04,5236.24,UPI,Cancelled,Maharashtra,Pune
ORD008873,CUST0022,PROD0019,2024-12-06,1,0,16734.19,2222.91,Credit Card,Delivered,Tamil Nadu,Coimbatore
ORD008874,CUST0314,PROD0027,2023-04-30,1,0,30380.21,7142.47,UPI,Delivered,Chandigarh,Chandigarh
ORD008875,CUST0313,PROD0003,2024-08-02,1,0,20840.14,2777.27,Credit Card,Delivered,Madhya Pradesh,Indore
ORD008876,CUST0390,PROD0018,2025-01-14,1,20,14321.64,-748.55,Debit Card,Returned,Gujarat,Ahmedabad
ORD008877,CUST0205,PROD0031,2025-04-17,2,5,51346.26,7814.08,Cash on Delivery,Cancelled,Kerala,Kochi
ORD008878,CUST0538,PROD0021,2024-08-31,5,0,18616.05,4419.9,Cash on Delivery,Delivered,Tamil Nadu,Coimbatore
ORD008879,CUST0282,PROD0023,2024-12-12,1,0,18767.33,4350.94,Credit Card,Cancelled,Maharashtra,Nagpur
ORD008880,CUST0584,PROD0001,2023-05-29,1,20,18478.5,889.28,UPI,Cancelled,Telangana,Hyderabad
ORD008881,CUST0141,PROD0006,2024-07-18,1,0,11785.37,1298.03,Debit Card,Returned,Maharashtra,Nagpur
ORD008882,CUST0049,PROD0005,2023-09-28,4,30,29124.45,-5165.35,Unknown,Delivered,Assam,Guwahati
ORD008883,CUST0460,PROD0024,2024-12-29,4,10,102314.7,17706.26,UPI,Cancelled,Gujarat,Ahmedabad
ORD008884,CUST0058,PROD0014,2024-02-12,5,30,33007.7,-8700.8,Credit Card,Delivered,Kerala,Kochi
ORD008885,CUST0517,PROD0016,2023-01-30,2,5,47030.45,9441.33,UPI,Delivered,Karnataka,Bangalore
ORD008886,CUST0492,PROD0023,2023-03-04,1,0,18767.33,4350.94,Credit Card,Delivered,Bihar,Patna
ORD008887,CUST0005,PROD0021,2023-03-21,1,0,3723.21,883.98,Credit Card,Cancelled,Madhya Pradesh,Indore
ORD008888,CUST0101,PROD0033,2025-04-19,3,0,52783.47,5130.51,Cash on Delivery,Delivered,Madhya Pradesh,Indore
ORD008889,CUST0263,PROD0030,2023-05-18,1,10,8520.5,-74.14,Credit Card,Delivered,Maharashtra,Mumbai
ORD008890,CUST0152,PROD0025,2024-08-27,1,10,23111.47,2623.56,Debit Card,Returned,Chandigarh,Chandigarh
ORD008891,CUST0045,PROD0028,2023-12-15,1,20,6225.78,-570.3,UPI,Delivered,Bihar,Patna
ORD008892,CUST0521,PROD0019,2024-01-06,2,30,23427.87,-5594.69,UPI,Delivered,Uttar Pradesh,Kanpur
ORD008893,CUST0445,PROD0001,2024-03-13,5,0,115490.65,27544.55,Credit Card,Delivered,Madhya Pradesh,Indore
ORD008894,CUST0543,PROD0018,2025-01-30,1,5,17006.95,1936.76,Net Banking,Delivered,Gujarat,Surat
ORD008895,CUST0329,PROD0006,2025-05-13,1,0,11785.37,1298.03,Cash on Delivery,Delivered,Rajasthan,Jaipur
ORD008896,CUST0495,PROD0033,2023-10-13,4,0,70377.96,6840.68,Cash on Delivery,Returned,Kerala,Kochi
ORD008897,CUST0568,PROD0032,2024-05-19,2,5,21810.12,1591.14,Net Banking,Returned,Kerala,Kochi
ORD008898,CUST0575,PROD0019,2023-11-05,2,20,26774.7,-2247.86,UPI,Delivered,Tamil Nadu,Chennai
ORD008899,CUST0326,PROD0026,2023-10-18,5,10,80275.46,-329.89,Net Banking,Delivered,Uttar Pradesh,Kanpur
ORD008900,CUST0150,PROD0007,2025-06-12,3,0,40856.76,8591.49,Debit Card,Delivered,Bihar,Patna
ORD008901,CUST0045,PROD0034,2024-04-26,1,0,21565.22,2874.34,UPI,Returned,Bihar,Patna
ORD008902,CUST0440,PROD0001,2023-12-30,1,15,19633.41,2044.19,UPI,Returned,Maharashtra,Pune
ORD008903,CUST0161,PROD0012,2025-03-31,3,0,75544.26,14576.85,UPI,Delivered,Rajasthan,Jaipur
ORD008904,CUST0264,PROD0020,2024-10-10,2,15,32368.36,-571.44,Net Banking,Cancelled,Assam,Guwahati
ORD008905,CUST0519,PROD0028,2024-10-16,5,0,38911.1,4930.7,Credit Card,Delivered,Tamil Nadu,Chennai
ORD008906,CUST0365,PROD0033,2025-05-19,1,0,17594.49,1710.17,Debit Card,Delivered,Delhi,Delhi
ORD008907,CUST0098,PROD0028,2024-07-24,3,5,22179.33,1791.09,Cash on Delivery,Returned,West Bengal,Kolkata
ORD008908,CUST0004,PROD0033,2024-09-14,2,0,35188.98,3420.34,Net Banking,Delivered,Kerala,Kochi
ORD008909,CUST0041,PROD0016,2024-06-24,5,5,117576.13,23603.33,Credit Card,Returned,West Bengal,Kolkata
ORD008910,CUST0533,PROD0009,2024-03-18,2,0,51564.52,5392.16,Credit Card,Delivered,Kerala,Kochi
ORD008911,CUST0363,PROD0029,2023-03-27,2,0,41467.46,6243.34,Credit Card,Cancelled,Karnataka,Bangalore
ORD008912,CUST0389,PROD0002,2024-04-06,2,5,40082.76,7432.2,Net Banking,Delivered,Kerala,Kochi
ORD008913,CUST0500,PROD0035,2023-11-19,2,30,17560.26,-3605.42,Credit Card,Returned,West Bengal,Kolkata
ORD008914,CUST0166,PROD0021,2024-05-02,2,5,7074.1,1395.64,Net Banking,Returned,Rajasthan,Jaipur
ORD008915,CUST0268,PROD0013,2024-08-17,1,5,17350.02,2626.36,UPI,Returned,Kerala,Kochi
ORD008916,CUST0084,PROD0020,2023-08-26,1,10,17136.19,666.29,Debit Card,Delivered,Madhya Pradesh,Indore
ORD008917,CUST0040,PROD0006,2023-09-10,4,5,44784.41,2835.05,Credit Card,Returned,Maharashtra,Nagpur
ORD008918,CUST0273,PROD0035,2023-09-13,1,10,11288.74,705.9,Cash on Delivery,Delivered,Bihar,Patna
ORD008919,CUST0276,PROD0008,2023-09-30,1,15,9143.6,-307.78,Net Banking,Returned,Maharashtra,Mumbai
ORD008920,CUST0557,PROD0002,2024-04-28,2,5,40082.76,7432.2,UPI,Returned,Uttar Pradesh,Kanpur
ORD008921,CUST0379,PROD0033,2023-10-22,2,0,35188.98,3420.34,Net Banking,Delivered,Tamil Nadu,Chennai
ORD008922,CUST0017,PROD0005,2025-05-03,2,0,20803.18,3658.28,UPI,Delivered,Uttar Pradesh,Kanpur
ORD008923,CUST0304,PROD0025,2025-05-04,1,0,25679.41,5191.5,Cash on Delivery,Returned,Tamil Nadu,Coimbatore
ORD008924,CUST0365,PROD0024,2024-06-17,2,15,48315.28,6011.06,Cash on Delivery,Delivered,Delhi,Delhi
ORD008925,CUST0237,PROD0025,2023-11-25,1,5,24395.44,3907.53,Net Banking,Cancelled,Maharashtra,Pune
ORD008926,CUST0325,PROD0017,2023-10-16,1,0,24249.54,6181.18,Cash on Delivery,Delivered,Tamil Nadu,Chennai
ORD008927,CUST0129,PROD0019,2025-02-16,1,30,11713.93,-2797.35,UPI,Delivered,Chandigarh,Chandigarh
ORD008928,CUST0185,PROD0006,2024-05-02,1,20,9428.3,-1059.04,Cash on Delivery,Delivered,Maharashtra,Pune
ORD008929,CUST0142,PROD0035,2024-01-23,1,10,11288.74,705.9,Cash on Delivery,Delivered,Gujarat,Surat
ORD008930,CUST0191,PROD0003,2023-09-06,1,0,20840.14,2777.27,Credit Card,Returned,West Bengal,Kolkata
ORD008931,CUST0568,PROD0007,2024-02-04,1,0,13618.92,2863.83,Debit Card,Delivered,Kerala,Kochi
ORD008932,CUST0193,PROD0013,2024-09-12,1,15,15523.7,800.04,UPI,Delivered,Rajasthan,Jaipur
ORD008933,CUST0557,PROD0012,2024-12-24,2,10,45326.56,4681.62,Debit Card,Delivered,Uttar Pradesh,Kanpur
ORD008934,CUST0585,PROD0035,2025-04-18,1,5,11915.89,1333.05,Debit Card,Returned,Maharashtra,Pune
ORD008935,CUST0314,PROD0035,2023-05-12,1,10,11288.74,705.9,UPI,Delivered,Chandigarh,Chandigarh
ORD008936,CUST0030,PROD0022,2024-12-26,2,5,22766.31,4198.53,UPI,Delivered,Uttar Pradesh,Kanpur
ORD008937,CUST0056,PROD0015,2023-10-05,2,30,15843.97,-2029.85,Credit Card,Delivered,Maharashtra,Nagpur
ORD008938,CUST0332,PROD0009,2024-10-09,1,0,25782.26,2696.08,UPI,Cancelled,Madhya Pradesh,Indore
ORD008939,CUST0095,PROD0020,2023-12-07,4,0,76160.84,10281.24,Debit Card,Delivered,Delhi,Delhi
ORD008940,CUST0256,PROD0015,2024-05-26,1,0,11317.12,2380.21,Credit Card,Delivered,Maharashtra,Pune
ORD008941,CUST0466,PROD0011,2023-10-30,1,0,3275.51,725.88,Net Banking,Returned,Gujarat,Ahmedabad
ORD008942,CUST0118,PROD0011,2025-01-21,3,15,8352.55,703.66,UPI,Delivered,Maharashtra,Nagpur
ORD008943,CUST0257,PROD0028,2024-07-02,5,0,38911.1,4930.7,Credit Card,Returned,Gujarat,Ahmedabad
ORD008944,CUST0270,PROD0004,2023-06-13,1,15,11184.14,-187.0,Credit Card,Delivered,Rajasthan,Jaipur
ORD008945,CUST0018,PROD0006,2024-11-13,1,5,11196.1,708.76,Cash on Delivery,Cancelled,Delhi,Delhi
ORD008946,CUST0229,PROD0033,2025-04-05,2,5,33429.53,1660.89,Debit Card,Delivered,Maharashtra,Pune
ORD008947,CUST0541,PROD0017,2024-08-24,4,0,96998.16,24724.72,Debit Card,Delivered,Karnataka,Bangalore
ORD008948,CUST0283,PROD0020,2023-07-13,3,30,39984.44,-9425.26,UPI,Delivered,Madhya Pradesh,Indore
ORD008949,CUST0016,PROD0030,2025-01-14,4,5,35975.44,1596.88,Cash on Delivery,Delivered,Maharashtra,Nagpur
ORD008950,CUST0453,PROD0020,2025-02-21,1,15,16184.18,-285.72,Credit Card,Delivered,Kerala,Kochi
ORD008951,CUST0221,PROD0031,2023-06-22,1,0,27024.35,5258.26,Credit Card,Delivered,Bihar,Patna
ORD008952,CUST0109,PROD0020,2024-09-01,5,0,95201.05,12851.55,Cash on Delivery,Delivered,West Bengal,Kolkata
ORD008953,CUST0090,PROD0019,2024-04-13,1,0,16734.19,2222.91,Unknown,Delivered,Maharashtra,Pune
ORD008954,CUST0366,PROD0003,2023-08-20,3,10,56268.38,2079.77,Cash on Delivery,Delivered,Assam,Guwahati
ORD008955,CUST0192,PROD0005,2024-04-01,3,10,28084.29,2366.94,UPI,Delivered,Rajasthan,Jaipur
ORD008956,CUST0476,PROD0028,2023-09-13,1,20,6225.78,-570.3,Cash on Delivery,Delivered,Gujarat,Surat
ORD008957,CUST0421,PROD0032,2024-06-19,3,0,34437.03,4108.56,Debit Card,Delivered,Maharashtra,Mumbai
ORD008958,CUST0164,PROD0023,2024-05-21,1,0,18767.33,4350.94,UPI,Delivered,Delhi,Delhi
ORD008959,CUST0304,PROD0005,2023-05-18,4,0,41606.36,7316.56,Credit Card,Cancelled,Tamil Nadu,Coimbatore
ORD008960,CUST0005,PROD0014,2024-07-24,1,10,8487.69,145.99,Cash on Delivery,Delivered,Madhya Pradesh,Indore
ORD008961,CUST0506,PROD0024,2023-08-26,1,0,28420.75,7268.64,Debit Card,Cancelled,Assam,Guwahati
ORD008962,CUST0109,PROD0018,2025-06-29,5,0,89510.25,14159.3,Cash on Delivery,Returned,West Bengal,Kolkata
ORD008963,CUST0040,PROD0031,2025-02-04,1,5,25673.13,3907.04,Credit Card,Returned,Maharashtra,Nagpur
ORD008964,CUST0259,PROD0020,2025-07-15,1,0,19040.21,2570.31,Cash on Delivery,Cancelled,Uttar Pradesh,Lucknow
ORD008965,CUST0005,PROD0032,2023-01-04,2,20,18366.42,-1852.56,Credit Card,Delivered,Madhya Pradesh,Indore
ORD008966,CUST0030,PROD0016,2023-06-27,2,30,34654.02,-2935.1,Credit Card,Delivered,Uttar Pradesh,Kanpur
ORD008967,CUST0133,PROD0035,2025-05-29,2,10,22577.47,1411.79,Credit Card,Delivered,Maharashtra,Pune
ORD008968,CUST0396,PROD0008,2025-05-23,2,0,21514.36,2611.6,UPI,Delivered,Gujarat,Surat
ORD008969,CUST0282,PROD0011,2024-03-04,1,0,3275.51,725.88,UPI,Delivered,Maharashtra,Nagpur
ORD008970,CUST0018,PROD0016,2025-07-22,1,0,24752.87,5958.31,UPI,Delivered,Delhi,Delhi
ORD008971,CUST0527,PROD0030,2024-07-03,2,0,18934.44,1745.16,Credit Card,Delivered,Bihar,Patna
ORD008972,CUST0588,PROD0006,2023-09-19,1,0,11785.37,1298.03,Net Banking,Returned,Maharashtra,Mumbai
ORD008973,CUST0116,PROD0023,2024-06-18,2,0,37534.66,8701.88,Net Banking,Returned,Maharashtra,Pune
ORD008974,CUST0254,PROD0029,2023-07-07,2,30,29027.22,-6196.9,Credit Card,Returned,Uttar Pradesh,Lucknow
ORD008975,CUST0514,PROD0017,2023-02-18,2,5,46074.13,9937.41,Net Banking,Delivered,Delhi,Delhi
ORD008976,CUST0453,PROD0010,2024-02-07,2,30,32741.42,-8897.64,Credit Card,Delivered,Kerala,Kochi
ORD008977,CUST0429,PROD0027,2025-07-13,2,5,57722.4,11246.92,Cash on Delivery,Delivered,Madhya Pradesh,Bhopal
ORD008978,CUST0552,PROD0031,2024-07-14,3,5,77019.4,11721.13,Cash on Delivery,Cancelled,Telangana,Hyderabad
ORD008979,CUST0108,PROD0021,2024-03-24,2,10,6701.78,1023.32,Net Banking,Delivered,Telangana,Hyderabad
ORD008980,CUST0586,PROD0015,2023-12-31,1,10,10185.41,1248.5,UPI,Delivered,Delhi,Delhi
ORD008981,CUST0259,PROD0015,2023-04-23,1,5,10751.26,1814.35,UPI,Returned,Uttar Pradesh,Lucknow
ORD008982,CUST0045,PROD0011,2023-06-20,1,0,3275.51,725.88,UPI,Cancelled,Bihar,Patna
ORD008983,CUST0542,PROD0010,2023-12-07,1,5,22217.39,1397.86,Net Banking,Cancelled,Bihar,Patna
ORD008984,CUST0414,PROD0031,2025-01-24,2,15,45941.4,2409.22,Debit Card,Delivered,Uttar Pradesh,Lucknow
ORD008985,CUST0223,PROD0017,2023-02-21,1,0,24249.54,6181.18,Debit Card,Delivered,Tamil Nadu,Chennai
ORD008986,CUST0014,PROD0033,2025-03-09,1,0,17594.49,1710.17,Cash on Delivery,Delivered,West Bengal,Kolkata
ORD008987,CUST0522,PROD0018,2023-09-19,1,5,17006.95,1936.76,Net Banking,Delivered,Rajasthan,Jaipur
ORD008988,CUST0175,PROD0022,2024-05-31,3,0,35946.81,8095.14,Cash on Delivery,Delivered,West Bengal,Kolkata
ORD008989,CUST0439,PROD0031,2023-09-10,2,10,48643.83,5111.65,Cash on Delivery,Delivered,Madhya Pradesh,Bhopal
ORD008990,CUST0365,PROD0019,2025-01-08,2,15,28448.12,-574.44,UPI,Returned,Delhi,Delhi
ORD008991,CUST0408,PROD0020,2025-05-22,1,10,17136.19,666.29,Debit Card,Delivered,Tamil Nadu,Chennai
ORD008992,CUST0482,PROD0032,2024-10-08,3,15,29271.48,-1056.99,Debit Card,Cancelled,Delhi,Delhi
ORD008993,CUST0555,PROD0033,2023-07-13,2,20,28151.18,-3617.46,Cash on Delivery,Delivered,Uttar Pradesh,Kanpur
ORD008994,CUST0027,PROD0005,2025-04-19,2,0,20803.18,3658.28,Credit Card,Delivered,Telangana,Hyderabad
ORD008995,CUST0581,PROD0007,2024-06-17,1,20,10895.14,140.05,Cash on Delivery,Delivered,Madhya Pradesh,Indore
ORD008996,CUST0083,PROD0018,2023-01-10,1,0,17902.05,2831.86,Net Banking,Delivered,Chandigarh,Chandigarh
ORD008997,CUST0281,PROD0005,2023-11-15,1,5,9881.51,1309.06,UPI,Delivered,Uttar Pradesh,Lucknow
ORD008998,CUST0014,PROD0015,2024-08-11,4,0,45268.48,9520.84,Net Banking,Delivered,West Bengal,Kolkata
ORD008999,CUST0180,PROD0005,2023-09-19,3,0,31204.77,5487.42,Net Banking,Delivered,Maharashtra,Pune
ORD009000,CUST0361,PROD0032,2024-02-09,5,0,57395.05,6847.6,Credit Card,Delivered,Delhi,Delhi
ORD008479,CUST0580,PROD0026,2024-05-20,3,20,42813.58,-5549.63,Net Banking,Delivered,Delhi,Delhi
ORD001454,CUST0276,PROD0003,2024-10-15,2,30,29176.2,-6949.54,Cash on Delivery,Delivered,Maharashtra,Mumbai
